combo_id,tf,retained,rank_in_combo,regulon_fdr_threshold,expr_abs_log2fc_threshold,positive_fraction_threshold,rule,regulon_effect_group,expr_higher_group,regulon_fdr,expr_wilcoxon_fdr,log2fc_lesion_vs_internal_control,positive_fraction_in_higher_group,support_sort_score
1,SATB2,True,2.0,0.01,0.0,0.0,regulon_significant_plus_direction,internal_control,internal_control,5.548087738525609e-99,2.342053487924074e-31,-0.7058935339628609,0.4107391910739191,34.818760412936605
1,THRB,True,1.0,0.01,0.0,0.0,regulon_significant_plus_direction,internal_control,internal_control,4.053395110306913e-114,7.47524063251269e-21,-0.3614128972332711,0.6415620641562064,40.04207029812129
1,RARB,True,3.0,0.01,0.0,0.0,regulon_significant_plus_direction,internal_control,internal_control,1.9668787753604963e-81,9.597953836114382e-12,-0.6325145174570053,0.2315202231520223,28.614861967885023
1,BHLHE40,True,6.0,0.01,0.0,0.0,regulon_significant_plus_direction,lesion,lesion,1.2760362542900071e-34,1.529949104785675e-07,1.1363433892502643,0.1587837837837837,12.392424888240859
1,NFE2L2,True,8.0,0.01,0.0,0.0,regulon_significant_plus_direction,lesion,lesion,1.6378667723003972e-19,4.488026735548041e-06,0.6845241377063578,0.3626126126126126,6.987108470383587
1,SOX2,True,4.0,0.01,0.0,0.0,regulon_significant_plus_direction,lesion,lesion,9.389270902003821e-66,6.358243030105812e-06,0.6693425125580267,0.2522522522522522,23.14429917547441
1,HMGA1,True,9.0,0.01,0.0,0.0,regulon_significant_plus_direction,lesion,lesion,1.6881760814233672e-19,0.0020079019324663,0.7445295603179917,0.072072072072072,6.94540355055798
1,TCF4,False,,0.01,0.0,0.0,regulon_significant_plus_direction,internal_control,lesion,2.5162199249417195e-49,0.0564812833706176,0.115325938290752,0.7612612612612613,17.20235432169234
1,NR2F2,False,,0.01,0.0,0.0,regulon_significant_plus_direction,internal_control,lesion,2.7260446537151666e-49,0.6962069302383829,0.3910689545084058,0.0349099099099099,17.141419578143193
1,CEBPD,True,5.0,0.01,0.0,0.0,regulon_significant_plus_direction,lesion,lesion,1.0129790988328588e-48,0.9247351769699248,0.0211323518984938,0.0427927927927927,16.91399471214932
1,ATF7,True,7.0,0.01,0.0,0.0,regulon_significant_plus_direction,lesion,lesion,7.059258557174854e-21,0.957350567735444,0.0723226656345507,0.2871621621621621,7.235679684271952
2,SATB2,True,2.0,0.01,0.0,0.0,regulon_significant_plus_expression_significant,internal_control,internal_control,5.548087738525609e-99,2.342053487924074e-31,-0.7058935339628609,0.4107391910739191,34.818760412936605
2,THRB,True,1.0,0.01,0.0,0.0,regulon_significant_plus_expression_significant,internal_control,internal_control,4.053395110306913e-114,7.47524063251269e-21,-0.3614128972332711,0.6415620641562064,40.04207029812129
2,RARB,True,3.0,0.01,0.0,0.0,regulon_significant_plus_expression_significant,internal_control,internal_control,1.9668787753604963e-81,9.597953836114382e-12,-0.6325145174570053,0.2315202231520223,28.614861967885023
2,BHLHE40,True,5.0,0.01,0.0,0.0,regulon_significant_plus_expression_significant,lesion,lesion,1.2760362542900071e-34,1.529949104785675e-07,1.1363433892502643,0.1587837837837837,12.392424888240859
2,NFE2L2,True,6.0,0.01,0.0,0.0,regulon_significant_plus_expression_significant,lesion,lesion,1.6378667723003972e-19,4.488026735548041e-06,0.6845241377063578,0.3626126126126126,6.987108470383587
2,SOX2,True,4.0,0.01,0.0,0.0,regulon_significant_plus_expression_significant,lesion,lesion,9.389270902003821e-66,6.358243030105812e-06,0.6693425125580267,0.2522522522522522,23.14429917547441
2,HMGA1,True,7.0,0.01,0.0,0.0,regulon_significant_plus_expression_significant,lesion,lesion,1.6881760814233672e-19,0.0020079019324663,0.7445295603179917,0.072072072072072,6.94540355055798
2,TCF4,False,,0.01,0.0,0.0,regulon_significant_plus_expression_significant,internal_control,lesion,2.5162199249417195e-49,0.0564812833706176,0.115325938290752,0.7612612612612613,17.20235432169234
2,NR2F2,False,,0.01,0.0,0.0,regulon_significant_plus_expression_significant,internal_control,lesion,2.7260446537151666e-49,0.6962069302383829,0.3910689545084058,0.0349099099099099,17.141419578143193
2,CEBPD,False,,0.01,0.0,0.0,regulon_significant_plus_expression_significant,lesion,lesion,1.0129790988328588e-48,0.9247351769699248,0.0211323518984938,0.0427927927927927,16.91399471214932
2,ATF7,False,,0.01,0.0,0.0,regulon_significant_plus_expression_significant,lesion,lesion,7.059258557174854e-21,0.957350567735444,0.0723226656345507,0.2871621621621621,7.235679684271952
3,SATB2,True,2.0,0.01,0.0,0.0,regulon_significant_plus_expression_significant_plus_direction,internal_control,internal_control,5.548087738525609e-99,2.342053487924074e-31,-0.7058935339628609,0.4107391910739191,34.818760412936605
3,THRB,True,1.0,0.01,0.0,0.0,regulon_significant_plus_expression_significant_plus_direction,internal_control,internal_control,4.053395110306913e-114,7.47524063251269e-21,-0.3614128972332711,0.6415620641562064,40.04207029812129
3,RARB,True,3.0,0.01,0.0,0.0,regulon_significant_plus_expression_significant_plus_direction,internal_control,internal_control,1.9668787753604963e-81,9.597953836114382e-12,-0.6325145174570053,0.2315202231520223,28.614861967885023
3,BHLHE40,True,5.0,0.01,0.0,0.0,regulon_significant_plus_expression_significant_plus_direction,lesion,lesion,1.2760362542900071e-34,1.529949104785675e-07,1.1363433892502643,0.1587837837837837,12.392424888240859
3,NFE2L2,True,6.0,0.01,0.0,0.0,regulon_significant_plus_expression_significant_plus_direction,lesion,lesion,1.6378667723003972e-19,4.488026735548041e-06,0.6845241377063578,0.3626126126126126,6.987108470383587
3,SOX2,True,4.0,0.01,0.0,0.0,regulon_significant_plus_expression_significant_plus_direction,lesion,lesion,9.389270902003821e-66,6.358243030105812e-06,0.6693425125580267,0.2522522522522522,23.14429917547441
3,HMGA1,True,7.0,0.01,0.0,0.0,regulon_significant_plus_expression_significant_plus_direction,lesion,lesion,1.6881760814233672e-19,0.0020079019324663,0.7445295603179917,0.072072072072072,6.94540355055798
3,TCF4,False,,0.01,0.0,0.0,regulon_significant_plus_expression_significant_plus_direction,internal_control,lesion,2.5162199249417195e-49,0.0564812833706176,0.115325938290752,0.7612612612612613,17.20235432169234
3,NR2F2,False,,0.01,0.0,0.0,regulon_significant_plus_expression_significant_plus_direction,internal_control,lesion,2.7260446537151666e-49,0.6962069302383829,0.3910689545084058,0.0349099099099099,17.141419578143193
3,CEBPD,False,,0.01,0.0,0.0,regulon_significant_plus_expression_significant_plus_direction,lesion,lesion,1.0129790988328588e-48,0.9247351769699248,0.0211323518984938,0.0427927927927927,16.91399471214932
3,ATF7,False,,0.01,0.0,0.0,regulon_significant_plus_expression_significant_plus_direction,lesion,lesion,7.059258557174854e-21,0.957350567735444,0.0723226656345507,0.2871621621621621,7.235679684271952
4,SATB2,True,2.0,0.01,0.0,0.05,regulon_significant_plus_direction,internal_control,internal_control,5.548087738525609e-99,2.342053487924074e-31,-0.7058935339628609,0.4107391910739191,34.818760412936605
4,THRB,True,1.0,0.01,0.0,0.05,regulon_significant_plus_direction,internal_control,internal_control,4.053395110306913e-114,7.47524063251269e-21,-0.3614128972332711,0.6415620641562064,40.04207029812129
4,RARB,True,3.0,0.01,0.0,0.05,regulon_significant_plus_direction,internal_control,internal_control,1.9668787753604963e-81,9.597953836114382e-12,-0.6325145174570053,0.2315202231520223,28.614861967885023
4,BHLHE40,True,5.0,0.01,0.0,0.05,regulon_significant_plus_direction,lesion,lesion,1.2760362542900071e-34,1.529949104785675e-07,1.1363433892502643,0.1587837837837837,12.392424888240859
4,NFE2L2,True,7.0,0.01,0.0,0.05,regulon_significant_plus_direction,lesion,lesion,1.6378667723003972e-19,4.488026735548041e-06,0.6845241377063578,0.3626126126126126,6.987108470383587
4,SOX2,True,4.0,0.01,0.0,0.05,regulon_significant_plus_direction,lesion,lesion,9.389270902003821e-66,6.358243030105812e-06,0.6693425125580267,0.2522522522522522,23.14429917547441
4,HMGA1,True,8.0,0.01,0.0,0.05,regulon_significant_plus_direction,lesion,lesion,1.6881760814233672e-19,0.0020079019324663,0.7445295603179917,0.072072072072072,6.94540355055798
4,TCF4,False,,0.01,0.0,0.05,regulon_significant_plus_direction,internal_control,lesion,2.5162199249417195e-49,0.0564812833706176,0.115325938290752,0.7612612612612613,17.20235432169234
4,NR2F2,False,,0.01,0.0,0.05,regulon_significant_plus_direction,internal_control,lesion,2.7260446537151666e-49,0.6962069302383829,0.3910689545084058,0.0349099099099099,17.141419578143193
4,CEBPD,False,,0.01,0.0,0.05,regulon_significant_plus_direction,lesion,lesion,1.0129790988328588e-48,0.9247351769699248,0.0211323518984938,0.0427927927927927,16.91399471214932
4,ATF7,True,6.0,0.01,0.0,0.05,regulon_significant_plus_direction,lesion,lesion,7.059258557174854e-21,0.957350567735444,0.0723226656345507,0.2871621621621621,7.235679684271952
5,SATB2,True,2.0,0.01,0.0,0.05,regulon_significant_plus_expression_significant,internal_control,internal_control,5.548087738525609e-99,2.342053487924074e-31,-0.7058935339628609,0.4107391910739191,34.818760412936605
5,THRB,True,1.0,0.01,0.0,0.05,regulon_significant_plus_expression_significant,internal_control,internal_control,4.053395110306913e-114,7.47524063251269e-21,-0.3614128972332711,0.6415620641562064,40.04207029812129
5,RARB,True,3.0,0.01,0.0,0.05,regulon_significant_plus_expression_significant,internal_control,internal_control,1.9668787753604963e-81,9.597953836114382e-12,-0.6325145174570053,0.2315202231520223,28.614861967885023
5,BHLHE40,True,5.0,0.01,0.0,0.05,regulon_significant_plus_expression_significant,lesion,lesion,1.2760362542900071e-34,1.529949104785675e-07,1.1363433892502643,0.1587837837837837,12.392424888240859
5,NFE2L2,True,6.0,0.01,0.0,0.05,regulon_significant_plus_expression_significant,lesion,lesion,1.6378667723003972e-19,4.488026735548041e-06,0.6845241377063578,0.3626126126126126,6.987108470383587
5,SOX2,True,4.0,0.01,0.0,0.05,regulon_significant_plus_expression_significant,lesion,lesion,9.389270902003821e-66,6.358243030105812e-06,0.6693425125580267,0.2522522522522522,23.14429917547441
5,HMGA1,True,7.0,0.01,0.0,0.05,regulon_significant_plus_expression_significant,lesion,lesion,1.6881760814233672e-19,0.0020079019324663,0.7445295603179917,0.072072072072072,6.94540355055798
5,TCF4,False,,0.01,0.0,0.05,regulon_significant_plus_expression_significant,internal_control,lesion,2.5162199249417195e-49,0.0564812833706176,0.115325938290752,0.7612612612612613,17.20235432169234
5,NR2F2,False,,0.01,0.0,0.05,regulon_significant_plus_expression_significant,internal_control,lesion,2.7260446537151666e-49,0.6962069302383829,0.3910689545084058,0.0349099099099099,17.141419578143193
5,CEBPD,False,,0.01,0.0,0.05,regulon_significant_plus_expression_significant,lesion,lesion,1.0129790988328588e-48,0.9247351769699248,0.0211323518984938,0.0427927927927927,16.91399471214932
5,ATF7,False,,0.01,0.0,0.05,regulon_significant_plus_expression_significant,lesion,lesion,7.059258557174854e-21,0.957350567735444,0.0723226656345507,0.2871621621621621,7.235679684271952
6,SATB2,True,2.0,0.01,0.0,0.05,regulon_significant_plus_expression_significant_plus_direction,internal_control,internal_control,5.548087738525609e-99,2.342053487924074e-31,-0.7058935339628609,0.4107391910739191,34.818760412936605
6,THRB,True,1.0,0.01,0.0,0.05,regulon_significant_plus_expression_significant_plus_direction,internal_control,internal_control,4.053395110306913e-114,7.47524063251269e-21,-0.3614128972332711,0.6415620641562064,40.04207029812129
6,RARB,True,3.0,0.01,0.0,0.05,regulon_significant_plus_expression_significant_plus_direction,internal_control,internal_control,1.9668787753604963e-81,9.597953836114382e-12,-0.6325145174570053,0.2315202231520223,28.614861967885023
6,BHLHE40,True,5.0,0.01,0.0,0.05,regulon_significant_plus_expression_significant_plus_direction,lesion,lesion,1.2760362542900071e-34,1.529949104785675e-07,1.1363433892502643,0.1587837837837837,12.392424888240859
6,NFE2L2,True,6.0,0.01,0.0,0.05,regulon_significant_plus_expression_significant_plus_direction,lesion,lesion,1.6378667723003972e-19,4.488026735548041e-06,0.6845241377063578,0.3626126126126126,6.987108470383587
6,SOX2,True,4.0,0.01,0.0,0.05,regulon_significant_plus_expression_significant_plus_direction,lesion,lesion,9.389270902003821e-66,6.358243030105812e-06,0.6693425125580267,0.2522522522522522,23.14429917547441
6,HMGA1,True,7.0,0.01,0.0,0.05,regulon_significant_plus_expression_significant_plus_direction,lesion,lesion,1.6881760814233672e-19,0.0020079019324663,0.7445295603179917,0.072072072072072,6.94540355055798
6,TCF4,False,,0.01,0.0,0.05,regulon_significant_plus_expression_significant_plus_direction,internal_control,lesion,2.5162199249417195e-49,0.0564812833706176,0.115325938290752,0.7612612612612613,17.20235432169234
6,NR2F2,False,,0.01,0.0,0.05,regulon_significant_plus_expression_significant_plus_direction,internal_control,lesion,2.7260446537151666e-49,0.6962069302383829,0.3910689545084058,0.0349099099099099,17.141419578143193
6,CEBPD,False,,0.01,0.0,0.05,regulon_significant_plus_expression_significant_plus_direction,lesion,lesion,1.0129790988328588e-48,0.9247351769699248,0.0211323518984938,0.0427927927927927,16.91399471214932
6,ATF7,False,,0.01,0.0,0.05,regulon_significant_plus_expression_significant_plus_direction,lesion,lesion,7.059258557174854e-21,0.957350567735444,0.0723226656345507,0.2871621621621621,7.235679684271952
7,SATB2,True,2.0,0.01,0.0,0.1,regulon_significant_plus_direction,internal_control,internal_control,5.548087738525609e-99,2.342053487924074e-31,-0.7058935339628609,0.4107391910739191,34.818760412936605
7,THRB,True,1.0,0.01,0.0,0.1,regulon_significant_plus_direction,internal_control,internal_control,4.053395110306913e-114,7.47524063251269e-21,-0.3614128972332711,0.6415620641562064,40.04207029812129
7,RARB,True,3.0,0.01,0.0,0.1,regulon_significant_plus_direction,internal_control,internal_control,1.9668787753604963e-81,9.597953836114382e-12,-0.6325145174570053,0.2315202231520223,28.614861967885023
7,BHLHE40,True,5.0,0.01,0.0,0.1,regulon_significant_plus_direction,lesion,lesion,1.2760362542900071e-34,1.529949104785675e-07,1.1363433892502643,0.1587837837837837,12.392424888240859
7,NFE2L2,True,7.0,0.01,0.0,0.1,regulon_significant_plus_direction,lesion,lesion,1.6378667723003972e-19,4.488026735548041e-06,0.6845241377063578,0.3626126126126126,6.987108470383587
7,SOX2,True,4.0,0.01,0.0,0.1,regulon_significant_plus_direction,lesion,lesion,9.389270902003821e-66,6.358243030105812e-06,0.6693425125580267,0.2522522522522522,23.14429917547441
7,HMGA1,False,,0.01,0.0,0.1,regulon_significant_plus_direction,lesion,lesion,1.6881760814233672e-19,0.0020079019324663,0.7445295603179917,0.072072072072072,6.94540355055798
7,TCF4,False,,0.01,0.0,0.1,regulon_significant_plus_direction,internal_control,lesion,2.5162199249417195e-49,0.0564812833706176,0.115325938290752,0.7612612612612613,17.20235432169234
7,NR2F2,False,,0.01,0.0,0.1,regulon_significant_plus_direction,internal_control,lesion,2.7260446537151666e-49,0.6962069302383829,0.3910689545084058,0.0349099099099099,17.141419578143193
7,CEBPD,False,,0.01,0.0,0.1,regulon_significant_plus_direction,lesion,lesion,1.0129790988328588e-48,0.9247351769699248,0.0211323518984938,0.0427927927927927,16.91399471214932
7,ATF7,True,6.0,0.01,0.0,0.1,regulon_significant_plus_direction,lesion,lesion,7.059258557174854e-21,0.957350567735444,0.0723226656345507,0.2871621621621621,7.235679684271952
8,SATB2,True,2.0,0.01,0.0,0.1,regulon_significant_plus_expression_significant,internal_control,internal_control,5.548087738525609e-99,2.342053487924074e-31,-0.7058935339628609,0.4107391910739191,34.818760412936605
8,THRB,True,1.0,0.01,0.0,0.1,regulon_significant_plus_expression_significant,internal_control,internal_control,4.053395110306913e-114,7.47524063251269e-21,-0.3614128972332711,0.6415620641562064,40.04207029812129
8,RARB,True,3.0,0.01,0.0,0.1,regulon_significant_plus_expression_significant,internal_control,internal_control,1.9668787753604963e-81,9.597953836114382e-12,-0.6325145174570053,0.2315202231520223,28.614861967885023
8,BHLHE40,True,5.0,0.01,0.0,0.1,regulon_significant_plus_expression_significant,lesion,lesion,1.2760362542900071e-34,1.529949104785675e-07,1.1363433892502643,0.1587837837837837,12.392424888240859
8,NFE2L2,True,6.0,0.01,0.0,0.1,regulon_significant_plus_expression_significant,lesion,lesion,1.6378667723003972e-19,4.488026735548041e-06,0.6845241377063578,0.3626126126126126,6.987108470383587
8,SOX2,True,4.0,0.01,0.0,0.1,regulon_significant_plus_expression_significant,lesion,lesion,9.389270902003821e-66,6.358243030105812e-06,0.6693425125580267,0.2522522522522522,23.14429917547441
8,HMGA1,False,,0.01,0.0,0.1,regulon_significant_plus_expression_significant,lesion,lesion,1.6881760814233672e-19,0.0020079019324663,0.7445295603179917,0.072072072072072,6.94540355055798
8,TCF4,False,,0.01,0.0,0.1,regulon_significant_plus_expression_significant,internal_control,lesion,2.5162199249417195e-49,0.0564812833706176,0.115325938290752,0.7612612612612613,17.20235432169234
8,NR2F2,False,,0.01,0.0,0.1,regulon_significant_plus_expression_significant,internal_control,lesion,2.7260446537151666e-49,0.6962069302383829,0.3910689545084058,0.0349099099099099,17.141419578143193
8,CEBPD,False,,0.01,0.0,0.1,regulon_significant_plus_expression_significant,lesion,lesion,1.0129790988328588e-48,0.9247351769699248,0.0211323518984938,0.0427927927927927,16.91399471214932
8,ATF7,False,,0.01,0.0,0.1,regulon_significant_plus_expression_significant,lesion,lesion,7.059258557174854e-21,0.957350567735444,0.0723226656345507,0.2871621621621621,7.235679684271952
9,SATB2,True,2.0,0.01,0.0,0.1,regulon_significant_plus_expression_significant_plus_direction,internal_control,internal_control,5.548087738525609e-99,2.342053487924074e-31,-0.7058935339628609,0.4107391910739191,34.818760412936605
9,THRB,True,1.0,0.01,0.0,0.1,regulon_significant_plus_expression_significant_plus_direction,internal_control,internal_control,4.053395110306913e-114,7.47524063251269e-21,-0.3614128972332711,0.6415620641562064,40.04207029812129
9,RARB,True,3.0,0.01,0.0,0.1,regulon_significant_plus_expression_significant_plus_direction,internal_control,internal_control,1.9668787753604963e-81,9.597953836114382e-12,-0.6325145174570053,0.2315202231520223,28.614861967885023
9,BHLHE40,True,5.0,0.01,0.0,0.1,regulon_significant_plus_expression_significant_plus_direction,lesion,lesion,1.2760362542900071e-34,1.529949104785675e-07,1.1363433892502643,0.1587837837837837,12.392424888240859
9,NFE2L2,True,6.0,0.01,0.0,0.1,regulon_significant_plus_expression_significant_plus_direction,lesion,lesion,1.6378667723003972e-19,4.488026735548041e-06,0.6845241377063578,0.3626126126126126,6.987108470383587
9,SOX2,True,4.0,0.01,0.0,0.1,regulon_significant_plus_expression_significant_plus_direction,lesion,lesion,9.389270902003821e-66,6.358243030105812e-06,0.6693425125580267,0.2522522522522522,23.14429917547441
9,HMGA1,False,,0.01,0.0,0.1,regulon_significant_plus_expression_significant_plus_direction,lesion,lesion,1.6881760814233672e-19,0.0020079019324663,0.7445295603179917,0.072072072072072,6.94540355055798
9,TCF4,False,,0.01,0.0,0.1,regulon_significant_plus_expression_significant_plus_direction,internal_control,lesion,2.5162199249417195e-49,0.0564812833706176,0.115325938290752,0.7612612612612613,17.20235432169234
9,NR2F2,False,,0.01,0.0,0.1,regulon_significant_plus_expression_significant_plus_direction,internal_control,lesion,2.7260446537151666e-49,0.6962069302383829,0.3910689545084058,0.0349099099099099,17.141419578143193
9,CEBPD,False,,0.01,0.0,0.1,regulon_significant_plus_expression_significant_plus_direction,lesion,lesion,1.0129790988328588e-48,0.9247351769699248,0.0211323518984938,0.0427927927927927,16.91399471214932
9,ATF7,False,,0.01,0.0,0.1,regulon_significant_plus_expression_significant_plus_direction,lesion,lesion,7.059258557174854e-21,0.957350567735444,0.0723226656345507,0.2871621621621621,7.235679684271952
10,SATB2,True,2.0,0.01,0.25,0.0,regulon_significant_plus_direction,internal_control,internal_control,5.548087738525609e-99,2.342053487924074e-31,-0.7058935339628609,0.4107391910739191,34.818760412936605
10,THRB,True,1.0,0.01,0.25,0.0,regulon_significant_plus_direction,internal_control,internal_control,4.053395110306913e-114,7.47524063251269e-21,-0.3614128972332711,0.6415620641562064,40.04207029812129
10,RARB,True,3.0,0.01,0.25,0.0,regulon_significant_plus_direction,internal_control,internal_control,1.9668787753604963e-81,9.597953836114382e-12,-0.6325145174570053,0.2315202231520223,28.614861967885023
10,BHLHE40,True,5.0,0.01,0.25,0.0,regulon_significant_plus_direction,lesion,lesion,1.2760362542900071e-34,1.529949104785675e-07,1.1363433892502643,0.1587837837837837,12.392424888240859
10,NFE2L2,True,6.0,0.01,0.25,0.0,regulon_significant_plus_direction,lesion,lesion,1.6378667723003972e-19,4.488026735548041e-06,0.6845241377063578,0.3626126126126126,6.987108470383587
10,SOX2,True,4.0,0.01,0.25,0.0,regulon_significant_plus_direction,lesion,lesion,9.389270902003821e-66,6.358243030105812e-06,0.6693425125580267,0.2522522522522522,23.14429917547441
10,HMGA1,True,7.0,0.01,0.25,0.0,regulon_significant_plus_direction,lesion,lesion,1.6881760814233672e-19,0.0020079019324663,0.7445295603179917,0.072072072072072,6.94540355055798
10,TCF4,False,,0.01,0.25,0.0,regulon_significant_plus_direction,internal_control,lesion,2.5162199249417195e-49,0.0564812833706176,0.115325938290752,0.7612612612612613,17.20235432169234
10,NR2F2,False,,0.01,0.25,0.0,regulon_significant_plus_direction,internal_control,lesion,2.7260446537151666e-49,0.6962069302383829,0.3910689545084058,0.0349099099099099,17.141419578143193
10,CEBPD,False,,0.01,0.25,0.0,regulon_significant_plus_direction,lesion,lesion,1.0129790988328588e-48,0.9247351769699248,0.0211323518984938,0.0427927927927927,16.91399471214932
10,ATF7,False,,0.01,0.25,0.0,regulon_significant_plus_direction,lesion,lesion,7.059258557174854e-21,0.957350567735444,0.0723226656345507,0.2871621621621621,7.235679684271952
11,SATB2,True,2.0,0.01,0.25,0.0,regulon_significant_plus_expression_significant,internal_control,internal_control,5.548087738525609e-99,2.342053487924074e-31,-0.7058935339628609,0.4107391910739191,34.818760412936605
11,THRB,True,1.0,0.01,0.25,0.0,regulon_significant_plus_expression_significant,internal_control,internal_control,4.053395110306913e-114,7.47524063251269e-21,-0.3614128972332711,0.6415620641562064,40.04207029812129
11,RARB,True,3.0,0.01,0.25,0.0,regulon_significant_plus_expression_significant,internal_control,internal_control,1.9668787753604963e-81,9.597953836114382e-12,-0.6325145174570053,0.2315202231520223,28.614861967885023
11,BHLHE40,True,5.0,0.01,0.25,0.0,regulon_significant_plus_expression_significant,lesion,lesion,1.2760362542900071e-34,1.529949104785675e-07,1.1363433892502643,0.1587837837837837,12.392424888240859
11,NFE2L2,True,6.0,0.01,0.25,0.0,regulon_significant_plus_expression_significant,lesion,lesion,1.6378667723003972e-19,4.488026735548041e-06,0.6845241377063578,0.3626126126126126,6.987108470383587
11,SOX2,True,4.0,0.01,0.25,0.0,regulon_significant_plus_expression_significant,lesion,lesion,9.389270902003821e-66,6.358243030105812e-06,0.6693425125580267,0.2522522522522522,23.14429917547441
11,HMGA1,True,7.0,0.01,0.25,0.0,regulon_significant_plus_expression_significant,lesion,lesion,1.6881760814233672e-19,0.0020079019324663,0.7445295603179917,0.072072072072072,6.94540355055798
11,TCF4,False,,0.01,0.25,0.0,regulon_significant_plus_expression_significant,internal_control,lesion,2.5162199249417195e-49,0.0564812833706176,0.115325938290752,0.7612612612612613,17.20235432169234
11,NR2F2,False,,0.01,0.25,0.0,regulon_significant_plus_expression_significant,internal_control,lesion,2.7260446537151666e-49,0.6962069302383829,0.3910689545084058,0.0349099099099099,17.141419578143193
11,CEBPD,False,,0.01,0.25,0.0,regulon_significant_plus_expression_significant,lesion,lesion,1.0129790988328588e-48,0.9247351769699248,0.0211323518984938,0.0427927927927927,16.91399471214932
11,ATF7,False,,0.01,0.25,0.0,regulon_significant_plus_expression_significant,lesion,lesion,7.059258557174854e-21,0.957350567735444,0.0723226656345507,0.2871621621621621,7.235679684271952
12,SATB2,True,2.0,0.01,0.25,0.0,regulon_significant_plus_expression_significant_plus_direction,internal_control,internal_control,5.548087738525609e-99,2.342053487924074e-31,-0.7058935339628609,0.4107391910739191,34.818760412936605
12,THRB,True,1.0,0.01,0.25,0.0,regulon_significant_plus_expression_significant_plus_direction,internal_control,internal_control,4.053395110306913e-114,7.47524063251269e-21,-0.3614128972332711,0.6415620641562064,40.04207029812129
12,RARB,True,3.0,0.01,0.25,0.0,regulon_significant_plus_expression_significant_plus_direction,internal_control,internal_control,1.9668787753604963e-81,9.597953836114382e-12,-0.6325145174570053,0.2315202231520223,28.614861967885023
12,BHLHE40,True,5.0,0.01,0.25,0.0,regulon_significant_plus_expression_significant_plus_direction,lesion,lesion,1.2760362542900071e-34,1.529949104785675e-07,1.1363433892502643,0.1587837837837837,12.392424888240859
12,NFE2L2,True,6.0,0.01,0.25,0.0,regulon_significant_plus_expression_significant_plus_direction,lesion,lesion,1.6378667723003972e-19,4.488026735548041e-06,0.6845241377063578,0.3626126126126126,6.987108470383587
12,SOX2,True,4.0,0.01,0.25,0.0,regulon_significant_plus_expression_significant_plus_direction,lesion,lesion,9.389270902003821e-66,6.358243030105812e-06,0.6693425125580267,0.2522522522522522,23.14429917547441
12,HMGA1,True,7.0,0.01,0.25,0.0,regulon_significant_plus_expression_significant_plus_direction,lesion,lesion,1.6881760814233672e-19,0.0020079019324663,0.7445295603179917,0.072072072072072,6.94540355055798
12,TCF4,False,,0.01,0.25,0.0,regulon_significant_plus_expression_significant_plus_direction,internal_control,lesion,2.5162199249417195e-49,0.0564812833706176,0.115325938290752,0.7612612612612613,17.20235432169234
12,NR2F2,False,,0.01,0.25,0.0,regulon_significant_plus_expression_significant_plus_direction,internal_control,lesion,2.7260446537151666e-49,0.6962069302383829,0.3910689545084058,0.0349099099099099,17.141419578143193
12,CEBPD,False,,0.01,0.25,0.0,regulon_significant_plus_expression_significant_plus_direction,lesion,lesion,1.0129790988328588e-48,0.9247351769699248,0.0211323518984938,0.0427927927927927,16.91399471214932
12,ATF7,False,,0.01,0.25,0.0,regulon_significant_plus_expression_significant_plus_direction,lesion,lesion,7.059258557174854e-21,0.957350567735444,0.0723226656345507,0.2871621621621621,7.235679684271952
13,SATB2,True,2.0,0.01,0.25,0.05,regulon_significant_plus_direction,internal_control,internal_control,5.548087738525609e-99,2.342053487924074e-31,-0.7058935339628609,0.4107391910739191,34.818760412936605
13,THRB,True,1.0,0.01,0.25,0.05,regulon_significant_plus_direction,internal_control,internal_control,4.053395110306913e-114,7.47524063251269e-21,-0.3614128972332711,0.6415620641562064,40.04207029812129
13,RARB,True,3.0,0.01,0.25,0.05,regulon_significant_plus_direction,internal_control,internal_control,1.9668787753604963e-81,9.597953836114382e-12,-0.6325145174570053,0.2315202231520223,28.614861967885023
13,BHLHE40,True,5.0,0.01,0.25,0.05,regulon_significant_plus_direction,lesion,lesion,1.2760362542900071e-34,1.529949104785675e-07,1.1363433892502643,0.1587837837837837,12.392424888240859
13,NFE2L2,True,6.0,0.01,0.25,0.05,regulon_significant_plus_direction,lesion,lesion,1.6378667723003972e-19,4.488026735548041e-06,0.6845241377063578,0.3626126126126126,6.987108470383587
13,SOX2,True,4.0,0.01,0.25,0.05,regulon_significant_plus_direction,lesion,lesion,9.389270902003821e-66,6.358243030105812e-06,0.6693425125580267,0.2522522522522522,23.14429917547441
13,HMGA1,True,7.0,0.01,0.25,0.05,regulon_significant_plus_direction,lesion,lesion,1.6881760814233672e-19,0.0020079019324663,0.7445295603179917,0.072072072072072,6.94540355055798
13,TCF4,False,,0.01,0.25,0.05,regulon_significant_plus_direction,internal_control,lesion,2.5162199249417195e-49,0.0564812833706176,0.115325938290752,0.7612612612612613,17.20235432169234
13,NR2F2,False,,0.01,0.25,0.05,regulon_significant_plus_direction,internal_control,lesion,2.7260446537151666e-49,0.6962069302383829,0.3910689545084058,0.0349099099099099,17.141419578143193
13,CEBPD,False,,0.01,0.25,0.05,regulon_significant_plus_direction,lesion,lesion,1.0129790988328588e-48,0.9247351769699248,0.0211323518984938,0.0427927927927927,16.91399471214932
13,ATF7,False,,0.01,0.25,0.05,regulon_significant_plus_direction,lesion,lesion,7.059258557174854e-21,0.957350567735444,0.0723226656345507,0.2871621621621621,7.235679684271952
14,SATB2,True,2.0,0.01,0.25,0.05,regulon_significant_plus_expression_significant,internal_control,internal_control,5.548087738525609e-99,2.342053487924074e-31,-0.7058935339628609,0.4107391910739191,34.818760412936605
14,THRB,True,1.0,0.01,0.25,0.05,regulon_significant_plus_expression_significant,internal_control,internal_control,4.053395110306913e-114,7.47524063251269e-21,-0.3614128972332711,0.6415620641562064,40.04207029812129
14,RARB,True,3.0,0.01,0.25,0.05,regulon_significant_plus_expression_significant,internal_control,internal_control,1.9668787753604963e-81,9.597953836114382e-12,-0.6325145174570053,0.2315202231520223,28.614861967885023
14,BHLHE40,True,5.0,0.01,0.25,0.05,regulon_significant_plus_expression_significant,lesion,lesion,1.2760362542900071e-34,1.529949104785675e-07,1.1363433892502643,0.1587837837837837,12.392424888240859
14,NFE2L2,True,6.0,0.01,0.25,0.05,regulon_significant_plus_expression_significant,lesion,lesion,1.6378667723003972e-19,4.488026735548041e-06,0.6845241377063578,0.3626126126126126,6.987108470383587
14,SOX2,True,4.0,0.01,0.25,0.05,regulon_significant_plus_expression_significant,lesion,lesion,9.389270902003821e-66,6.358243030105812e-06,0.6693425125580267,0.2522522522522522,23.14429917547441
14,HMGA1,True,7.0,0.01,0.25,0.05,regulon_significant_plus_expression_significant,lesion,lesion,1.6881760814233672e-19,0.0020079019324663,0.7445295603179917,0.072072072072072,6.94540355055798
14,TCF4,False,,0.01,0.25,0.05,regulon_significant_plus_expression_significant,internal_control,lesion,2.5162199249417195e-49,0.0564812833706176,0.115325938290752,0.7612612612612613,17.20235432169234
14,NR2F2,False,,0.01,0.25,0.05,regulon_significant_plus_expression_significant,internal_control,lesion,2.7260446537151666e-49,0.6962069302383829,0.3910689545084058,0.0349099099099099,17.141419578143193
14,CEBPD,False,,0.01,0.25,0.05,regulon_significant_plus_expression_significant,lesion,lesion,1.0129790988328588e-48,0.9247351769699248,0.0211323518984938,0.0427927927927927,16.91399471214932
14,ATF7,False,,0.01,0.25,0.05,regulon_significant_plus_expression_significant,lesion,lesion,7.059258557174854e-21,0.957350567735444,0.0723226656345507,0.2871621621621621,7.235679684271952
15,SATB2,True,2.0,0.01,0.25,0.05,regulon_significant_plus_expression_significant_plus_direction,internal_control,internal_control,5.548087738525609e-99,2.342053487924074e-31,-0.7058935339628609,0.4107391910739191,34.818760412936605
15,THRB,True,1.0,0.01,0.25,0.05,regulon_significant_plus_expression_significant_plus_direction,internal_control,internal_control,4.053395110306913e-114,7.47524063251269e-21,-0.3614128972332711,0.6415620641562064,40.04207029812129
15,RARB,True,3.0,0.01,0.25,0.05,regulon_significant_plus_expression_significant_plus_direction,internal_control,internal_control,1.9668787753604963e-81,9.597953836114382e-12,-0.6325145174570053,0.2315202231520223,28.614861967885023
15,BHLHE40,True,5.0,0.01,0.25,0.05,regulon_significant_plus_expression_significant_plus_direction,lesion,lesion,1.2760362542900071e-34,1.529949104785675e-07,1.1363433892502643,0.1587837837837837,12.392424888240859
15,NFE2L2,True,6.0,0.01,0.25,0.05,regulon_significant_plus_expression_significant_plus_direction,lesion,lesion,1.6378667723003972e-19,4.488026735548041e-06,0.6845241377063578,0.3626126126126126,6.987108470383587
15,SOX2,True,4.0,0.01,0.25,0.05,regulon_significant_plus_expression_significant_plus_direction,lesion,lesion,9.389270902003821e-66,6.358243030105812e-06,0.6693425125580267,0.2522522522522522,23.14429917547441
15,HMGA1,True,7.0,0.01,0.25,0.05,regulon_significant_plus_expression_significant_plus_direction,lesion,lesion,1.6881760814233672e-19,0.0020079019324663,0.7445295603179917,0.072072072072072,6.94540355055798
15,TCF4,False,,0.01,0.25,0.05,regulon_significant_plus_expression_significant_plus_direction,internal_control,lesion,2.5162199249417195e-49,0.0564812833706176,0.115325938290752,0.7612612612612613,17.20235432169234
15,NR2F2,False,,0.01,0.25,0.05,regulon_significant_plus_expression_significant_plus_direction,internal_control,lesion,2.7260446537151666e-49,0.6962069302383829,0.3910689545084058,0.0349099099099099,17.141419578143193
15,CEBPD,False,,0.01,0.25,0.05,regulon_significant_plus_expression_significant_plus_direction,lesion,lesion,1.0129790988328588e-48,0.9247351769699248,0.0211323518984938,0.0427927927927927,16.91399471214932
15,ATF7,False,,0.01,0.25,0.05,regulon_significant_plus_expression_significant_plus_direction,lesion,lesion,7.059258557174854e-21,0.957350567735444,0.0723226656345507,0.2871621621621621,7.235679684271952
16,SATB2,True,2.0,0.01,0.25,0.1,regulon_significant_plus_direction,internal_control,internal_control,5.548087738525609e-99,2.342053487924074e-31,-0.7058935339628609,0.4107391910739191,34.818760412936605
16,THRB,True,1.0,0.01,0.25,0.1,regulon_significant_plus_direction,internal_control,internal_control,4.053395110306913e-114,7.47524063251269e-21,-0.3614128972332711,0.6415620641562064,40.04207029812129
16,RARB,True,3.0,0.01,0.25,0.1,regulon_significant_plus_direction,internal_control,internal_control,1.9668787753604963e-81,9.597953836114382e-12,-0.6325145174570053,0.2315202231520223,28.614861967885023
16,BHLHE40,True,5.0,0.01,0.25,0.1,regulon_significant_plus_direction,lesion,lesion,1.2760362542900071e-34,1.529949104785675e-07,1.1363433892502643,0.1587837837837837,12.392424888240859
16,NFE2L2,True,6.0,0.01,0.25,0.1,regulon_significant_plus_direction,lesion,lesion,1.6378667723003972e-19,4.488026735548041e-06,0.6845241377063578,0.3626126126126126,6.987108470383587
16,SOX2,True,4.0,0.01,0.25,0.1,regulon_significant_plus_direction,lesion,lesion,9.389270902003821e-66,6.358243030105812e-06,0.6693425125580267,0.2522522522522522,23.14429917547441
16,HMGA1,False,,0.01,0.25,0.1,regulon_significant_plus_direction,lesion,lesion,1.6881760814233672e-19,0.0020079019324663,0.7445295603179917,0.072072072072072,6.94540355055798
16,TCF4,False,,0.01,0.25,0.1,regulon_significant_plus_direction,internal_control,lesion,2.5162199249417195e-49,0.0564812833706176,0.115325938290752,0.7612612612612613,17.20235432169234
16,NR2F2,False,,0.01,0.25,0.1,regulon_significant_plus_direction,internal_control,lesion,2.7260446537151666e-49,0.6962069302383829,0.3910689545084058,0.0349099099099099,17.141419578143193
16,CEBPD,False,,0.01,0.25,0.1,regulon_significant_plus_direction,lesion,lesion,1.0129790988328588e-48,0.9247351769699248,0.0211323518984938,0.0427927927927927,16.91399471214932
16,ATF7,False,,0.01,0.25,0.1,regulon_significant_plus_direction,lesion,lesion,7.059258557174854e-21,0.957350567735444,0.0723226656345507,0.2871621621621621,7.235679684271952
17,SATB2,True,2.0,0.01,0.25,0.1,regulon_significant_plus_expression_significant,internal_control,internal_control,5.548087738525609e-99,2.342053487924074e-31,-0.7058935339628609,0.4107391910739191,34.818760412936605
17,THRB,True,1.0,0.01,0.25,0.1,regulon_significant_plus_expression_significant,internal_control,internal_control,4.053395110306913e-114,7.47524063251269e-21,-0.3614128972332711,0.6415620641562064,40.04207029812129
17,RARB,True,3.0,0.01,0.25,0.1,regulon_significant_plus_expression_significant,internal_control,internal_control,1.9668787753604963e-81,9.597953836114382e-12,-0.6325145174570053,0.2315202231520223,28.614861967885023
17,BHLHE40,True,5.0,0.01,0.25,0.1,regulon_significant_plus_expression_significant,lesion,lesion,1.2760362542900071e-34,1.529949104785675e-07,1.1363433892502643,0.1587837837837837,12.392424888240859
17,NFE2L2,True,6.0,0.01,0.25,0.1,regulon_significant_plus_expression_significant,lesion,lesion,1.6378667723003972e-19,4.488026735548041e-06,0.6845241377063578,0.3626126126126126,6.987108470383587
17,SOX2,True,4.0,0.01,0.25,0.1,regulon_significant_plus_expression_significant,lesion,lesion,9.389270902003821e-66,6.358243030105812e-06,0.6693425125580267,0.2522522522522522,23.14429917547441
17,HMGA1,False,,0.01,0.25,0.1,regulon_significant_plus_expression_significant,lesion,lesion,1.6881760814233672e-19,0.0020079019324663,0.7445295603179917,0.072072072072072,6.94540355055798
17,TCF4,False,,0.01,0.25,0.1,regulon_significant_plus_expression_significant,internal_control,lesion,2.5162199249417195e-49,0.0564812833706176,0.115325938290752,0.7612612612612613,17.20235432169234
17,NR2F2,False,,0.01,0.25,0.1,regulon_significant_plus_expression_significant,internal_control,lesion,2.7260446537151666e-49,0.6962069302383829,0.3910689545084058,0.0349099099099099,17.141419578143193
17,CEBPD,False,,0.01,0.25,0.1,regulon_significant_plus_expression_significant,lesion,lesion,1.0129790988328588e-48,0.9247351769699248,0.0211323518984938,0.0427927927927927,16.91399471214932
17,ATF7,False,,0.01,0.25,0.1,regulon_significant_plus_expression_significant,lesion,lesion,7.059258557174854e-21,0.957350567735444,0.0723226656345507,0.2871621621621621,7.235679684271952
18,SATB2,True,2.0,0.01,0.25,0.1,regulon_significant_plus_expression_significant_plus_direction,internal_control,internal_control,5.548087738525609e-99,2.342053487924074e-31,-0.7058935339628609,0.4107391910739191,34.818760412936605
18,THRB,True,1.0,0.01,0.25,0.1,regulon_significant_plus_expression_significant_plus_direction,internal_control,internal_control,4.053395110306913e-114,7.47524063251269e-21,-0.3614128972332711,0.6415620641562064,40.04207029812129
18,RARB,True,3.0,0.01,0.25,0.1,regulon_significant_plus_expression_significant_plus_direction,internal_control,internal_control,1.9668787753604963e-81,9.597953836114382e-12,-0.6325145174570053,0.2315202231520223,28.614861967885023
18,BHLHE40,True,5.0,0.01,0.25,0.1,regulon_significant_plus_expression_significant_plus_direction,lesion,lesion,1.2760362542900071e-34,1.529949104785675e-07,1.1363433892502643,0.1587837837837837,12.392424888240859
18,NFE2L2,True,6.0,0.01,0.25,0.1,regulon_significant_plus_expression_significant_plus_direction,lesion,lesion,1.6378667723003972e-19,4.488026735548041e-06,0.6845241377063578,0.3626126126126126,6.987108470383587
18,SOX2,True,4.0,0.01,0.25,0.1,regulon_significant_plus_expression_significant_plus_direction,lesion,lesion,9.389270902003821e-66,6.358243030105812e-06,0.6693425125580267,0.2522522522522522,23.14429917547441
18,HMGA1,False,,0.01,0.25,0.1,regulon_significant_plus_expression_significant_plus_direction,lesion,lesion,1.6881760814233672e-19,0.0020079019324663,0.7445295603179917,0.072072072072072,6.94540355055798
18,TCF4,False,,0.01,0.25,0.1,regulon_significant_plus_expression_significant_plus_direction,internal_control,lesion,2.5162199249417195e-49,0.0564812833706176,0.115325938290752,0.7612612612612613,17.20235432169234
18,NR2F2,False,,0.01,0.25,0.1,regulon_significant_plus_expression_significant_plus_direction,internal_control,lesion,2.7260446537151666e-49,0.6962069302383829,0.3910689545084058,0.0349099099099099,17.141419578143193
18,CEBPD,False,,0.01,0.25,0.1,regulon_significant_plus_expression_significant_plus_direction,lesion,lesion,1.0129790988328588e-48,0.9247351769699248,0.0211323518984938,0.0427927927927927,16.91399471214932
18,ATF7,False,,0.01,0.25,0.1,regulon_significant_plus_expression_significant_plus_direction,lesion,lesion,7.059258557174854e-21,0.957350567735444,0.0723226656345507,0.2871621621621621,7.235679684271952
19,SATB2,True,1.0,0.01,0.5,0.0,regulon_significant_plus_direction,internal_control,internal_control,5.548087738525609e-99,2.342053487924074e-31,-0.7058935339628609,0.4107391910739191,34.818760412936605
19,THRB,False,,0.01,0.5,0.0,regulon_significant_plus_direction,internal_control,internal_control,4.053395110306913e-114,7.47524063251269e-21,-0.3614128972332711,0.6415620641562064,40.04207029812129
19,RARB,True,2.0,0.01,0.5,0.0,regulon_significant_plus_direction,internal_control,internal_control,1.9668787753604963e-81,9.597953836114382e-12,-0.6325145174570053,0.2315202231520223,28.614861967885023
19,BHLHE40,True,4.0,0.01,0.5,0.0,regulon_significant_plus_direction,lesion,lesion,1.2760362542900071e-34,1.529949104785675e-07,1.1363433892502643,0.1587837837837837,12.392424888240859
19,NFE2L2,True,5.0,0.01,0.5,0.0,regulon_significant_plus_direction,lesion,lesion,1.6378667723003972e-19,4.488026735548041e-06,0.6845241377063578,0.3626126126126126,6.987108470383587
19,SOX2,True,3.0,0.01,0.5,0.0,regulon_significant_plus_direction,lesion,lesion,9.389270902003821e-66,6.358243030105812e-06,0.6693425125580267,0.2522522522522522,23.14429917547441
19,HMGA1,True,6.0,0.01,0.5,0.0,regulon_significant_plus_direction,lesion,lesion,1.6881760814233672e-19,0.0020079019324663,0.7445295603179917,0.072072072072072,6.94540355055798
19,TCF4,False,,0.01,0.5,0.0,regulon_significant_plus_direction,internal_control,lesion,2.5162199249417195e-49,0.0564812833706176,0.115325938290752,0.7612612612612613,17.20235432169234
19,NR2F2,False,,0.01,0.5,0.0,regulon_significant_plus_direction,internal_control,lesion,2.7260446537151666e-49,0.6962069302383829,0.3910689545084058,0.0349099099099099,17.141419578143193
19,CEBPD,False,,0.01,0.5,0.0,regulon_significant_plus_direction,lesion,lesion,1.0129790988328588e-48,0.9247351769699248,0.0211323518984938,0.0427927927927927,16.91399471214932
19,ATF7,False,,0.01,0.5,0.0,regulon_significant_plus_direction,lesion,lesion,7.059258557174854e-21,0.957350567735444,0.0723226656345507,0.2871621621621621,7.235679684271952
20,SATB2,True,1.0,0.01,0.5,0.0,regulon_significant_plus_expression_significant,internal_control,internal_control,5.548087738525609e-99,2.342053487924074e-31,-0.7058935339628609,0.4107391910739191,34.818760412936605
20,THRB,False,,0.01,0.5,0.0,regulon_significant_plus_expression_significant,internal_control,internal_control,4.053395110306913e-114,7.47524063251269e-21,-0.3614128972332711,0.6415620641562064,40.04207029812129
20,RARB,True,2.0,0.01,0.5,0.0,regulon_significant_plus_expression_significant,internal_control,internal_control,1.9668787753604963e-81,9.597953836114382e-12,-0.6325145174570053,0.2315202231520223,28.614861967885023
20,BHLHE40,True,4.0,0.01,0.5,0.0,regulon_significant_plus_expression_significant,lesion,lesion,1.2760362542900071e-34,1.529949104785675e-07,1.1363433892502643,0.1587837837837837,12.392424888240859
20,NFE2L2,True,5.0,0.01,0.5,0.0,regulon_significant_plus_expression_significant,lesion,lesion,1.6378667723003972e-19,4.488026735548041e-06,0.6845241377063578,0.3626126126126126,6.987108470383587
20,SOX2,True,3.0,0.01,0.5,0.0,regulon_significant_plus_expression_significant,lesion,lesion,9.389270902003821e-66,6.358243030105812e-06,0.6693425125580267,0.2522522522522522,23.14429917547441
20,HMGA1,True,6.0,0.01,0.5,0.0,regulon_significant_plus_expression_significant,lesion,lesion,1.6881760814233672e-19,0.0020079019324663,0.7445295603179917,0.072072072072072,6.94540355055798
20,TCF4,False,,0.01,0.5,0.0,regulon_significant_plus_expression_significant,internal_control,lesion,2.5162199249417195e-49,0.0564812833706176,0.115325938290752,0.7612612612612613,17.20235432169234
20,NR2F2,False,,0.01,0.5,0.0,regulon_significant_plus_expression_significant,internal_control,lesion,2.7260446537151666e-49,0.6962069302383829,0.3910689545084058,0.0349099099099099,17.141419578143193
20,CEBPD,False,,0.01,0.5,0.0,regulon_significant_plus_expression_significant,lesion,lesion,1.0129790988328588e-48,0.9247351769699248,0.0211323518984938,0.0427927927927927,16.91399471214932
20,ATF7,False,,0.01,0.5,0.0,regulon_significant_plus_expression_significant,lesion,lesion,7.059258557174854e-21,0.957350567735444,0.0723226656345507,0.2871621621621621,7.235679684271952
21,SATB2,True,1.0,0.01,0.5,0.0,regulon_significant_plus_expression_significant_plus_direction,internal_control,internal_control,5.548087738525609e-99,2.342053487924074e-31,-0.7058935339628609,0.4107391910739191,34.818760412936605
21,THRB,False,,0.01,0.5,0.0,regulon_significant_plus_expression_significant_plus_direction,internal_control,internal_control,4.053395110306913e-114,7.47524063251269e-21,-0.3614128972332711,0.6415620641562064,40.04207029812129
21,RARB,True,2.0,0.01,0.5,0.0,regulon_significant_plus_expression_significant_plus_direction,internal_control,internal_control,1.9668787753604963e-81,9.597953836114382e-12,-0.6325145174570053,0.2315202231520223,28.614861967885023
21,BHLHE40,True,4.0,0.01,0.5,0.0,regulon_significant_plus_expression_significant_plus_direction,lesion,lesion,1.2760362542900071e-34,1.529949104785675e-07,1.1363433892502643,0.1587837837837837,12.392424888240859
21,NFE2L2,True,5.0,0.01,0.5,0.0,regulon_significant_plus_expression_significant_plus_direction,lesion,lesion,1.6378667723003972e-19,4.488026735548041e-06,0.6845241377063578,0.3626126126126126,6.987108470383587
21,SOX2,True,3.0,0.01,0.5,0.0,regulon_significant_plus_expression_significant_plus_direction,lesion,lesion,9.389270902003821e-66,6.358243030105812e-06,0.6693425125580267,0.2522522522522522,23.14429917547441
21,HMGA1,True,6.0,0.01,0.5,0.0,regulon_significant_plus_expression_significant_plus_direction,lesion,lesion,1.6881760814233672e-19,0.0020079019324663,0.7445295603179917,0.072072072072072,6.94540355055798
21,TCF4,False,,0.01,0.5,0.0,regulon_significant_plus_expression_significant_plus_direction,internal_control,lesion,2.5162199249417195e-49,0.0564812833706176,0.115325938290752,0.7612612612612613,17.20235432169234
21,NR2F2,False,,0.01,0.5,0.0,regulon_significant_plus_expression_significant_plus_direction,internal_control,lesion,2.7260446537151666e-49,0.6962069302383829,0.3910689545084058,0.0349099099099099,17.141419578143193
21,CEBPD,False,,0.01,0.5,0.0,regulon_significant_plus_expression_significant_plus_direction,lesion,lesion,1.0129790988328588e-48,0.9247351769699248,0.0211323518984938,0.0427927927927927,16.91399471214932
21,ATF7,False,,0.01,0.5,0.0,regulon_significant_plus_expression_significant_plus_direction,lesion,lesion,7.059258557174854e-21,0.957350567735444,0.0723226656345507,0.2871621621621621,7.235679684271952
22,SATB2,True,1.0,0.01,0.5,0.05,regulon_significant_plus_direction,internal_control,internal_control,5.548087738525609e-99,2.342053487924074e-31,-0.7058935339628609,0.4107391910739191,34.818760412936605
22,THRB,False,,0.01,0.5,0.05,regulon_significant_plus_direction,internal_control,internal_control,4.053395110306913e-114,7.47524063251269e-21,-0.3614128972332711,0.6415620641562064,40.04207029812129
22,RARB,True,2.0,0.01,0.5,0.05,regulon_significant_plus_direction,internal_control,internal_control,1.9668787753604963e-81,9.597953836114382e-12,-0.6325145174570053,0.2315202231520223,28.614861967885023
22,BHLHE40,True,4.0,0.01,0.5,0.05,regulon_significant_plus_direction,lesion,lesion,1.2760362542900071e-34,1.529949104785675e-07,1.1363433892502643,0.1587837837837837,12.392424888240859
22,NFE2L2,True,5.0,0.01,0.5,0.05,regulon_significant_plus_direction,lesion,lesion,1.6378667723003972e-19,4.488026735548041e-06,0.6845241377063578,0.3626126126126126,6.987108470383587
22,SOX2,True,3.0,0.01,0.5,0.05,regulon_significant_plus_direction,lesion,lesion,9.389270902003821e-66,6.358243030105812e-06,0.6693425125580267,0.2522522522522522,23.14429917547441
22,HMGA1,True,6.0,0.01,0.5,0.05,regulon_significant_plus_direction,lesion,lesion,1.6881760814233672e-19,0.0020079019324663,0.7445295603179917,0.072072072072072,6.94540355055798
22,TCF4,False,,0.01,0.5,0.05,regulon_significant_plus_direction,internal_control,lesion,2.5162199249417195e-49,0.0564812833706176,0.115325938290752,0.7612612612612613,17.20235432169234
22,NR2F2,False,,0.01,0.5,0.05,regulon_significant_plus_direction,internal_control,lesion,2.7260446537151666e-49,0.6962069302383829,0.3910689545084058,0.0349099099099099,17.141419578143193
22,CEBPD,False,,0.01,0.5,0.05,regulon_significant_plus_direction,lesion,lesion,1.0129790988328588e-48,0.9247351769699248,0.0211323518984938,0.0427927927927927,16.91399471214932
22,ATF7,False,,0.01,0.5,0.05,regulon_significant_plus_direction,lesion,lesion,7.059258557174854e-21,0.957350567735444,0.0723226656345507,0.2871621621621621,7.235679684271952
23,SATB2,True,1.0,0.01,0.5,0.05,regulon_significant_plus_expression_significant,internal_control,internal_control,5.548087738525609e-99,2.342053487924074e-31,-0.7058935339628609,0.4107391910739191,34.818760412936605
23,THRB,False,,0.01,0.5,0.05,regulon_significant_plus_expression_significant,internal_control,internal_control,4.053395110306913e-114,7.47524063251269e-21,-0.3614128972332711,0.6415620641562064,40.04207029812129
23,RARB,True,2.0,0.01,0.5,0.05,regulon_significant_plus_expression_significant,internal_control,internal_control,1.9668787753604963e-81,9.597953836114382e-12,-0.6325145174570053,0.2315202231520223,28.614861967885023
23,BHLHE40,True,4.0,0.01,0.5,0.05,regulon_significant_plus_expression_significant,lesion,lesion,1.2760362542900071e-34,1.529949104785675e-07,1.1363433892502643,0.1587837837837837,12.392424888240859
23,NFE2L2,True,5.0,0.01,0.5,0.05,regulon_significant_plus_expression_significant,lesion,lesion,1.6378667723003972e-19,4.488026735548041e-06,0.6845241377063578,0.3626126126126126,6.987108470383587
23,SOX2,True,3.0,0.01,0.5,0.05,regulon_significant_plus_expression_significant,lesion,lesion,9.389270902003821e-66,6.358243030105812e-06,0.6693425125580267,0.2522522522522522,23.14429917547441
23,HMGA1,True,6.0,0.01,0.5,0.05,regulon_significant_plus_expression_significant,lesion,lesion,1.6881760814233672e-19,0.0020079019324663,0.7445295603179917,0.072072072072072,6.94540355055798
23,TCF4,False,,0.01,0.5,0.05,regulon_significant_plus_expression_significant,internal_control,lesion,2.5162199249417195e-49,0.0564812833706176,0.115325938290752,0.7612612612612613,17.20235432169234
23,NR2F2,False,,0.01,0.5,0.05,regulon_significant_plus_expression_significant,internal_control,lesion,2.7260446537151666e-49,0.6962069302383829,0.3910689545084058,0.0349099099099099,17.141419578143193
23,CEBPD,False,,0.01,0.5,0.05,regulon_significant_plus_expression_significant,lesion,lesion,1.0129790988328588e-48,0.9247351769699248,0.0211323518984938,0.0427927927927927,16.91399471214932
23,ATF7,False,,0.01,0.5,0.05,regulon_significant_plus_expression_significant,lesion,lesion,7.059258557174854e-21,0.957350567735444,0.0723226656345507,0.2871621621621621,7.235679684271952
24,SATB2,True,1.0,0.01,0.5,0.05,regulon_significant_plus_expression_significant_plus_direction,internal_control,internal_control,5.548087738525609e-99,2.342053487924074e-31,-0.7058935339628609,0.4107391910739191,34.818760412936605
24,THRB,False,,0.01,0.5,0.05,regulon_significant_plus_expression_significant_plus_direction,internal_control,internal_control,4.053395110306913e-114,7.47524063251269e-21,-0.3614128972332711,0.6415620641562064,40.04207029812129
24,RARB,True,2.0,0.01,0.5,0.05,regulon_significant_plus_expression_significant_plus_direction,internal_control,internal_control,1.9668787753604963e-81,9.597953836114382e-12,-0.6325145174570053,0.2315202231520223,28.614861967885023
24,BHLHE40,True,4.0,0.01,0.5,0.05,regulon_significant_plus_expression_significant_plus_direction,lesion,lesion,1.2760362542900071e-34,1.529949104785675e-07,1.1363433892502643,0.1587837837837837,12.392424888240859
24,NFE2L2,True,5.0,0.01,0.5,0.05,regulon_significant_plus_expression_significant_plus_direction,lesion,lesion,1.6378667723003972e-19,4.488026735548041e-06,0.6845241377063578,0.3626126126126126,6.987108470383587
24,SOX2,True,3.0,0.01,0.5,0.05,regulon_significant_plus_expression_significant_plus_direction,lesion,lesion,9.389270902003821e-66,6.358243030105812e-06,0.6693425125580267,0.2522522522522522,23.14429917547441
24,HMGA1,True,6.0,0.01,0.5,0.05,regulon_significant_plus_expression_significant_plus_direction,lesion,lesion,1.6881760814233672e-19,0.0020079019324663,0.7445295603179917,0.072072072072072,6.94540355055798
24,TCF4,False,,0.01,0.5,0.05,regulon_significant_plus_expression_significant_plus_direction,internal_control,lesion,2.5162199249417195e-49,0.0564812833706176,0.115325938290752,0.7612612612612613,17.20235432169234
24,NR2F2,False,,0.01,0.5,0.05,regulon_significant_plus_expression_significant_plus_direction,internal_control,lesion,2.7260446537151666e-49,0.6962069302383829,0.3910689545084058,0.0349099099099099,17.141419578143193
24,CEBPD,False,,0.01,0.5,0.05,regulon_significant_plus_expression_significant_plus_direction,lesion,lesion,1.0129790988328588e-48,0.9247351769699248,0.0211323518984938,0.0427927927927927,16.91399471214932
24,ATF7,False,,0.01,0.5,0.05,regulon_significant_plus_expression_significant_plus_direction,lesion,lesion,7.059258557174854e-21,0.957350567735444,0.0723226656345507,0.2871621621621621,7.235679684271952
25,SATB2,True,1.0,0.01,0.5,0.1,regulon_significant_plus_direction,internal_control,internal_control,5.548087738525609e-99,2.342053487924074e-31,-0.7058935339628609,0.4107391910739191,34.818760412936605
25,THRB,False,,0.01,0.5,0.1,regulon_significant_plus_direction,internal_control,internal_control,4.053395110306913e-114,7.47524063251269e-21,-0.3614128972332711,0.6415620641562064,40.04207029812129
25,RARB,True,2.0,0.01,0.5,0.1,regulon_significant_plus_direction,internal_control,internal_control,1.9668787753604963e-81,9.597953836114382e-12,-0.6325145174570053,0.2315202231520223,28.614861967885023
25,BHLHE40,True,4.0,0.01,0.5,0.1,regulon_significant_plus_direction,lesion,lesion,1.2760362542900071e-34,1.529949104785675e-07,1.1363433892502643,0.1587837837837837,12.392424888240859
25,NFE2L2,True,5.0,0.01,0.5,0.1,regulon_significant_plus_direction,lesion,lesion,1.6378667723003972e-19,4.488026735548041e-06,0.6845241377063578,0.3626126126126126,6.987108470383587
25,SOX2,True,3.0,0.01,0.5,0.1,regulon_significant_plus_direction,lesion,lesion,9.389270902003821e-66,6.358243030105812e-06,0.6693425125580267,0.2522522522522522,23.14429917547441
25,HMGA1,False,,0.01,0.5,0.1,regulon_significant_plus_direction,lesion,lesion,1.6881760814233672e-19,0.0020079019324663,0.7445295603179917,0.072072072072072,6.94540355055798
25,TCF4,False,,0.01,0.5,0.1,regulon_significant_plus_direction,internal_control,lesion,2.5162199249417195e-49,0.0564812833706176,0.115325938290752,0.7612612612612613,17.20235432169234
25,NR2F2,False,,0.01,0.5,0.1,regulon_significant_plus_direction,internal_control,lesion,2.7260446537151666e-49,0.6962069302383829,0.3910689545084058,0.0349099099099099,17.141419578143193
25,CEBPD,False,,0.01,0.5,0.1,regulon_significant_plus_direction,lesion,lesion,1.0129790988328588e-48,0.9247351769699248,0.0211323518984938,0.0427927927927927,16.91399471214932
25,ATF7,False,,0.01,0.5,0.1,regulon_significant_plus_direction,lesion,lesion,7.059258557174854e-21,0.957350567735444,0.0723226656345507,0.2871621621621621,7.235679684271952
26,SATB2,True,1.0,0.01,0.5,0.1,regulon_significant_plus_expression_significant,internal_control,internal_control,5.548087738525609e-99,2.342053487924074e-31,-0.7058935339628609,0.4107391910739191,34.818760412936605
26,THRB,False,,0.01,0.5,0.1,regulon_significant_plus_expression_significant,internal_control,internal_control,4.053395110306913e-114,7.47524063251269e-21,-0.3614128972332711,0.6415620641562064,40.04207029812129
26,RARB,True,2.0,0.01,0.5,0.1,regulon_significant_plus_expression_significant,internal_control,internal_control,1.9668787753604963e-81,9.597953836114382e-12,-0.6325145174570053,0.2315202231520223,28.614861967885023
26,BHLHE40,True,4.0,0.01,0.5,0.1,regulon_significant_plus_expression_significant,lesion,lesion,1.2760362542900071e-34,1.529949104785675e-07,1.1363433892502643,0.1587837837837837,12.392424888240859
26,NFE2L2,True,5.0,0.01,0.5,0.1,regulon_significant_plus_expression_significant,lesion,lesion,1.6378667723003972e-19,4.488026735548041e-06,0.6845241377063578,0.3626126126126126,6.987108470383587
26,SOX2,True,3.0,0.01,0.5,0.1,regulon_significant_plus_expression_significant,lesion,lesion,9.389270902003821e-66,6.358243030105812e-06,0.6693425125580267,0.2522522522522522,23.14429917547441
26,HMGA1,False,,0.01,0.5,0.1,regulon_significant_plus_expression_significant,lesion,lesion,1.6881760814233672e-19,0.0020079019324663,0.7445295603179917,0.072072072072072,6.94540355055798
26,TCF4,False,,0.01,0.5,0.1,regulon_significant_plus_expression_significant,internal_control,lesion,2.5162199249417195e-49,0.0564812833706176,0.115325938290752,0.7612612612612613,17.20235432169234
26,NR2F2,False,,0.01,0.5,0.1,regulon_significant_plus_expression_significant,internal_control,lesion,2.7260446537151666e-49,0.6962069302383829,0.3910689545084058,0.0349099099099099,17.141419578143193
26,CEBPD,False,,0.01,0.5,0.1,regulon_significant_plus_expression_significant,lesion,lesion,1.0129790988328588e-48,0.9247351769699248,0.0211323518984938,0.0427927927927927,16.91399471214932
26,ATF7,False,,0.01,0.5,0.1,regulon_significant_plus_expression_significant,lesion,lesion,7.059258557174854e-21,0.957350567735444,0.0723226656345507,0.2871621621621621,7.235679684271952
27,SATB2,True,1.0,0.01,0.5,0.1,regulon_significant_plus_expression_significant_plus_direction,internal_control,internal_control,5.548087738525609e-99,2.342053487924074e-31,-0.7058935339628609,0.4107391910739191,34.818760412936605
27,THRB,False,,0.01,0.5,0.1,regulon_significant_plus_expression_significant_plus_direction,internal_control,internal_control,4.053395110306913e-114,7.47524063251269e-21,-0.3614128972332711,0.6415620641562064,40.04207029812129
27,RARB,True,2.0,0.01,0.5,0.1,regulon_significant_plus_expression_significant_plus_direction,internal_control,internal_control,1.9668787753604963e-81,9.597953836114382e-12,-0.6325145174570053,0.2315202231520223,28.614861967885023
27,BHLHE40,True,4.0,0.01,0.5,0.1,regulon_significant_plus_expression_significant_plus_direction,lesion,lesion,1.2760362542900071e-34,1.529949104785675e-07,1.1363433892502643,0.1587837837837837,12.392424888240859
27,NFE2L2,True,5.0,0.01,0.5,0.1,regulon_significant_plus_expression_significant_plus_direction,lesion,lesion,1.6378667723003972e-19,4.488026735548041e-06,0.6845241377063578,0.3626126126126126,6.987108470383587
27,SOX2,True,3.0,0.01,0.5,0.1,regulon_significant_plus_expression_significant_plus_direction,lesion,lesion,9.389270902003821e-66,6.358243030105812e-06,0.6693425125580267,0.2522522522522522,23.14429917547441
27,HMGA1,False,,0.01,0.5,0.1,regulon_significant_plus_expression_significant_plus_direction,lesion,lesion,1.6881760814233672e-19,0.0020079019324663,0.7445295603179917,0.072072072072072,6.94540355055798
27,TCF4,False,,0.01,0.5,0.1,regulon_significant_plus_expression_significant_plus_direction,internal_control,lesion,2.5162199249417195e-49,0.0564812833706176,0.115325938290752,0.7612612612612613,17.20235432169234
27,NR2F2,False,,0.01,0.5,0.1,regulon_significant_plus_expression_significant_plus_direction,internal_control,lesion,2.7260446537151666e-49,0.6962069302383829,0.3910689545084058,0.0349099099099099,17.141419578143193
27,CEBPD,False,,0.01,0.5,0.1,regulon_significant_plus_expression_significant_plus_direction,lesion,lesion,1.0129790988328588e-48,0.9247351769699248,0.0211323518984938,0.0427927927927927,16.91399471214932
27,ATF7,False,,0.01,0.5,0.1,regulon_significant_plus_expression_significant_plus_direction,lesion,lesion,7.059258557174854e-21,0.957350567735444,0.0723226656345507,0.2871621621621621,7.235679684271952
28,SATB2,True,2.0,0.05,0.0,0.0,regulon_significant_plus_direction,internal_control,internal_control,5.548087738525609e-99,2.342053487924074e-31,-0.7058935339628609,0.4107391910739191,34.818760412936605
28,THRB,True,1.0,0.05,0.0,0.0,regulon_significant_plus_direction,internal_control,internal_control,4.053395110306913e-114,7.47524063251269e-21,-0.3614128972332711,0.6415620641562064,40.04207029812129
28,RARB,True,3.0,0.05,0.0,0.0,regulon_significant_plus_direction,internal_control,internal_control,1.9668787753604963e-81,9.597953836114382e-12,-0.6325145174570053,0.2315202231520223,28.614861967885023
28,BHLHE40,True,6.0,0.05,0.0,0.0,regulon_significant_plus_direction,lesion,lesion,1.2760362542900071e-34,1.529949104785675e-07,1.1363433892502643,0.1587837837837837,12.392424888240859
28,NFE2L2,True,8.0,0.05,0.0,0.0,regulon_significant_plus_direction,lesion,lesion,1.6378667723003972e-19,4.488026735548041e-06,0.6845241377063578,0.3626126126126126,6.987108470383587
28,SOX2,True,4.0,0.05,0.0,0.0,regulon_significant_plus_direction,lesion,lesion,9.389270902003821e-66,6.358243030105812e-06,0.6693425125580267,0.2522522522522522,23.14429917547441
28,HMGA1,True,9.0,0.05,0.0,0.0,regulon_significant_plus_direction,lesion,lesion,1.6881760814233672e-19,0.0020079019324663,0.7445295603179917,0.072072072072072,6.94540355055798
28,TCF4,False,,0.05,0.0,0.0,regulon_significant_plus_direction,internal_control,lesion,2.5162199249417195e-49,0.0564812833706176,0.115325938290752,0.7612612612612613,17.20235432169234
28,NR2F2,False,,0.05,0.0,0.0,regulon_significant_plus_direction,internal_control,lesion,2.7260446537151666e-49,0.6962069302383829,0.3910689545084058,0.0349099099099099,17.141419578143193
28,CEBPD,True,5.0,0.05,0.0,0.0,regulon_significant_plus_direction,lesion,lesion,1.0129790988328588e-48,0.9247351769699248,0.0211323518984938,0.0427927927927927,16.91399471214932
28,ATF7,True,7.0,0.05,0.0,0.0,regulon_significant_plus_direction,lesion,lesion,7.059258557174854e-21,0.957350567735444,0.0723226656345507,0.2871621621621621,7.235679684271952
29,SATB2,True,2.0,0.05,0.0,0.0,regulon_significant_plus_expression_significant,internal_control,internal_control,5.548087738525609e-99,2.342053487924074e-31,-0.7058935339628609,0.4107391910739191,34.818760412936605
29,THRB,True,1.0,0.05,0.0,0.0,regulon_significant_plus_expression_significant,internal_control,internal_control,4.053395110306913e-114,7.47524063251269e-21,-0.3614128972332711,0.6415620641562064,40.04207029812129
29,RARB,True,3.0,0.05,0.0,0.0,regulon_significant_plus_expression_significant,internal_control,internal_control,1.9668787753604963e-81,9.597953836114382e-12,-0.6325145174570053,0.2315202231520223,28.614861967885023
29,BHLHE40,True,5.0,0.05,0.0,0.0,regulon_significant_plus_expression_significant,lesion,lesion,1.2760362542900071e-34,1.529949104785675e-07,1.1363433892502643,0.1587837837837837,12.392424888240859
29,NFE2L2,True,6.0,0.05,0.0,0.0,regulon_significant_plus_expression_significant,lesion,lesion,1.6378667723003972e-19,4.488026735548041e-06,0.6845241377063578,0.3626126126126126,6.987108470383587
29,SOX2,True,4.0,0.05,0.0,0.0,regulon_significant_plus_expression_significant,lesion,lesion,9.389270902003821e-66,6.358243030105812e-06,0.6693425125580267,0.2522522522522522,23.14429917547441
29,HMGA1,True,7.0,0.05,0.0,0.0,regulon_significant_plus_expression_significant,lesion,lesion,1.6881760814233672e-19,0.0020079019324663,0.7445295603179917,0.072072072072072,6.94540355055798
29,TCF4,False,,0.05,0.0,0.0,regulon_significant_plus_expression_significant,internal_control,lesion,2.5162199249417195e-49,0.0564812833706176,0.115325938290752,0.7612612612612613,17.20235432169234
29,NR2F2,False,,0.05,0.0,0.0,regulon_significant_plus_expression_significant,internal_control,lesion,2.7260446537151666e-49,0.6962069302383829,0.3910689545084058,0.0349099099099099,17.141419578143193
29,CEBPD,False,,0.05,0.0,0.0,regulon_significant_plus_expression_significant,lesion,lesion,1.0129790988328588e-48,0.9247351769699248,0.0211323518984938,0.0427927927927927,16.91399471214932
29,ATF7,False,,0.05,0.0,0.0,regulon_significant_plus_expression_significant,lesion,lesion,7.059258557174854e-21,0.957350567735444,0.0723226656345507,0.2871621621621621,7.235679684271952
30,SATB2,True,2.0,0.05,0.0,0.0,regulon_significant_plus_expression_significant_plus_direction,internal_control,internal_control,5.548087738525609e-99,2.342053487924074e-31,-0.7058935339628609,0.4107391910739191,34.818760412936605
30,THRB,True,1.0,0.05,0.0,0.0,regulon_significant_plus_expression_significant_plus_direction,internal_control,internal_control,4.053395110306913e-114,7.47524063251269e-21,-0.3614128972332711,0.6415620641562064,40.04207029812129
30,RARB,True,3.0,0.05,0.0,0.0,regulon_significant_plus_expression_significant_plus_direction,internal_control,internal_control,1.9668787753604963e-81,9.597953836114382e-12,-0.6325145174570053,0.2315202231520223,28.614861967885023
30,BHLHE40,True,5.0,0.05,0.0,0.0,regulon_significant_plus_expression_significant_plus_direction,lesion,lesion,1.2760362542900071e-34,1.529949104785675e-07,1.1363433892502643,0.1587837837837837,12.392424888240859
30,NFE2L2,True,6.0,0.05,0.0,0.0,regulon_significant_plus_expression_significant_plus_direction,lesion,lesion,1.6378667723003972e-19,4.488026735548041e-06,0.6845241377063578,0.3626126126126126,6.987108470383587
30,SOX2,True,4.0,0.05,0.0,0.0,regulon_significant_plus_expression_significant_plus_direction,lesion,lesion,9.389270902003821e-66,6.358243030105812e-06,0.6693425125580267,0.2522522522522522,23.14429917547441
30,HMGA1,True,7.0,0.05,0.0,0.0,regulon_significant_plus_expression_significant_plus_direction,lesion,lesion,1.6881760814233672e-19,0.0020079019324663,0.7445295603179917,0.072072072072072,6.94540355055798
30,TCF4,False,,0.05,0.0,0.0,regulon_significant_plus_expression_significant_plus_direction,internal_control,lesion,2.5162199249417195e-49,0.0564812833706176,0.115325938290752,0.7612612612612613,17.20235432169234
30,NR2F2,False,,0.05,0.0,0.0,regulon_significant_plus_expression_significant_plus_direction,internal_control,lesion,2.7260446537151666e-49,0.6962069302383829,0.3910689545084058,0.0349099099099099,17.141419578143193
30,CEBPD,False,,0.05,0.0,0.0,regulon_significant_plus_expression_significant_plus_direction,lesion,lesion,1.0129790988328588e-48,0.9247351769699248,0.0211323518984938,0.0427927927927927,16.91399471214932
30,ATF7,False,,0.05,0.0,0.0,regulon_significant_plus_expression_significant_plus_direction,lesion,lesion,7.059258557174854e-21,0.957350567735444,0.0723226656345507,0.2871621621621621,7.235679684271952
31,SATB2,True,2.0,0.05,0.0,0.05,regulon_significant_plus_direction,internal_control,internal_control,5.548087738525609e-99,2.342053487924074e-31,-0.7058935339628609,0.4107391910739191,34.818760412936605
31,THRB,True,1.0,0.05,0.0,0.05,regulon_significant_plus_direction,internal_control,internal_control,4.053395110306913e-114,7.47524063251269e-21,-0.3614128972332711,0.6415620641562064,40.04207029812129
31,RARB,True,3.0,0.05,0.0,0.05,regulon_significant_plus_direction,internal_control,internal_control,1.9668787753604963e-81,9.597953836114382e-12,-0.6325145174570053,0.2315202231520223,28.614861967885023
31,BHLHE40,True,5.0,0.05,0.0,0.05,regulon_significant_plus_direction,lesion,lesion,1.2760362542900071e-34,1.529949104785675e-07,1.1363433892502643,0.1587837837837837,12.392424888240859
31,NFE2L2,True,7.0,0.05,0.0,0.05,regulon_significant_plus_direction,lesion,lesion,1.6378667723003972e-19,4.488026735548041e-06,0.6845241377063578,0.3626126126126126,6.987108470383587
31,SOX2,True,4.0,0.05,0.0,0.05,regulon_significant_plus_direction,lesion,lesion,9.389270902003821e-66,6.358243030105812e-06,0.6693425125580267,0.2522522522522522,23.14429917547441
31,HMGA1,True,8.0,0.05,0.0,0.05,regulon_significant_plus_direction,lesion,lesion,1.6881760814233672e-19,0.0020079019324663,0.7445295603179917,0.072072072072072,6.94540355055798
31,TCF4,False,,0.05,0.0,0.05,regulon_significant_plus_direction,internal_control,lesion,2.5162199249417195e-49,0.0564812833706176,0.115325938290752,0.7612612612612613,17.20235432169234
31,NR2F2,False,,0.05,0.0,0.05,regulon_significant_plus_direction,internal_control,lesion,2.7260446537151666e-49,0.6962069302383829,0.3910689545084058,0.0349099099099099,17.141419578143193
31,CEBPD,False,,0.05,0.0,0.05,regulon_significant_plus_direction,lesion,lesion,1.0129790988328588e-48,0.9247351769699248,0.0211323518984938,0.0427927927927927,16.91399471214932
31,ATF7,True,6.0,0.05,0.0,0.05,regulon_significant_plus_direction,lesion,lesion,7.059258557174854e-21,0.957350567735444,0.0723226656345507,0.2871621621621621,7.235679684271952
32,SATB2,True,2.0,0.05,0.0,0.05,regulon_significant_plus_expression_significant,internal_control,internal_control,5.548087738525609e-99,2.342053487924074e-31,-0.7058935339628609,0.4107391910739191,34.818760412936605
32,THRB,True,1.0,0.05,0.0,0.05,regulon_significant_plus_expression_significant,internal_control,internal_control,4.053395110306913e-114,7.47524063251269e-21,-0.3614128972332711,0.6415620641562064,40.04207029812129
32,RARB,True,3.0,0.05,0.0,0.05,regulon_significant_plus_expression_significant,internal_control,internal_control,1.9668787753604963e-81,9.597953836114382e-12,-0.6325145174570053,0.2315202231520223,28.614861967885023
32,BHLHE40,True,5.0,0.05,0.0,0.05,regulon_significant_plus_expression_significant,lesion,lesion,1.2760362542900071e-34,1.529949104785675e-07,1.1363433892502643,0.1587837837837837,12.392424888240859
32,NFE2L2,True,6.0,0.05,0.0,0.05,regulon_significant_plus_expression_significant,lesion,lesion,1.6378667723003972e-19,4.488026735548041e-06,0.6845241377063578,0.3626126126126126,6.987108470383587
32,SOX2,True,4.0,0.05,0.0,0.05,regulon_significant_plus_expression_significant,lesion,lesion,9.389270902003821e-66,6.358243030105812e-06,0.6693425125580267,0.2522522522522522,23.14429917547441
32,HMGA1,True,7.0,0.05,0.0,0.05,regulon_significant_plus_expression_significant,lesion,lesion,1.6881760814233672e-19,0.0020079019324663,0.7445295603179917,0.072072072072072,6.94540355055798
32,TCF4,False,,0.05,0.0,0.05,regulon_significant_plus_expression_significant,internal_control,lesion,2.5162199249417195e-49,0.0564812833706176,0.115325938290752,0.7612612612612613,17.20235432169234
32,NR2F2,False,,0.05,0.0,0.05,regulon_significant_plus_expression_significant,internal_control,lesion,2.7260446537151666e-49,0.6962069302383829,0.3910689545084058,0.0349099099099099,17.141419578143193
32,CEBPD,False,,0.05,0.0,0.05,regulon_significant_plus_expression_significant,lesion,lesion,1.0129790988328588e-48,0.9247351769699248,0.0211323518984938,0.0427927927927927,16.91399471214932
32,ATF7,False,,0.05,0.0,0.05,regulon_significant_plus_expression_significant,lesion,lesion,7.059258557174854e-21,0.957350567735444,0.0723226656345507,0.2871621621621621,7.235679684271952
33,SATB2,True,2.0,0.05,0.0,0.05,regulon_significant_plus_expression_significant_plus_direction,internal_control,internal_control,5.548087738525609e-99,2.342053487924074e-31,-0.7058935339628609,0.4107391910739191,34.818760412936605
33,THRB,True,1.0,0.05,0.0,0.05,regulon_significant_plus_expression_significant_plus_direction,internal_control,internal_control,4.053395110306913e-114,7.47524063251269e-21,-0.3614128972332711,0.6415620641562064,40.04207029812129
33,RARB,True,3.0,0.05,0.0,0.05,regulon_significant_plus_expression_significant_plus_direction,internal_control,internal_control,1.9668787753604963e-81,9.597953836114382e-12,-0.6325145174570053,0.2315202231520223,28.614861967885023
33,BHLHE40,True,5.0,0.05,0.0,0.05,regulon_significant_plus_expression_significant_plus_direction,lesion,lesion,1.2760362542900071e-34,1.529949104785675e-07,1.1363433892502643,0.1587837837837837,12.392424888240859
33,NFE2L2,True,6.0,0.05,0.0,0.05,regulon_significant_plus_expression_significant_plus_direction,lesion,lesion,1.6378667723003972e-19,4.488026735548041e-06,0.6845241377063578,0.3626126126126126,6.987108470383587
33,SOX2,True,4.0,0.05,0.0,0.05,regulon_significant_plus_expression_significant_plus_direction,lesion,lesion,9.389270902003821e-66,6.358243030105812e-06,0.6693425125580267,0.2522522522522522,23.14429917547441
33,HMGA1,True,7.0,0.05,0.0,0.05,regulon_significant_plus_expression_significant_plus_direction,lesion,lesion,1.6881760814233672e-19,0.0020079019324663,0.7445295603179917,0.072072072072072,6.94540355055798
33,TCF4,False,,0.05,0.0,0.05,regulon_significant_plus_expression_significant_plus_direction,internal_control,lesion,2.5162199249417195e-49,0.0564812833706176,0.115325938290752,0.7612612612612613,17.20235432169234
33,NR2F2,False,,0.05,0.0,0.05,regulon_significant_plus_expression_significant_plus_direction,internal_control,lesion,2.7260446537151666e-49,0.6962069302383829,0.3910689545084058,0.0349099099099099,17.141419578143193
33,CEBPD,False,,0.05,0.0,0.05,regulon_significant_plus_expression_significant_plus_direction,lesion,lesion,1.0129790988328588e-48,0.9247351769699248,0.0211323518984938,0.0427927927927927,16.91399471214932
33,ATF7,False,,0.05,0.0,0.05,regulon_significant_plus_expression_significant_plus_direction,lesion,lesion,7.059258557174854e-21,0.957350567735444,0.0723226656345507,0.2871621621621621,7.235679684271952
34,SATB2,True,2.0,0.05,0.0,0.1,regulon_significant_plus_direction,internal_control,internal_control,5.548087738525609e-99,2.342053487924074e-31,-0.7058935339628609,0.4107391910739191,34.818760412936605
34,THRB,True,1.0,0.05,0.0,0.1,regulon_significant_plus_direction,internal_control,internal_control,4.053395110306913e-114,7.47524063251269e-21,-0.3614128972332711,0.6415620641562064,40.04207029812129
34,RARB,True,3.0,0.05,0.0,0.1,regulon_significant_plus_direction,internal_control,internal_control,1.9668787753604963e-81,9.597953836114382e-12,-0.6325145174570053,0.2315202231520223,28.614861967885023
34,BHLHE40,True,5.0,0.05,0.0,0.1,regulon_significant_plus_direction,lesion,lesion,1.2760362542900071e-34,1.529949104785675e-07,1.1363433892502643,0.1587837837837837,12.392424888240859
34,NFE2L2,True,7.0,0.05,0.0,0.1,regulon_significant_plus_direction,lesion,lesion,1.6378667723003972e-19,4.488026735548041e-06,0.6845241377063578,0.3626126126126126,6.987108470383587
34,SOX2,True,4.0,0.05,0.0,0.1,regulon_significant_plus_direction,lesion,lesion,9.389270902003821e-66,6.358243030105812e-06,0.6693425125580267,0.2522522522522522,23.14429917547441
34,HMGA1,False,,0.05,0.0,0.1,regulon_significant_plus_direction,lesion,lesion,1.6881760814233672e-19,0.0020079019324663,0.7445295603179917,0.072072072072072,6.94540355055798
34,TCF4,False,,0.05,0.0,0.1,regulon_significant_plus_direction,internal_control,lesion,2.5162199249417195e-49,0.0564812833706176,0.115325938290752,0.7612612612612613,17.20235432169234
34,NR2F2,False,,0.05,0.0,0.1,regulon_significant_plus_direction,internal_control,lesion,2.7260446537151666e-49,0.6962069302383829,0.3910689545084058,0.0349099099099099,17.141419578143193
34,CEBPD,False,,0.05,0.0,0.1,regulon_significant_plus_direction,lesion,lesion,1.0129790988328588e-48,0.9247351769699248,0.0211323518984938,0.0427927927927927,16.91399471214932
34,ATF7,True,6.0,0.05,0.0,0.1,regulon_significant_plus_direction,lesion,lesion,7.059258557174854e-21,0.957350567735444,0.0723226656345507,0.2871621621621621,7.235679684271952
35,SATB2,True,2.0,0.05,0.0,0.1,regulon_significant_plus_expression_significant,internal_control,internal_control,5.548087738525609e-99,2.342053487924074e-31,-0.7058935339628609,0.4107391910739191,34.818760412936605
35,THRB,True,1.0,0.05,0.0,0.1,regulon_significant_plus_expression_significant,internal_control,internal_control,4.053395110306913e-114,7.47524063251269e-21,-0.3614128972332711,0.6415620641562064,40.04207029812129
35,RARB,True,3.0,0.05,0.0,0.1,regulon_significant_plus_expression_significant,internal_control,internal_control,1.9668787753604963e-81,9.597953836114382e-12,-0.6325145174570053,0.2315202231520223,28.614861967885023
35,BHLHE40,True,5.0,0.05,0.0,0.1,regulon_significant_plus_expression_significant,lesion,lesion,1.2760362542900071e-34,1.529949104785675e-07,1.1363433892502643,0.1587837837837837,12.392424888240859
35,NFE2L2,True,6.0,0.05,0.0,0.1,regulon_significant_plus_expression_significant,lesion,lesion,1.6378667723003972e-19,4.488026735548041e-06,0.6845241377063578,0.3626126126126126,6.987108470383587
35,SOX2,True,4.0,0.05,0.0,0.1,regulon_significant_plus_expression_significant,lesion,lesion,9.389270902003821e-66,6.358243030105812e-06,0.6693425125580267,0.2522522522522522,23.14429917547441
35,HMGA1,False,,0.05,0.0,0.1,regulon_significant_plus_expression_significant,lesion,lesion,1.6881760814233672e-19,0.0020079019324663,0.7445295603179917,0.072072072072072,6.94540355055798
35,TCF4,False,,0.05,0.0,0.1,regulon_significant_plus_expression_significant,internal_control,lesion,2.5162199249417195e-49,0.0564812833706176,0.115325938290752,0.7612612612612613,17.20235432169234
35,NR2F2,False,,0.05,0.0,0.1,regulon_significant_plus_expression_significant,internal_control,lesion,2.7260446537151666e-49,0.6962069302383829,0.3910689545084058,0.0349099099099099,17.141419578143193
35,CEBPD,False,,0.05,0.0,0.1,regulon_significant_plus_expression_significant,lesion,lesion,1.0129790988328588e-48,0.9247351769699248,0.0211323518984938,0.0427927927927927,16.91399471214932
35,ATF7,False,,0.05,0.0,0.1,regulon_significant_plus_expression_significant,lesion,lesion,7.059258557174854e-21,0.957350567735444,0.0723226656345507,0.2871621621621621,7.235679684271952
36,SATB2,True,2.0,0.05,0.0,0.1,regulon_significant_plus_expression_significant_plus_direction,internal_control,internal_control,5.548087738525609e-99,2.342053487924074e-31,-0.7058935339628609,0.4107391910739191,34.818760412936605
36,THRB,True,1.0,0.05,0.0,0.1,regulon_significant_plus_expression_significant_plus_direction,internal_control,internal_control,4.053395110306913e-114,7.47524063251269e-21,-0.3614128972332711,0.6415620641562064,40.04207029812129
36,RARB,True,3.0,0.05,0.0,0.1,regulon_significant_plus_expression_significant_plus_direction,internal_control,internal_control,1.9668787753604963e-81,9.597953836114382e-12,-0.6325145174570053,0.2315202231520223,28.614861967885023
36,BHLHE40,True,5.0,0.05,0.0,0.1,regulon_significant_plus_expression_significant_plus_direction,lesion,lesion,1.2760362542900071e-34,1.529949104785675e-07,1.1363433892502643,0.1587837837837837,12.392424888240859
36,NFE2L2,True,6.0,0.05,0.0,0.1,regulon_significant_plus_expression_significant_plus_direction,lesion,lesion,1.6378667723003972e-19,4.488026735548041e-06,0.6845241377063578,0.3626126126126126,6.987108470383587
36,SOX2,True,4.0,0.05,0.0,0.1,regulon_significant_plus_expression_significant_plus_direction,lesion,lesion,9.389270902003821e-66,6.358243030105812e-06,0.6693425125580267,0.2522522522522522,23.14429917547441
36,HMGA1,False,,0.05,0.0,0.1,regulon_significant_plus_expression_significant_plus_direction,lesion,lesion,1.6881760814233672e-19,0.0020079019324663,0.7445295603179917,0.072072072072072,6.94540355055798
36,TCF4,False,,0.05,0.0,0.1,regulon_significant_plus_expression_significant_plus_direction,internal_control,lesion,2.5162199249417195e-49,0.0564812833706176,0.115325938290752,0.7612612612612613,17.20235432169234
36,NR2F2,False,,0.05,0.0,0.1,regulon_significant_plus_expression_significant_plus_direction,internal_control,lesion,2.7260446537151666e-49,0.6962069302383829,0.3910689545084058,0.0349099099099099,17.141419578143193
36,CEBPD,False,,0.05,0.0,0.1,regulon_significant_plus_expression_significant_plus_direction,lesion,lesion,1.0129790988328588e-48,0.9247351769699248,0.0211323518984938,0.0427927927927927,16.91399471214932
36,ATF7,False,,0.05,0.0,0.1,regulon_significant_plus_expression_significant_plus_direction,lesion,lesion,7.059258557174854e-21,0.957350567735444,0.0723226656345507,0.2871621621621621,7.235679684271952
37,SATB2,True,2.0,0.05,0.25,0.0,regulon_significant_plus_direction,internal_control,internal_control,5.548087738525609e-99,2.342053487924074e-31,-0.7058935339628609,0.4107391910739191,34.818760412936605
37,THRB,True,1.0,0.05,0.25,0.0,regulon_significant_plus_direction,internal_control,internal_control,4.053395110306913e-114,7.47524063251269e-21,-0.3614128972332711,0.6415620641562064,40.04207029812129
37,RARB,True,3.0,0.05,0.25,0.0,regulon_significant_plus_direction,internal_control,internal_control,1.9668787753604963e-81,9.597953836114382e-12,-0.6325145174570053,0.2315202231520223,28.614861967885023
37,BHLHE40,True,5.0,0.05,0.25,0.0,regulon_significant_plus_direction,lesion,lesion,1.2760362542900071e-34,1.529949104785675e-07,1.1363433892502643,0.1587837837837837,12.392424888240859
37,NFE2L2,True,6.0,0.05,0.25,0.0,regulon_significant_plus_direction,lesion,lesion,1.6378667723003972e-19,4.488026735548041e-06,0.6845241377063578,0.3626126126126126,6.987108470383587
37,SOX2,True,4.0,0.05,0.25,0.0,regulon_significant_plus_direction,lesion,lesion,9.389270902003821e-66,6.358243030105812e-06,0.6693425125580267,0.2522522522522522,23.14429917547441
37,HMGA1,True,7.0,0.05,0.25,0.0,regulon_significant_plus_direction,lesion,lesion,1.6881760814233672e-19,0.0020079019324663,0.7445295603179917,0.072072072072072,6.94540355055798
37,TCF4,False,,0.05,0.25,0.0,regulon_significant_plus_direction,internal_control,lesion,2.5162199249417195e-49,0.0564812833706176,0.115325938290752,0.7612612612612613,17.20235432169234
37,NR2F2,False,,0.05,0.25,0.0,regulon_significant_plus_direction,internal_control,lesion,2.7260446537151666e-49,0.6962069302383829,0.3910689545084058,0.0349099099099099,17.141419578143193
37,CEBPD,False,,0.05,0.25,0.0,regulon_significant_plus_direction,lesion,lesion,1.0129790988328588e-48,0.9247351769699248,0.0211323518984938,0.0427927927927927,16.91399471214932
37,ATF7,False,,0.05,0.25,0.0,regulon_significant_plus_direction,lesion,lesion,7.059258557174854e-21,0.957350567735444,0.0723226656345507,0.2871621621621621,7.235679684271952
38,SATB2,True,2.0,0.05,0.25,0.0,regulon_significant_plus_expression_significant,internal_control,internal_control,5.548087738525609e-99,2.342053487924074e-31,-0.7058935339628609,0.4107391910739191,34.818760412936605
38,THRB,True,1.0,0.05,0.25,0.0,regulon_significant_plus_expression_significant,internal_control,internal_control,4.053395110306913e-114,7.47524063251269e-21,-0.3614128972332711,0.6415620641562064,40.04207029812129
38,RARB,True,3.0,0.05,0.25,0.0,regulon_significant_plus_expression_significant,internal_control,internal_control,1.9668787753604963e-81,9.597953836114382e-12,-0.6325145174570053,0.2315202231520223,28.614861967885023
38,BHLHE40,True,5.0,0.05,0.25,0.0,regulon_significant_plus_expression_significant,lesion,lesion,1.2760362542900071e-34,1.529949104785675e-07,1.1363433892502643,0.1587837837837837,12.392424888240859
38,NFE2L2,True,6.0,0.05,0.25,0.0,regulon_significant_plus_expression_significant,lesion,lesion,1.6378667723003972e-19,4.488026735548041e-06,0.6845241377063578,0.3626126126126126,6.987108470383587
38,SOX2,True,4.0,0.05,0.25,0.0,regulon_significant_plus_expression_significant,lesion,lesion,9.389270902003821e-66,6.358243030105812e-06,0.6693425125580267,0.2522522522522522,23.14429917547441
38,HMGA1,True,7.0,0.05,0.25,0.0,regulon_significant_plus_expression_significant,lesion,lesion,1.6881760814233672e-19,0.0020079019324663,0.7445295603179917,0.072072072072072,6.94540355055798
38,TCF4,False,,0.05,0.25,0.0,regulon_significant_plus_expression_significant,internal_control,lesion,2.5162199249417195e-49,0.0564812833706176,0.115325938290752,0.7612612612612613,17.20235432169234
38,NR2F2,False,,0.05,0.25,0.0,regulon_significant_plus_expression_significant,internal_control,lesion,2.7260446537151666e-49,0.6962069302383829,0.3910689545084058,0.0349099099099099,17.141419578143193
38,CEBPD,False,,0.05,0.25,0.0,regulon_significant_plus_expression_significant,lesion,lesion,1.0129790988328588e-48,0.9247351769699248,0.0211323518984938,0.0427927927927927,16.91399471214932
38,ATF7,False,,0.05,0.25,0.0,regulon_significant_plus_expression_significant,lesion,lesion,7.059258557174854e-21,0.957350567735444,0.0723226656345507,0.2871621621621621,7.235679684271952
39,SATB2,True,2.0,0.05,0.25,0.0,regulon_significant_plus_expression_significant_plus_direction,internal_control,internal_control,5.548087738525609e-99,2.342053487924074e-31,-0.7058935339628609,0.4107391910739191,34.818760412936605
39,THRB,True,1.0,0.05,0.25,0.0,regulon_significant_plus_expression_significant_plus_direction,internal_control,internal_control,4.053395110306913e-114,7.47524063251269e-21,-0.3614128972332711,0.6415620641562064,40.04207029812129
39,RARB,True,3.0,0.05,0.25,0.0,regulon_significant_plus_expression_significant_plus_direction,internal_control,internal_control,1.9668787753604963e-81,9.597953836114382e-12,-0.6325145174570053,0.2315202231520223,28.614861967885023
39,BHLHE40,True,5.0,0.05,0.25,0.0,regulon_significant_plus_expression_significant_plus_direction,lesion,lesion,1.2760362542900071e-34,1.529949104785675e-07,1.1363433892502643,0.1587837837837837,12.392424888240859
39,NFE2L2,True,6.0,0.05,0.25,0.0,regulon_significant_plus_expression_significant_plus_direction,lesion,lesion,1.6378667723003972e-19,4.488026735548041e-06,0.6845241377063578,0.3626126126126126,6.987108470383587
39,SOX2,True,4.0,0.05,0.25,0.0,regulon_significant_plus_expression_significant_plus_direction,lesion,lesion,9.389270902003821e-66,6.358243030105812e-06,0.6693425125580267,0.2522522522522522,23.14429917547441
39,HMGA1,True,7.0,0.05,0.25,0.0,regulon_significant_plus_expression_significant_plus_direction,lesion,lesion,1.6881760814233672e-19,0.0020079019324663,0.7445295603179917,0.072072072072072,6.94540355055798
39,TCF4,False,,0.05,0.25,0.0,regulon_significant_plus_expression_significant_plus_direction,internal_control,lesion,2.5162199249417195e-49,0.0564812833706176,0.115325938290752,0.7612612612612613,17.20235432169234
39,NR2F2,False,,0.05,0.25,0.0,regulon_significant_plus_expression_significant_plus_direction,internal_control,lesion,2.7260446537151666e-49,0.6962069302383829,0.3910689545084058,0.0349099099099099,17.141419578143193
39,CEBPD,False,,0.05,0.25,0.0,regulon_significant_plus_expression_significant_plus_direction,lesion,lesion,1.0129790988328588e-48,0.9247351769699248,0.0211323518984938,0.0427927927927927,16.91399471214932
39,ATF7,False,,0.05,0.25,0.0,regulon_significant_plus_expression_significant_plus_direction,lesion,lesion,7.059258557174854e-21,0.957350567735444,0.0723226656345507,0.2871621621621621,7.235679684271952
40,SATB2,True,2.0,0.05,0.25,0.05,regulon_significant_plus_direction,internal_control,internal_control,5.548087738525609e-99,2.342053487924074e-31,-0.7058935339628609,0.4107391910739191,34.818760412936605
40,THRB,True,1.0,0.05,0.25,0.05,regulon_significant_plus_direction,internal_control,internal_control,4.053395110306913e-114,7.47524063251269e-21,-0.3614128972332711,0.6415620641562064,40.04207029812129
40,RARB,True,3.0,0.05,0.25,0.05,regulon_significant_plus_direction,internal_control,internal_control,1.9668787753604963e-81,9.597953836114382e-12,-0.6325145174570053,0.2315202231520223,28.614861967885023
40,BHLHE40,True,5.0,0.05,0.25,0.05,regulon_significant_plus_direction,lesion,lesion,1.2760362542900071e-34,1.529949104785675e-07,1.1363433892502643,0.1587837837837837,12.392424888240859
40,NFE2L2,True,6.0,0.05,0.25,0.05,regulon_significant_plus_direction,lesion,lesion,1.6378667723003972e-19,4.488026735548041e-06,0.6845241377063578,0.3626126126126126,6.987108470383587
40,SOX2,True,4.0,0.05,0.25,0.05,regulon_significant_plus_direction,lesion,lesion,9.389270902003821e-66,6.358243030105812e-06,0.6693425125580267,0.2522522522522522,23.14429917547441
40,HMGA1,True,7.0,0.05,0.25,0.05,regulon_significant_plus_direction,lesion,lesion,1.6881760814233672e-19,0.0020079019324663,0.7445295603179917,0.072072072072072,6.94540355055798
40,TCF4,False,,0.05,0.25,0.05,regulon_significant_plus_direction,internal_control,lesion,2.5162199249417195e-49,0.0564812833706176,0.115325938290752,0.7612612612612613,17.20235432169234
40,NR2F2,False,,0.05,0.25,0.05,regulon_significant_plus_direction,internal_control,lesion,2.7260446537151666e-49,0.6962069302383829,0.3910689545084058,0.0349099099099099,17.141419578143193
40,CEBPD,False,,0.05,0.25,0.05,regulon_significant_plus_direction,lesion,lesion,1.0129790988328588e-48,0.9247351769699248,0.0211323518984938,0.0427927927927927,16.91399471214932
40,ATF7,False,,0.05,0.25,0.05,regulon_significant_plus_direction,lesion,lesion,7.059258557174854e-21,0.957350567735444,0.0723226656345507,0.2871621621621621,7.235679684271952
41,SATB2,True,2.0,0.05,0.25,0.05,regulon_significant_plus_expression_significant,internal_control,internal_control,5.548087738525609e-99,2.342053487924074e-31,-0.7058935339628609,0.4107391910739191,34.818760412936605
41,THRB,True,1.0,0.05,0.25,0.05,regulon_significant_plus_expression_significant,internal_control,internal_control,4.053395110306913e-114,7.47524063251269e-21,-0.3614128972332711,0.6415620641562064,40.04207029812129
41,RARB,True,3.0,0.05,0.25,0.05,regulon_significant_plus_expression_significant,internal_control,internal_control,1.9668787753604963e-81,9.597953836114382e-12,-0.6325145174570053,0.2315202231520223,28.614861967885023
41,BHLHE40,True,5.0,0.05,0.25,0.05,regulon_significant_plus_expression_significant,lesion,lesion,1.2760362542900071e-34,1.529949104785675e-07,1.1363433892502643,0.1587837837837837,12.392424888240859
41,NFE2L2,True,6.0,0.05,0.25,0.05,regulon_significant_plus_expression_significant,lesion,lesion,1.6378667723003972e-19,4.488026735548041e-06,0.6845241377063578,0.3626126126126126,6.987108470383587
41,SOX2,True,4.0,0.05,0.25,0.05,regulon_significant_plus_expression_significant,lesion,lesion,9.389270902003821e-66,6.358243030105812e-06,0.6693425125580267,0.2522522522522522,23.14429917547441
41,HMGA1,True,7.0,0.05,0.25,0.05,regulon_significant_plus_expression_significant,lesion,lesion,1.6881760814233672e-19,0.0020079019324663,0.7445295603179917,0.072072072072072,6.94540355055798
41,TCF4,False,,0.05,0.25,0.05,regulon_significant_plus_expression_significant,internal_control,lesion,2.5162199249417195e-49,0.0564812833706176,0.115325938290752,0.7612612612612613,17.20235432169234
41,NR2F2,False,,0.05,0.25,0.05,regulon_significant_plus_expression_significant,internal_control,lesion,2.7260446537151666e-49,0.6962069302383829,0.3910689545084058,0.0349099099099099,17.141419578143193
41,CEBPD,False,,0.05,0.25,0.05,regulon_significant_plus_expression_significant,lesion,lesion,1.0129790988328588e-48,0.9247351769699248,0.0211323518984938,0.0427927927927927,16.91399471214932
41,ATF7,False,,0.05,0.25,0.05,regulon_significant_plus_expression_significant,lesion,lesion,7.059258557174854e-21,0.957350567735444,0.0723226656345507,0.2871621621621621,7.235679684271952
42,SATB2,True,2.0,0.05,0.25,0.05,regulon_significant_plus_expression_significant_plus_direction,internal_control,internal_control,5.548087738525609e-99,2.342053487924074e-31,-0.7058935339628609,0.4107391910739191,34.818760412936605
42,THRB,True,1.0,0.05,0.25,0.05,regulon_significant_plus_expression_significant_plus_direction,internal_control,internal_control,4.053395110306913e-114,7.47524063251269e-21,-0.3614128972332711,0.6415620641562064,40.04207029812129
42,RARB,True,3.0,0.05,0.25,0.05,regulon_significant_plus_expression_significant_plus_direction,internal_control,internal_control,1.9668787753604963e-81,9.597953836114382e-12,-0.6325145174570053,0.2315202231520223,28.614861967885023
42,BHLHE40,True,5.0,0.05,0.25,0.05,regulon_significant_plus_expression_significant_plus_direction,lesion,lesion,1.2760362542900071e-34,1.529949104785675e-07,1.1363433892502643,0.1587837837837837,12.392424888240859
42,NFE2L2,True,6.0,0.05,0.25,0.05,regulon_significant_plus_expression_significant_plus_direction,lesion,lesion,1.6378667723003972e-19,4.488026735548041e-06,0.6845241377063578,0.3626126126126126,6.987108470383587
42,SOX2,True,4.0,0.05,0.25,0.05,regulon_significant_plus_expression_significant_plus_direction,lesion,lesion,9.389270902003821e-66,6.358243030105812e-06,0.6693425125580267,0.2522522522522522,23.14429917547441
42,HMGA1,True,7.0,0.05,0.25,0.05,regulon_significant_plus_expression_significant_plus_direction,lesion,lesion,1.6881760814233672e-19,0.0020079019324663,0.7445295603179917,0.072072072072072,6.94540355055798
42,TCF4,False,,0.05,0.25,0.05,regulon_significant_plus_expression_significant_plus_direction,internal_control,lesion,2.5162199249417195e-49,0.0564812833706176,0.115325938290752,0.7612612612612613,17.20235432169234
42,NR2F2,False,,0.05,0.25,0.05,regulon_significant_plus_expression_significant_plus_direction,internal_control,lesion,2.7260446537151666e-49,0.6962069302383829,0.3910689545084058,0.0349099099099099,17.141419578143193
42,CEBPD,False,,0.05,0.25,0.05,regulon_significant_plus_expression_significant_plus_direction,lesion,lesion,1.0129790988328588e-48,0.9247351769699248,0.0211323518984938,0.0427927927927927,16.91399471214932
42,ATF7,False,,0.05,0.25,0.05,regulon_significant_plus_expression_significant_plus_direction,lesion,lesion,7.059258557174854e-21,0.957350567735444,0.0723226656345507,0.2871621621621621,7.235679684271952
43,SATB2,True,2.0,0.05,0.25,0.1,regulon_significant_plus_direction,internal_control,internal_control,5.548087738525609e-99,2.342053487924074e-31,-0.7058935339628609,0.4107391910739191,34.818760412936605
43,THRB,True,1.0,0.05,0.25,0.1,regulon_significant_plus_direction,internal_control,internal_control,4.053395110306913e-114,7.47524063251269e-21,-0.3614128972332711,0.6415620641562064,40.04207029812129
43,RARB,True,3.0,0.05,0.25,0.1,regulon_significant_plus_direction,internal_control,internal_control,1.9668787753604963e-81,9.597953836114382e-12,-0.6325145174570053,0.2315202231520223,28.614861967885023
43,BHLHE40,True,5.0,0.05,0.25,0.1,regulon_significant_plus_direction,lesion,lesion,1.2760362542900071e-34,1.529949104785675e-07,1.1363433892502643,0.1587837837837837,12.392424888240859
43,NFE2L2,True,6.0,0.05,0.25,0.1,regulon_significant_plus_direction,lesion,lesion,1.6378667723003972e-19,4.488026735548041e-06,0.6845241377063578,0.3626126126126126,6.987108470383587
43,SOX2,True,4.0,0.05,0.25,0.1,regulon_significant_plus_direction,lesion,lesion,9.389270902003821e-66,6.358243030105812e-06,0.6693425125580267,0.2522522522522522,23.14429917547441
43,HMGA1,False,,0.05,0.25,0.1,regulon_significant_plus_direction,lesion,lesion,1.6881760814233672e-19,0.0020079019324663,0.7445295603179917,0.072072072072072,6.94540355055798
43,TCF4,False,,0.05,0.25,0.1,regulon_significant_plus_direction,internal_control,lesion,2.5162199249417195e-49,0.0564812833706176,0.115325938290752,0.7612612612612613,17.20235432169234
43,NR2F2,False,,0.05,0.25,0.1,regulon_significant_plus_direction,internal_control,lesion,2.7260446537151666e-49,0.6962069302383829,0.3910689545084058,0.0349099099099099,17.141419578143193
43,CEBPD,False,,0.05,0.25,0.1,regulon_significant_plus_direction,lesion,lesion,1.0129790988328588e-48,0.9247351769699248,0.0211323518984938,0.0427927927927927,16.91399471214932
43,ATF7,False,,0.05,0.25,0.1,regulon_significant_plus_direction,lesion,lesion,7.059258557174854e-21,0.957350567735444,0.0723226656345507,0.2871621621621621,7.235679684271952
44,SATB2,True,2.0,0.05,0.25,0.1,regulon_significant_plus_expression_significant,internal_control,internal_control,5.548087738525609e-99,2.342053487924074e-31,-0.7058935339628609,0.4107391910739191,34.818760412936605
44,THRB,True,1.0,0.05,0.25,0.1,regulon_significant_plus_expression_significant,internal_control,internal_control,4.053395110306913e-114,7.47524063251269e-21,-0.3614128972332711,0.6415620641562064,40.04207029812129
44,RARB,True,3.0,0.05,0.25,0.1,regulon_significant_plus_expression_significant,internal_control,internal_control,1.9668787753604963e-81,9.597953836114382e-12,-0.6325145174570053,0.2315202231520223,28.614861967885023
44,BHLHE40,True,5.0,0.05,0.25,0.1,regulon_significant_plus_expression_significant,lesion,lesion,1.2760362542900071e-34,1.529949104785675e-07,1.1363433892502643,0.1587837837837837,12.392424888240859
44,NFE2L2,True,6.0,0.05,0.25,0.1,regulon_significant_plus_expression_significant,lesion,lesion,1.6378667723003972e-19,4.488026735548041e-06,0.6845241377063578,0.3626126126126126,6.987108470383587
44,SOX2,True,4.0,0.05,0.25,0.1,regulon_significant_plus_expression_significant,lesion,lesion,9.389270902003821e-66,6.358243030105812e-06,0.6693425125580267,0.2522522522522522,23.14429917547441
44,HMGA1,False,,0.05,0.25,0.1,regulon_significant_plus_expression_significant,lesion,lesion,1.6881760814233672e-19,0.0020079019324663,0.7445295603179917,0.072072072072072,6.94540355055798
44,TCF4,False,,0.05,0.25,0.1,regulon_significant_plus_expression_significant,internal_control,lesion,2.5162199249417195e-49,0.0564812833706176,0.115325938290752,0.7612612612612613,17.20235432169234
44,NR2F2,False,,0.05,0.25,0.1,regulon_significant_plus_expression_significant,internal_control,lesion,2.7260446537151666e-49,0.6962069302383829,0.3910689545084058,0.0349099099099099,17.141419578143193
44,CEBPD,False,,0.05,0.25,0.1,regulon_significant_plus_expression_significant,lesion,lesion,1.0129790988328588e-48,0.9247351769699248,0.0211323518984938,0.0427927927927927,16.91399471214932
44,ATF7,False,,0.05,0.25,0.1,regulon_significant_plus_expression_significant,lesion,lesion,7.059258557174854e-21,0.957350567735444,0.0723226656345507,0.2871621621621621,7.235679684271952
45,SATB2,True,2.0,0.05,0.25,0.1,regulon_significant_plus_expression_significant_plus_direction,internal_control,internal_control,5.548087738525609e-99,2.342053487924074e-31,-0.7058935339628609,0.4107391910739191,34.818760412936605
45,THRB,True,1.0,0.05,0.25,0.1,regulon_significant_plus_expression_significant_plus_direction,internal_control,internal_control,4.053395110306913e-114,7.47524063251269e-21,-0.3614128972332711,0.6415620641562064,40.04207029812129
45,RARB,True,3.0,0.05,0.25,0.1,regulon_significant_plus_expression_significant_plus_direction,internal_control,internal_control,1.9668787753604963e-81,9.597953836114382e-12,-0.6325145174570053,0.2315202231520223,28.614861967885023
45,BHLHE40,True,5.0,0.05,0.25,0.1,regulon_significant_plus_expression_significant_plus_direction,lesion,lesion,1.2760362542900071e-34,1.529949104785675e-07,1.1363433892502643,0.1587837837837837,12.392424888240859
45,NFE2L2,True,6.0,0.05,0.25,0.1,regulon_significant_plus_expression_significant_plus_direction,lesion,lesion,1.6378667723003972e-19,4.488026735548041e-06,0.6845241377063578,0.3626126126126126,6.987108470383587
45,SOX2,True,4.0,0.05,0.25,0.1,regulon_significant_plus_expression_significant_plus_direction,lesion,lesion,9.389270902003821e-66,6.358243030105812e-06,0.6693425125580267,0.2522522522522522,23.14429917547441
45,HMGA1,False,,0.05,0.25,0.1,regulon_significant_plus_expression_significant_plus_direction,lesion,lesion,1.6881760814233672e-19,0.0020079019324663,0.7445295603179917,0.072072072072072,6.94540355055798
45,TCF4,False,,0.05,0.25,0.1,regulon_significant_plus_expression_significant_plus_direction,internal_control,lesion,2.5162199249417195e-49,0.0564812833706176,0.115325938290752,0.7612612612612613,17.20235432169234
45,NR2F2,False,,0.05,0.25,0.1,regulon_significant_plus_expression_significant_plus_direction,internal_control,lesion,2.7260446537151666e-49,0.6962069302383829,0.3910689545084058,0.0349099099099099,17.141419578143193
45,CEBPD,False,,0.05,0.25,0.1,regulon_significant_plus_expression_significant_plus_direction,lesion,lesion,1.0129790988328588e-48,0.9247351769699248,0.0211323518984938,0.0427927927927927,16.91399471214932
45,ATF7,False,,0.05,0.25,0.1,regulon_significant_plus_expression_significant_plus_direction,lesion,lesion,7.059258557174854e-21,0.957350567735444,0.0723226656345507,0.2871621621621621,7.235679684271952
46,SATB2,True,1.0,0.05,0.5,0.0,regulon_significant_plus_direction,internal_control,internal_control,5.548087738525609e-99,2.342053487924074e-31,-0.7058935339628609,0.4107391910739191,34.818760412936605
46,THRB,False,,0.05,0.5,0.0,regulon_significant_plus_direction,internal_control,internal_control,4.053395110306913e-114,7.47524063251269e-21,-0.3614128972332711,0.6415620641562064,40.04207029812129
46,RARB,True,2.0,0.05,0.5,0.0,regulon_significant_plus_direction,internal_control,internal_control,1.9668787753604963e-81,9.597953836114382e-12,-0.6325145174570053,0.2315202231520223,28.614861967885023
46,BHLHE40,True,4.0,0.05,0.5,0.0,regulon_significant_plus_direction,lesion,lesion,1.2760362542900071e-34,1.529949104785675e-07,1.1363433892502643,0.1587837837837837,12.392424888240859
46,NFE2L2,True,5.0,0.05,0.5,0.0,regulon_significant_plus_direction,lesion,lesion,1.6378667723003972e-19,4.488026735548041e-06,0.6845241377063578,0.3626126126126126,6.987108470383587
46,SOX2,True,3.0,0.05,0.5,0.0,regulon_significant_plus_direction,lesion,lesion,9.389270902003821e-66,6.358243030105812e-06,0.6693425125580267,0.2522522522522522,23.14429917547441
46,HMGA1,True,6.0,0.05,0.5,0.0,regulon_significant_plus_direction,lesion,lesion,1.6881760814233672e-19,0.0020079019324663,0.7445295603179917,0.072072072072072,6.94540355055798
46,TCF4,False,,0.05,0.5,0.0,regulon_significant_plus_direction,internal_control,lesion,2.5162199249417195e-49,0.0564812833706176,0.115325938290752,0.7612612612612613,17.20235432169234
46,NR2F2,False,,0.05,0.5,0.0,regulon_significant_plus_direction,internal_control,lesion,2.7260446537151666e-49,0.6962069302383829,0.3910689545084058,0.0349099099099099,17.141419578143193
46,CEBPD,False,,0.05,0.5,0.0,regulon_significant_plus_direction,lesion,lesion,1.0129790988328588e-48,0.9247351769699248,0.0211323518984938,0.0427927927927927,16.91399471214932
46,ATF7,False,,0.05,0.5,0.0,regulon_significant_plus_direction,lesion,lesion,7.059258557174854e-21,0.957350567735444,0.0723226656345507,0.2871621621621621,7.235679684271952
47,SATB2,True,1.0,0.05,0.5,0.0,regulon_significant_plus_expression_significant,internal_control,internal_control,5.548087738525609e-99,2.342053487924074e-31,-0.7058935339628609,0.4107391910739191,34.818760412936605
47,THRB,False,,0.05,0.5,0.0,regulon_significant_plus_expression_significant,internal_control,internal_control,4.053395110306913e-114,7.47524063251269e-21,-0.3614128972332711,0.6415620641562064,40.04207029812129
47,RARB,True,2.0,0.05,0.5,0.0,regulon_significant_plus_expression_significant,internal_control,internal_control,1.9668787753604963e-81,9.597953836114382e-12,-0.6325145174570053,0.2315202231520223,28.614861967885023
47,BHLHE40,True,4.0,0.05,0.5,0.0,regulon_significant_plus_expression_significant,lesion,lesion,1.2760362542900071e-34,1.529949104785675e-07,1.1363433892502643,0.1587837837837837,12.392424888240859
47,NFE2L2,True,5.0,0.05,0.5,0.0,regulon_significant_plus_expression_significant,lesion,lesion,1.6378667723003972e-19,4.488026735548041e-06,0.6845241377063578,0.3626126126126126,6.987108470383587
47,SOX2,True,3.0,0.05,0.5,0.0,regulon_significant_plus_expression_significant,lesion,lesion,9.389270902003821e-66,6.358243030105812e-06,0.6693425125580267,0.2522522522522522,23.14429917547441
47,HMGA1,True,6.0,0.05,0.5,0.0,regulon_significant_plus_expression_significant,lesion,lesion,1.6881760814233672e-19,0.0020079019324663,0.7445295603179917,0.072072072072072,6.94540355055798
47,TCF4,False,,0.05,0.5,0.0,regulon_significant_plus_expression_significant,internal_control,lesion,2.5162199249417195e-49,0.0564812833706176,0.115325938290752,0.7612612612612613,17.20235432169234
47,NR2F2,False,,0.05,0.5,0.0,regulon_significant_plus_expression_significant,internal_control,lesion,2.7260446537151666e-49,0.6962069302383829,0.3910689545084058,0.0349099099099099,17.141419578143193
47,CEBPD,False,,0.05,0.5,0.0,regulon_significant_plus_expression_significant,lesion,lesion,1.0129790988328588e-48,0.9247351769699248,0.0211323518984938,0.0427927927927927,16.91399471214932
47,ATF7,False,,0.05,0.5,0.0,regulon_significant_plus_expression_significant,lesion,lesion,7.059258557174854e-21,0.957350567735444,0.0723226656345507,0.2871621621621621,7.235679684271952
48,SATB2,True,1.0,0.05,0.5,0.0,regulon_significant_plus_expression_significant_plus_direction,internal_control,internal_control,5.548087738525609e-99,2.342053487924074e-31,-0.7058935339628609,0.4107391910739191,34.818760412936605
48,THRB,False,,0.05,0.5,0.0,regulon_significant_plus_expression_significant_plus_direction,internal_control,internal_control,4.053395110306913e-114,7.47524063251269e-21,-0.3614128972332711,0.6415620641562064,40.04207029812129
48,RARB,True,2.0,0.05,0.5,0.0,regulon_significant_plus_expression_significant_plus_direction,internal_control,internal_control,1.9668787753604963e-81,9.597953836114382e-12,-0.6325145174570053,0.2315202231520223,28.614861967885023
48,BHLHE40,True,4.0,0.05,0.5,0.0,regulon_significant_plus_expression_significant_plus_direction,lesion,lesion,1.2760362542900071e-34,1.529949104785675e-07,1.1363433892502643,0.1587837837837837,12.392424888240859
48,NFE2L2,True,5.0,0.05,0.5,0.0,regulon_significant_plus_expression_significant_plus_direction,lesion,lesion,1.6378667723003972e-19,4.488026735548041e-06,0.6845241377063578,0.3626126126126126,6.987108470383587
48,SOX2,True,3.0,0.05,0.5,0.0,regulon_significant_plus_expression_significant_plus_direction,lesion,lesion,9.389270902003821e-66,6.358243030105812e-06,0.6693425125580267,0.2522522522522522,23.14429917547441
48,HMGA1,True,6.0,0.05,0.5,0.0,regulon_significant_plus_expression_significant_plus_direction,lesion,lesion,1.6881760814233672e-19,0.0020079019324663,0.7445295603179917,0.072072072072072,6.94540355055798
48,TCF4,False,,0.05,0.5,0.0,regulon_significant_plus_expression_significant_plus_direction,internal_control,lesion,2.5162199249417195e-49,0.0564812833706176,0.115325938290752,0.7612612612612613,17.20235432169234
48,NR2F2,False,,0.05,0.5,0.0,regulon_significant_plus_expression_significant_plus_direction,internal_control,lesion,2.7260446537151666e-49,0.6962069302383829,0.3910689545084058,0.0349099099099099,17.141419578143193
48,CEBPD,False,,0.05,0.5,0.0,regulon_significant_plus_expression_significant_plus_direction,lesion,lesion,1.0129790988328588e-48,0.9247351769699248,0.0211323518984938,0.0427927927927927,16.91399471214932
48,ATF7,False,,0.05,0.5,0.0,regulon_significant_plus_expression_significant_plus_direction,lesion,lesion,7.059258557174854e-21,0.957350567735444,0.0723226656345507,0.2871621621621621,7.235679684271952
49,SATB2,True,1.0,0.05,0.5,0.05,regulon_significant_plus_direction,internal_control,internal_control,5.548087738525609e-99,2.342053487924074e-31,-0.7058935339628609,0.4107391910739191,34.818760412936605
49,THRB,False,,0.05,0.5,0.05,regulon_significant_plus_direction,internal_control,internal_control,4.053395110306913e-114,7.47524063251269e-21,-0.3614128972332711,0.6415620641562064,40.04207029812129
49,RARB,True,2.0,0.05,0.5,0.05,regulon_significant_plus_direction,internal_control,internal_control,1.9668787753604963e-81,9.597953836114382e-12,-0.6325145174570053,0.2315202231520223,28.614861967885023
49,BHLHE40,True,4.0,0.05,0.5,0.05,regulon_significant_plus_direction,lesion,lesion,1.2760362542900071e-34,1.529949104785675e-07,1.1363433892502643,0.1587837837837837,12.392424888240859
49,NFE2L2,True,5.0,0.05,0.5,0.05,regulon_significant_plus_direction,lesion,lesion,1.6378667723003972e-19,4.488026735548041e-06,0.6845241377063578,0.3626126126126126,6.987108470383587
49,SOX2,True,3.0,0.05,0.5,0.05,regulon_significant_plus_direction,lesion,lesion,9.389270902003821e-66,6.358243030105812e-06,0.6693425125580267,0.2522522522522522,23.14429917547441
49,HMGA1,True,6.0,0.05,0.5,0.05,regulon_significant_plus_direction,lesion,lesion,1.6881760814233672e-19,0.0020079019324663,0.7445295603179917,0.072072072072072,6.94540355055798
49,TCF4,False,,0.05,0.5,0.05,regulon_significant_plus_direction,internal_control,lesion,2.5162199249417195e-49,0.0564812833706176,0.115325938290752,0.7612612612612613,17.20235432169234
49,NR2F2,False,,0.05,0.5,0.05,regulon_significant_plus_direction,internal_control,lesion,2.7260446537151666e-49,0.6962069302383829,0.3910689545084058,0.0349099099099099,17.141419578143193
49,CEBPD,False,,0.05,0.5,0.05,regulon_significant_plus_direction,lesion,lesion,1.0129790988328588e-48,0.9247351769699248,0.0211323518984938,0.0427927927927927,16.91399471214932
49,ATF7,False,,0.05,0.5,0.05,regulon_significant_plus_direction,lesion,lesion,7.059258557174854e-21,0.957350567735444,0.0723226656345507,0.2871621621621621,7.235679684271952
50,SATB2,True,1.0,0.05,0.5,0.05,regulon_significant_plus_expression_significant,internal_control,internal_control,5.548087738525609e-99,2.342053487924074e-31,-0.7058935339628609,0.4107391910739191,34.818760412936605
50,THRB,False,,0.05,0.5,0.05,regulon_significant_plus_expression_significant,internal_control,internal_control,4.053395110306913e-114,7.47524063251269e-21,-0.3614128972332711,0.6415620641562064,40.04207029812129
50,RARB,True,2.0,0.05,0.5,0.05,regulon_significant_plus_expression_significant,internal_control,internal_control,1.9668787753604963e-81,9.597953836114382e-12,-0.6325145174570053,0.2315202231520223,28.614861967885023
50,BHLHE40,True,4.0,0.05,0.5,0.05,regulon_significant_plus_expression_significant,lesion,lesion,1.2760362542900071e-34,1.529949104785675e-07,1.1363433892502643,0.1587837837837837,12.392424888240859
50,NFE2L2,True,5.0,0.05,0.5,0.05,regulon_significant_plus_expression_significant,lesion,lesion,1.6378667723003972e-19,4.488026735548041e-06,0.6845241377063578,0.3626126126126126,6.987108470383587
50,SOX2,True,3.0,0.05,0.5,0.05,regulon_significant_plus_expression_significant,lesion,lesion,9.389270902003821e-66,6.358243030105812e-06,0.6693425125580267,0.2522522522522522,23.14429917547441
50,HMGA1,True,6.0,0.05,0.5,0.05,regulon_significant_plus_expression_significant,lesion,lesion,1.6881760814233672e-19,0.0020079019324663,0.7445295603179917,0.072072072072072,6.94540355055798
50,TCF4,False,,0.05,0.5,0.05,regulon_significant_plus_expression_significant,internal_control,lesion,2.5162199249417195e-49,0.0564812833706176,0.115325938290752,0.7612612612612613,17.20235432169234
50,NR2F2,False,,0.05,0.5,0.05,regulon_significant_plus_expression_significant,internal_control,lesion,2.7260446537151666e-49,0.6962069302383829,0.3910689545084058,0.0349099099099099,17.141419578143193
50,CEBPD,False,,0.05,0.5,0.05,regulon_significant_plus_expression_significant,lesion,lesion,1.0129790988328588e-48,0.9247351769699248,0.0211323518984938,0.0427927927927927,16.91399471214932
50,ATF7,False,,0.05,0.5,0.05,regulon_significant_plus_expression_significant,lesion,lesion,7.059258557174854e-21,0.957350567735444,0.0723226656345507,0.2871621621621621,7.235679684271952
51,SATB2,True,1.0,0.05,0.5,0.05,regulon_significant_plus_expression_significant_plus_direction,internal_control,internal_control,5.548087738525609e-99,2.342053487924074e-31,-0.7058935339628609,0.4107391910739191,34.818760412936605
51,THRB,False,,0.05,0.5,0.05,regulon_significant_plus_expression_significant_plus_direction,internal_control,internal_control,4.053395110306913e-114,7.47524063251269e-21,-0.3614128972332711,0.6415620641562064,40.04207029812129
51,RARB,True,2.0,0.05,0.5,0.05,regulon_significant_plus_expression_significant_plus_direction,internal_control,internal_control,1.9668787753604963e-81,9.597953836114382e-12,-0.6325145174570053,0.2315202231520223,28.614861967885023
51,BHLHE40,True,4.0,0.05,0.5,0.05,regulon_significant_plus_expression_significant_plus_direction,lesion,lesion,1.2760362542900071e-34,1.529949104785675e-07,1.1363433892502643,0.1587837837837837,12.392424888240859
51,NFE2L2,True,5.0,0.05,0.5,0.05,regulon_significant_plus_expression_significant_plus_direction,lesion,lesion,1.6378667723003972e-19,4.488026735548041e-06,0.6845241377063578,0.3626126126126126,6.987108470383587
51,SOX2,True,3.0,0.05,0.5,0.05,regulon_significant_plus_expression_significant_plus_direction,lesion,lesion,9.389270902003821e-66,6.358243030105812e-06,0.6693425125580267,0.2522522522522522,23.14429917547441
51,HMGA1,True,6.0,0.05,0.5,0.05,regulon_significant_plus_expression_significant_plus_direction,lesion,lesion,1.6881760814233672e-19,0.0020079019324663,0.7445295603179917,0.072072072072072,6.94540355055798
51,TCF4,False,,0.05,0.5,0.05,regulon_significant_plus_expression_significant_plus_direction,internal_control,lesion,2.5162199249417195e-49,0.0564812833706176,0.115325938290752,0.7612612612612613,17.20235432169234
51,NR2F2,False,,0.05,0.5,0.05,regulon_significant_plus_expression_significant_plus_direction,internal_control,lesion,2.7260446537151666e-49,0.6962069302383829,0.3910689545084058,0.0349099099099099,17.141419578143193
51,CEBPD,False,,0.05,0.5,0.05,regulon_significant_plus_expression_significant_plus_direction,lesion,lesion,1.0129790988328588e-48,0.9247351769699248,0.0211323518984938,0.0427927927927927,16.91399471214932
51,ATF7,False,,0.05,0.5,0.05,regulon_significant_plus_expression_significant_plus_direction,lesion,lesion,7.059258557174854e-21,0.957350567735444,0.0723226656345507,0.2871621621621621,7.235679684271952
52,SATB2,True,1.0,0.05,0.5,0.1,regulon_significant_plus_direction,internal_control,internal_control,5.548087738525609e-99,2.342053487924074e-31,-0.7058935339628609,0.4107391910739191,34.818760412936605
52,THRB,False,,0.05,0.5,0.1,regulon_significant_plus_direction,internal_control,internal_control,4.053395110306913e-114,7.47524063251269e-21,-0.3614128972332711,0.6415620641562064,40.04207029812129
52,RARB,True,2.0,0.05,0.5,0.1,regulon_significant_plus_direction,internal_control,internal_control,1.9668787753604963e-81,9.597953836114382e-12,-0.6325145174570053,0.2315202231520223,28.614861967885023
52,BHLHE40,True,4.0,0.05,0.5,0.1,regulon_significant_plus_direction,lesion,lesion,1.2760362542900071e-34,1.529949104785675e-07,1.1363433892502643,0.1587837837837837,12.392424888240859
52,NFE2L2,True,5.0,0.05,0.5,0.1,regulon_significant_plus_direction,lesion,lesion,1.6378667723003972e-19,4.488026735548041e-06,0.6845241377063578,0.3626126126126126,6.987108470383587
52,SOX2,True,3.0,0.05,0.5,0.1,regulon_significant_plus_direction,lesion,lesion,9.389270902003821e-66,6.358243030105812e-06,0.6693425125580267,0.2522522522522522,23.14429917547441
52,HMGA1,False,,0.05,0.5,0.1,regulon_significant_plus_direction,lesion,lesion,1.6881760814233672e-19,0.0020079019324663,0.7445295603179917,0.072072072072072,6.94540355055798
52,TCF4,False,,0.05,0.5,0.1,regulon_significant_plus_direction,internal_control,lesion,2.5162199249417195e-49,0.0564812833706176,0.115325938290752,0.7612612612612613,17.20235432169234
52,NR2F2,False,,0.05,0.5,0.1,regulon_significant_plus_direction,internal_control,lesion,2.7260446537151666e-49,0.6962069302383829,0.3910689545084058,0.0349099099099099,17.141419578143193
52,CEBPD,False,,0.05,0.5,0.1,regulon_significant_plus_direction,lesion,lesion,1.0129790988328588e-48,0.9247351769699248,0.0211323518984938,0.0427927927927927,16.91399471214932
52,ATF7,False,,0.05,0.5,0.1,regulon_significant_plus_direction,lesion,lesion,7.059258557174854e-21,0.957350567735444,0.0723226656345507,0.2871621621621621,7.235679684271952
53,SATB2,True,1.0,0.05,0.5,0.1,regulon_significant_plus_expression_significant,internal_control,internal_control,5.548087738525609e-99,2.342053487924074e-31,-0.7058935339628609,0.4107391910739191,34.818760412936605
53,THRB,False,,0.05,0.5,0.1,regulon_significant_plus_expression_significant,internal_control,internal_control,4.053395110306913e-114,7.47524063251269e-21,-0.3614128972332711,0.6415620641562064,40.04207029812129
53,RARB,True,2.0,0.05,0.5,0.1,regulon_significant_plus_expression_significant,internal_control,internal_control,1.9668787753604963e-81,9.597953836114382e-12,-0.6325145174570053,0.2315202231520223,28.614861967885023
53,BHLHE40,True,4.0,0.05,0.5,0.1,regulon_significant_plus_expression_significant,lesion,lesion,1.2760362542900071e-34,1.529949104785675e-07,1.1363433892502643,0.1587837837837837,12.392424888240859
53,NFE2L2,True,5.0,0.05,0.5,0.1,regulon_significant_plus_expression_significant,lesion,lesion,1.6378667723003972e-19,4.488026735548041e-06,0.6845241377063578,0.3626126126126126,6.987108470383587
53,SOX2,True,3.0,0.05,0.5,0.1,regulon_significant_plus_expression_significant,lesion,lesion,9.389270902003821e-66,6.358243030105812e-06,0.6693425125580267,0.2522522522522522,23.14429917547441
53,HMGA1,False,,0.05,0.5,0.1,regulon_significant_plus_expression_significant,lesion,lesion,1.6881760814233672e-19,0.0020079019324663,0.7445295603179917,0.072072072072072,6.94540355055798
53,TCF4,False,,0.05,0.5,0.1,regulon_significant_plus_expression_significant,internal_control,lesion,2.5162199249417195e-49,0.0564812833706176,0.115325938290752,0.7612612612612613,17.20235432169234
53,NR2F2,False,,0.05,0.5,0.1,regulon_significant_plus_expression_significant,internal_control,lesion,2.7260446537151666e-49,0.6962069302383829,0.3910689545084058,0.0349099099099099,17.141419578143193
53,CEBPD,False,,0.05,0.5,0.1,regulon_significant_plus_expression_significant,lesion,lesion,1.0129790988328588e-48,0.9247351769699248,0.0211323518984938,0.0427927927927927,16.91399471214932
53,ATF7,False,,0.05,0.5,0.1,regulon_significant_plus_expression_significant,lesion,lesion,7.059258557174854e-21,0.957350567735444,0.0723226656345507,0.2871621621621621,7.235679684271952
54,SATB2,True,1.0,0.05,0.5,0.1,regulon_significant_plus_expression_significant_plus_direction,internal_control,internal_control,5.548087738525609e-99,2.342053487924074e-31,-0.7058935339628609,0.4107391910739191,34.818760412936605
54,THRB,False,,0.05,0.5,0.1,regulon_significant_plus_expression_significant_plus_direction,internal_control,internal_control,4.053395110306913e-114,7.47524063251269e-21,-0.3614128972332711,0.6415620641562064,40.04207029812129
54,RARB,True,2.0,0.05,0.5,0.1,regulon_significant_plus_expression_significant_plus_direction,internal_control,internal_control,1.9668787753604963e-81,9.597953836114382e-12,-0.6325145174570053,0.2315202231520223,28.614861967885023
54,BHLHE40,True,4.0,0.05,0.5,0.1,regulon_significant_plus_expression_significant_plus_direction,lesion,lesion,1.2760362542900071e-34,1.529949104785675e-07,1.1363433892502643,0.1587837837837837,12.392424888240859
54,NFE2L2,True,5.0,0.05,0.5,0.1,regulon_significant_plus_expression_significant_plus_direction,lesion,lesion,1.6378667723003972e-19,4.488026735548041e-06,0.6845241377063578,0.3626126126126126,6.987108470383587
54,SOX2,True,3.0,0.05,0.5,0.1,regulon_significant_plus_expression_significant_plus_direction,lesion,lesion,9.389270902003821e-66,6.358243030105812e-06,0.6693425125580267,0.2522522522522522,23.14429917547441
54,HMGA1,False,,0.05,0.5,0.1,regulon_significant_plus_expression_significant_plus_direction,lesion,lesion,1.6881760814233672e-19,0.0020079019324663,0.7445295603179917,0.072072072072072,6.94540355055798
54,TCF4,False,,0.05,0.5,0.1,regulon_significant_plus_expression_significant_plus_direction,internal_control,lesion,2.5162199249417195e-49,0.0564812833706176,0.115325938290752,0.7612612612612613,17.20235432169234
54,NR2F2,False,,0.05,0.5,0.1,regulon_significant_plus_expression_significant_plus_direction,internal_control,lesion,2.7260446537151666e-49,0.6962069302383829,0.3910689545084058,0.0349099099099099,17.141419578143193
54,CEBPD,False,,0.05,0.5,0.1,regulon_significant_plus_expression_significant_plus_direction,lesion,lesion,1.0129790988328588e-48,0.9247351769699248,0.0211323518984938,0.0427927927927927,16.91399471214932
54,ATF7,False,,0.05,0.5,0.1,regulon_significant_plus_expression_significant_plus_direction,lesion,lesion,7.059258557174854e-21,0.957350567735444,0.0723226656345507,0.2871621621621621,7.235679684271952
55,SATB2,True,2.0,0.1,0.0,0.0,regulon_significant_plus_direction,internal_control,internal_control,5.548087738525609e-99,2.342053487924074e-31,-0.7058935339628609,0.4107391910739191,34.818760412936605
55,THRB,True,1.0,0.1,0.0,0.0,regulon_significant_plus_direction,internal_control,internal_control,4.053395110306913e-114,7.47524063251269e-21,-0.3614128972332711,0.6415620641562064,40.04207029812129
55,RARB,True,3.0,0.1,0.0,0.0,regulon_significant_plus_direction,internal_control,internal_control,1.9668787753604963e-81,9.597953836114382e-12,-0.6325145174570053,0.2315202231520223,28.614861967885023
55,BHLHE40,True,6.0,0.1,0.0,0.0,regulon_significant_plus_direction,lesion,lesion,1.2760362542900071e-34,1.529949104785675e-07,1.1363433892502643,0.1587837837837837,12.392424888240859
55,NFE2L2,True,8.0,0.1,0.0,0.0,regulon_significant_plus_direction,lesion,lesion,1.6378667723003972e-19,4.488026735548041e-06,0.6845241377063578,0.3626126126126126,6.987108470383587
55,SOX2,True,4.0,0.1,0.0,0.0,regulon_significant_plus_direction,lesion,lesion,9.389270902003821e-66,6.358243030105812e-06,0.6693425125580267,0.2522522522522522,23.14429917547441
55,HMGA1,True,9.0,0.1,0.0,0.0,regulon_significant_plus_direction,lesion,lesion,1.6881760814233672e-19,0.0020079019324663,0.7445295603179917,0.072072072072072,6.94540355055798
55,TCF4,False,,0.1,0.0,0.0,regulon_significant_plus_direction,internal_control,lesion,2.5162199249417195e-49,0.0564812833706176,0.115325938290752,0.7612612612612613,17.20235432169234
55,NR2F2,False,,0.1,0.0,0.0,regulon_significant_plus_direction,internal_control,lesion,2.7260446537151666e-49,0.6962069302383829,0.3910689545084058,0.0349099099099099,17.141419578143193
55,CEBPD,True,5.0,0.1,0.0,0.0,regulon_significant_plus_direction,lesion,lesion,1.0129790988328588e-48,0.9247351769699248,0.0211323518984938,0.0427927927927927,16.91399471214932
55,ATF7,True,7.0,0.1,0.0,0.0,regulon_significant_plus_direction,lesion,lesion,7.059258557174854e-21,0.957350567735444,0.0723226656345507,0.2871621621621621,7.235679684271952
56,SATB2,True,2.0,0.1,0.0,0.0,regulon_significant_plus_expression_significant,internal_control,internal_control,5.548087738525609e-99,2.342053487924074e-31,-0.7058935339628609,0.4107391910739191,34.818760412936605
56,THRB,True,1.0,0.1,0.0,0.0,regulon_significant_plus_expression_significant,internal_control,internal_control,4.053395110306913e-114,7.47524063251269e-21,-0.3614128972332711,0.6415620641562064,40.04207029812129
56,RARB,True,3.0,0.1,0.0,0.0,regulon_significant_plus_expression_significant,internal_control,internal_control,1.9668787753604963e-81,9.597953836114382e-12,-0.6325145174570053,0.2315202231520223,28.614861967885023
56,BHLHE40,True,5.0,0.1,0.0,0.0,regulon_significant_plus_expression_significant,lesion,lesion,1.2760362542900071e-34,1.529949104785675e-07,1.1363433892502643,0.1587837837837837,12.392424888240859
56,NFE2L2,True,6.0,0.1,0.0,0.0,regulon_significant_plus_expression_significant,lesion,lesion,1.6378667723003972e-19,4.488026735548041e-06,0.6845241377063578,0.3626126126126126,6.987108470383587
56,SOX2,True,4.0,0.1,0.0,0.0,regulon_significant_plus_expression_significant,lesion,lesion,9.389270902003821e-66,6.358243030105812e-06,0.6693425125580267,0.2522522522522522,23.14429917547441
56,HMGA1,True,7.0,0.1,0.0,0.0,regulon_significant_plus_expression_significant,lesion,lesion,1.6881760814233672e-19,0.0020079019324663,0.7445295603179917,0.072072072072072,6.94540355055798
56,TCF4,False,,0.1,0.0,0.0,regulon_significant_plus_expression_significant,internal_control,lesion,2.5162199249417195e-49,0.0564812833706176,0.115325938290752,0.7612612612612613,17.20235432169234
56,NR2F2,False,,0.1,0.0,0.0,regulon_significant_plus_expression_significant,internal_control,lesion,2.7260446537151666e-49,0.6962069302383829,0.3910689545084058,0.0349099099099099,17.141419578143193
56,CEBPD,False,,0.1,0.0,0.0,regulon_significant_plus_expression_significant,lesion,lesion,1.0129790988328588e-48,0.9247351769699248,0.0211323518984938,0.0427927927927927,16.91399471214932
56,ATF7,False,,0.1,0.0,0.0,regulon_significant_plus_expression_significant,lesion,lesion,7.059258557174854e-21,0.957350567735444,0.0723226656345507,0.2871621621621621,7.235679684271952
57,SATB2,True,2.0,0.1,0.0,0.0,regulon_significant_plus_expression_significant_plus_direction,internal_control,internal_control,5.548087738525609e-99,2.342053487924074e-31,-0.7058935339628609,0.4107391910739191,34.818760412936605
57,THRB,True,1.0,0.1,0.0,0.0,regulon_significant_plus_expression_significant_plus_direction,internal_control,internal_control,4.053395110306913e-114,7.47524063251269e-21,-0.3614128972332711,0.6415620641562064,40.04207029812129
57,RARB,True,3.0,0.1,0.0,0.0,regulon_significant_plus_expression_significant_plus_direction,internal_control,internal_control,1.9668787753604963e-81,9.597953836114382e-12,-0.6325145174570053,0.2315202231520223,28.614861967885023
57,BHLHE40,True,5.0,0.1,0.0,0.0,regulon_significant_plus_expression_significant_plus_direction,lesion,lesion,1.2760362542900071e-34,1.529949104785675e-07,1.1363433892502643,0.1587837837837837,12.392424888240859
57,NFE2L2,True,6.0,0.1,0.0,0.0,regulon_significant_plus_expression_significant_plus_direction,lesion,lesion,1.6378667723003972e-19,4.488026735548041e-06,0.6845241377063578,0.3626126126126126,6.987108470383587
57,SOX2,True,4.0,0.1,0.0,0.0,regulon_significant_plus_expression_significant_plus_direction,lesion,lesion,9.389270902003821e-66,6.358243030105812e-06,0.6693425125580267,0.2522522522522522,23.14429917547441
57,HMGA1,True,7.0,0.1,0.0,0.0,regulon_significant_plus_expression_significant_plus_direction,lesion,lesion,1.6881760814233672e-19,0.0020079019324663,0.7445295603179917,0.072072072072072,6.94540355055798
57,TCF4,False,,0.1,0.0,0.0,regulon_significant_plus_expression_significant_plus_direction,internal_control,lesion,2.5162199249417195e-49,0.0564812833706176,0.115325938290752,0.7612612612612613,17.20235432169234
57,NR2F2,False,,0.1,0.0,0.0,regulon_significant_plus_expression_significant_plus_direction,internal_control,lesion,2.7260446537151666e-49,0.6962069302383829,0.3910689545084058,0.0349099099099099,17.141419578143193
57,CEBPD,False,,0.1,0.0,0.0,regulon_significant_plus_expression_significant_plus_direction,lesion,lesion,1.0129790988328588e-48,0.9247351769699248,0.0211323518984938,0.0427927927927927,16.91399471214932
57,ATF7,False,,0.1,0.0,0.0,regulon_significant_plus_expression_significant_plus_direction,lesion,lesion,7.059258557174854e-21,0.957350567735444,0.0723226656345507,0.2871621621621621,7.235679684271952
58,SATB2,True,2.0,0.1,0.0,0.05,regulon_significant_plus_direction,internal_control,internal_control,5.548087738525609e-99,2.342053487924074e-31,-0.7058935339628609,0.4107391910739191,34.818760412936605
58,THRB,True,1.0,0.1,0.0,0.05,regulon_significant_plus_direction,internal_control,internal_control,4.053395110306913e-114,7.47524063251269e-21,-0.3614128972332711,0.6415620641562064,40.04207029812129
58,RARB,True,3.0,0.1,0.0,0.05,regulon_significant_plus_direction,internal_control,internal_control,1.9668787753604963e-81,9.597953836114382e-12,-0.6325145174570053,0.2315202231520223,28.614861967885023
58,BHLHE40,True,5.0,0.1,0.0,0.05,regulon_significant_plus_direction,lesion,lesion,1.2760362542900071e-34,1.529949104785675e-07,1.1363433892502643,0.1587837837837837,12.392424888240859
58,NFE2L2,True,7.0,0.1,0.0,0.05,regulon_significant_plus_direction,lesion,lesion,1.6378667723003972e-19,4.488026735548041e-06,0.6845241377063578,0.3626126126126126,6.987108470383587
58,SOX2,True,4.0,0.1,0.0,0.05,regulon_significant_plus_direction,lesion,lesion,9.389270902003821e-66,6.358243030105812e-06,0.6693425125580267,0.2522522522522522,23.14429917547441
58,HMGA1,True,8.0,0.1,0.0,0.05,regulon_significant_plus_direction,lesion,lesion,1.6881760814233672e-19,0.0020079019324663,0.7445295603179917,0.072072072072072,6.94540355055798
58,TCF4,False,,0.1,0.0,0.05,regulon_significant_plus_direction,internal_control,lesion,2.5162199249417195e-49,0.0564812833706176,0.115325938290752,0.7612612612612613,17.20235432169234
58,NR2F2,False,,0.1,0.0,0.05,regulon_significant_plus_direction,internal_control,lesion,2.7260446537151666e-49,0.6962069302383829,0.3910689545084058,0.0349099099099099,17.141419578143193
58,CEBPD,False,,0.1,0.0,0.05,regulon_significant_plus_direction,lesion,lesion,1.0129790988328588e-48,0.9247351769699248,0.0211323518984938,0.0427927927927927,16.91399471214932
58,ATF7,True,6.0,0.1,0.0,0.05,regulon_significant_plus_direction,lesion,lesion,7.059258557174854e-21,0.957350567735444,0.0723226656345507,0.2871621621621621,7.235679684271952
59,SATB2,True,2.0,0.1,0.0,0.05,regulon_significant_plus_expression_significant,internal_control,internal_control,5.548087738525609e-99,2.342053487924074e-31,-0.7058935339628609,0.4107391910739191,34.818760412936605
59,THRB,True,1.0,0.1,0.0,0.05,regulon_significant_plus_expression_significant,internal_control,internal_control,4.053395110306913e-114,7.47524063251269e-21,-0.3614128972332711,0.6415620641562064,40.04207029812129
59,RARB,True,3.0,0.1,0.0,0.05,regulon_significant_plus_expression_significant,internal_control,internal_control,1.9668787753604963e-81,9.597953836114382e-12,-0.6325145174570053,0.2315202231520223,28.614861967885023
59,BHLHE40,True,5.0,0.1,0.0,0.05,regulon_significant_plus_expression_significant,lesion,lesion,1.2760362542900071e-34,1.529949104785675e-07,1.1363433892502643,0.1587837837837837,12.392424888240859
59,NFE2L2,True,6.0,0.1,0.0,0.05,regulon_significant_plus_expression_significant,lesion,lesion,1.6378667723003972e-19,4.488026735548041e-06,0.6845241377063578,0.3626126126126126,6.987108470383587
59,SOX2,True,4.0,0.1,0.0,0.05,regulon_significant_plus_expression_significant,lesion,lesion,9.389270902003821e-66,6.358243030105812e-06,0.6693425125580267,0.2522522522522522,23.14429917547441
59,HMGA1,True,7.0,0.1,0.0,0.05,regulon_significant_plus_expression_significant,lesion,lesion,1.6881760814233672e-19,0.0020079019324663,0.7445295603179917,0.072072072072072,6.94540355055798
59,TCF4,False,,0.1,0.0,0.05,regulon_significant_plus_expression_significant,internal_control,lesion,2.5162199249417195e-49,0.0564812833706176,0.115325938290752,0.7612612612612613,17.20235432169234
59,NR2F2,False,,0.1,0.0,0.05,regulon_significant_plus_expression_significant,internal_control,lesion,2.7260446537151666e-49,0.6962069302383829,0.3910689545084058,0.0349099099099099,17.141419578143193
59,CEBPD,False,,0.1,0.0,0.05,regulon_significant_plus_expression_significant,lesion,lesion,1.0129790988328588e-48,0.9247351769699248,0.0211323518984938,0.0427927927927927,16.91399471214932
59,ATF7,False,,0.1,0.0,0.05,regulon_significant_plus_expression_significant,lesion,lesion,7.059258557174854e-21,0.957350567735444,0.0723226656345507,0.2871621621621621,7.235679684271952
60,SATB2,True,2.0,0.1,0.0,0.05,regulon_significant_plus_expression_significant_plus_direction,internal_control,internal_control,5.548087738525609e-99,2.342053487924074e-31,-0.7058935339628609,0.4107391910739191,34.818760412936605
60,THRB,True,1.0,0.1,0.0,0.05,regulon_significant_plus_expression_significant_plus_direction,internal_control,internal_control,4.053395110306913e-114,7.47524063251269e-21,-0.3614128972332711,0.6415620641562064,40.04207029812129
60,RARB,True,3.0,0.1,0.0,0.05,regulon_significant_plus_expression_significant_plus_direction,internal_control,internal_control,1.9668787753604963e-81,9.597953836114382e-12,-0.6325145174570053,0.2315202231520223,28.614861967885023
60,BHLHE40,True,5.0,0.1,0.0,0.05,regulon_significant_plus_expression_significant_plus_direction,lesion,lesion,1.2760362542900071e-34,1.529949104785675e-07,1.1363433892502643,0.1587837837837837,12.392424888240859
60,NFE2L2,True,6.0,0.1,0.0,0.05,regulon_significant_plus_expression_significant_plus_direction,lesion,lesion,1.6378667723003972e-19,4.488026735548041e-06,0.6845241377063578,0.3626126126126126,6.987108470383587
60,SOX2,True,4.0,0.1,0.0,0.05,regulon_significant_plus_expression_significant_plus_direction,lesion,lesion,9.389270902003821e-66,6.358243030105812e-06,0.6693425125580267,0.2522522522522522,23.14429917547441
60,HMGA1,True,7.0,0.1,0.0,0.05,regulon_significant_plus_expression_significant_plus_direction,lesion,lesion,1.6881760814233672e-19,0.0020079019324663,0.7445295603179917,0.072072072072072,6.94540355055798
60,TCF4,False,,0.1,0.0,0.05,regulon_significant_plus_expression_significant_plus_direction,internal_control,lesion,2.5162199249417195e-49,0.0564812833706176,0.115325938290752,0.7612612612612613,17.20235432169234
60,NR2F2,False,,0.1,0.0,0.05,regulon_significant_plus_expression_significant_plus_direction,internal_control,lesion,2.7260446537151666e-49,0.6962069302383829,0.3910689545084058,0.0349099099099099,17.141419578143193
60,CEBPD,False,,0.1,0.0,0.05,regulon_significant_plus_expression_significant_plus_direction,lesion,lesion,1.0129790988328588e-48,0.9247351769699248,0.0211323518984938,0.0427927927927927,16.91399471214932
60,ATF7,False,,0.1,0.0,0.05,regulon_significant_plus_expression_significant_plus_direction,lesion,lesion,7.059258557174854e-21,0.957350567735444,0.0723226656345507,0.2871621621621621,7.235679684271952
61,SATB2,True,2.0,0.1,0.0,0.1,regulon_significant_plus_direction,internal_control,internal_control,5.548087738525609e-99,2.342053487924074e-31,-0.7058935339628609,0.4107391910739191,34.818760412936605
61,THRB,True,1.0,0.1,0.0,0.1,regulon_significant_plus_direction,internal_control,internal_control,4.053395110306913e-114,7.47524063251269e-21,-0.3614128972332711,0.6415620641562064,40.04207029812129
61,RARB,True,3.0,0.1,0.0,0.1,regulon_significant_plus_direction,internal_control,internal_control,1.9668787753604963e-81,9.597953836114382e-12,-0.6325145174570053,0.2315202231520223,28.614861967885023
61,BHLHE40,True,5.0,0.1,0.0,0.1,regulon_significant_plus_direction,lesion,lesion,1.2760362542900071e-34,1.529949104785675e-07,1.1363433892502643,0.1587837837837837,12.392424888240859
61,NFE2L2,True,7.0,0.1,0.0,0.1,regulon_significant_plus_direction,lesion,lesion,1.6378667723003972e-19,4.488026735548041e-06,0.6845241377063578,0.3626126126126126,6.987108470383587
61,SOX2,True,4.0,0.1,0.0,0.1,regulon_significant_plus_direction,lesion,lesion,9.389270902003821e-66,6.358243030105812e-06,0.6693425125580267,0.2522522522522522,23.14429917547441
61,HMGA1,False,,0.1,0.0,0.1,regulon_significant_plus_direction,lesion,lesion,1.6881760814233672e-19,0.0020079019324663,0.7445295603179917,0.072072072072072,6.94540355055798
61,TCF4,False,,0.1,0.0,0.1,regulon_significant_plus_direction,internal_control,lesion,2.5162199249417195e-49,0.0564812833706176,0.115325938290752,0.7612612612612613,17.20235432169234
61,NR2F2,False,,0.1,0.0,0.1,regulon_significant_plus_direction,internal_control,lesion,2.7260446537151666e-49,0.6962069302383829,0.3910689545084058,0.0349099099099099,17.141419578143193
61,CEBPD,False,,0.1,0.0,0.1,regulon_significant_plus_direction,lesion,lesion,1.0129790988328588e-48,0.9247351769699248,0.0211323518984938,0.0427927927927927,16.91399471214932
61,ATF7,True,6.0,0.1,0.0,0.1,regulon_significant_plus_direction,lesion,lesion,7.059258557174854e-21,0.957350567735444,0.0723226656345507,0.2871621621621621,7.235679684271952
62,SATB2,True,2.0,0.1,0.0,0.1,regulon_significant_plus_expression_significant,internal_control,internal_control,5.548087738525609e-99,2.342053487924074e-31,-0.7058935339628609,0.4107391910739191,34.818760412936605
62,THRB,True,1.0,0.1,0.0,0.1,regulon_significant_plus_expression_significant,internal_control,internal_control,4.053395110306913e-114,7.47524063251269e-21,-0.3614128972332711,0.6415620641562064,40.04207029812129
62,RARB,True,3.0,0.1,0.0,0.1,regulon_significant_plus_expression_significant,internal_control,internal_control,1.9668787753604963e-81,9.597953836114382e-12,-0.6325145174570053,0.2315202231520223,28.614861967885023
62,BHLHE40,True,5.0,0.1,0.0,0.1,regulon_significant_plus_expression_significant,lesion,lesion,1.2760362542900071e-34,1.529949104785675e-07,1.1363433892502643,0.1587837837837837,12.392424888240859
62,NFE2L2,True,6.0,0.1,0.0,0.1,regulon_significant_plus_expression_significant,lesion,lesion,1.6378667723003972e-19,4.488026735548041e-06,0.6845241377063578,0.3626126126126126,6.987108470383587
62,SOX2,True,4.0,0.1,0.0,0.1,regulon_significant_plus_expression_significant,lesion,lesion,9.389270902003821e-66,6.358243030105812e-06,0.6693425125580267,0.2522522522522522,23.14429917547441
62,HMGA1,False,,0.1,0.0,0.1,regulon_significant_plus_expression_significant,lesion,lesion,1.6881760814233672e-19,0.0020079019324663,0.7445295603179917,0.072072072072072,6.94540355055798
62,TCF4,False,,0.1,0.0,0.1,regulon_significant_plus_expression_significant,internal_control,lesion,2.5162199249417195e-49,0.0564812833706176,0.115325938290752,0.7612612612612613,17.20235432169234
62,NR2F2,False,,0.1,0.0,0.1,regulon_significant_plus_expression_significant,internal_control,lesion,2.7260446537151666e-49,0.6962069302383829,0.3910689545084058,0.0349099099099099,17.141419578143193
62,CEBPD,False,,0.1,0.0,0.1,regulon_significant_plus_expression_significant,lesion,lesion,1.0129790988328588e-48,0.9247351769699248,0.0211323518984938,0.0427927927927927,16.91399471214932
62,ATF7,False,,0.1,0.0,0.1,regulon_significant_plus_expression_significant,lesion,lesion,7.059258557174854e-21,0.957350567735444,0.0723226656345507,0.2871621621621621,7.235679684271952
63,SATB2,True,2.0,0.1,0.0,0.1,regulon_significant_plus_expression_significant_plus_direction,internal_control,internal_control,5.548087738525609e-99,2.342053487924074e-31,-0.7058935339628609,0.4107391910739191,34.818760412936605
63,THRB,True,1.0,0.1,0.0,0.1,regulon_significant_plus_expression_significant_plus_direction,internal_control,internal_control,4.053395110306913e-114,7.47524063251269e-21,-0.3614128972332711,0.6415620641562064,40.04207029812129
63,RARB,True,3.0,0.1,0.0,0.1,regulon_significant_plus_expression_significant_plus_direction,internal_control,internal_control,1.9668787753604963e-81,9.597953836114382e-12,-0.6325145174570053,0.2315202231520223,28.614861967885023
63,BHLHE40,True,5.0,0.1,0.0,0.1,regulon_significant_plus_expression_significant_plus_direction,lesion,lesion,1.2760362542900071e-34,1.529949104785675e-07,1.1363433892502643,0.1587837837837837,12.392424888240859
63,NFE2L2,True,6.0,0.1,0.0,0.1,regulon_significant_plus_expression_significant_plus_direction,lesion,lesion,1.6378667723003972e-19,4.488026735548041e-06,0.6845241377063578,0.3626126126126126,6.987108470383587
63,SOX2,True,4.0,0.1,0.0,0.1,regulon_significant_plus_expression_significant_plus_direction,lesion,lesion,9.389270902003821e-66,6.358243030105812e-06,0.6693425125580267,0.2522522522522522,23.14429917547441
63,HMGA1,False,,0.1,0.0,0.1,regulon_significant_plus_expression_significant_plus_direction,lesion,lesion,1.6881760814233672e-19,0.0020079019324663,0.7445295603179917,0.072072072072072,6.94540355055798
63,TCF4,False,,0.1,0.0,0.1,regulon_significant_plus_expression_significant_plus_direction,internal_control,lesion,2.5162199249417195e-49,0.0564812833706176,0.115325938290752,0.7612612612612613,17.20235432169234
63,NR2F2,False,,0.1,0.0,0.1,regulon_significant_plus_expression_significant_plus_direction,internal_control,lesion,2.7260446537151666e-49,0.6962069302383829,0.3910689545084058,0.0349099099099099,17.141419578143193
63,CEBPD,False,,0.1,0.0,0.1,regulon_significant_plus_expression_significant_plus_direction,lesion,lesion,1.0129790988328588e-48,0.9247351769699248,0.0211323518984938,0.0427927927927927,16.91399471214932
63,ATF7,False,,0.1,0.0,0.1,regulon_significant_plus_expression_significant_plus_direction,lesion,lesion,7.059258557174854e-21,0.957350567735444,0.0723226656345507,0.2871621621621621,7.235679684271952
64,SATB2,True,2.0,0.1,0.25,0.0,regulon_significant_plus_direction,internal_control,internal_control,5.548087738525609e-99,2.342053487924074e-31,-0.7058935339628609,0.4107391910739191,34.818760412936605
64,THRB,True,1.0,0.1,0.25,0.0,regulon_significant_plus_direction,internal_control,internal_control,4.053395110306913e-114,7.47524063251269e-21,-0.3614128972332711,0.6415620641562064,40.04207029812129
64,RARB,True,3.0,0.1,0.25,0.0,regulon_significant_plus_direction,internal_control,internal_control,1.9668787753604963e-81,9.597953836114382e-12,-0.6325145174570053,0.2315202231520223,28.614861967885023
64,BHLHE40,True,5.0,0.1,0.25,0.0,regulon_significant_plus_direction,lesion,lesion,1.2760362542900071e-34,1.529949104785675e-07,1.1363433892502643,0.1587837837837837,12.392424888240859
64,NFE2L2,True,6.0,0.1,0.25,0.0,regulon_significant_plus_direction,lesion,lesion,1.6378667723003972e-19,4.488026735548041e-06,0.6845241377063578,0.3626126126126126,6.987108470383587
64,SOX2,True,4.0,0.1,0.25,0.0,regulon_significant_plus_direction,lesion,lesion,9.389270902003821e-66,6.358243030105812e-06,0.6693425125580267,0.2522522522522522,23.14429917547441
64,HMGA1,True,7.0,0.1,0.25,0.0,regulon_significant_plus_direction,lesion,lesion,1.6881760814233672e-19,0.0020079019324663,0.7445295603179917,0.072072072072072,6.94540355055798
64,TCF4,False,,0.1,0.25,0.0,regulon_significant_plus_direction,internal_control,lesion,2.5162199249417195e-49,0.0564812833706176,0.115325938290752,0.7612612612612613,17.20235432169234
64,NR2F2,False,,0.1,0.25,0.0,regulon_significant_plus_direction,internal_control,lesion,2.7260446537151666e-49,0.6962069302383829,0.3910689545084058,0.0349099099099099,17.141419578143193
64,CEBPD,False,,0.1,0.25,0.0,regulon_significant_plus_direction,lesion,lesion,1.0129790988328588e-48,0.9247351769699248,0.0211323518984938,0.0427927927927927,16.91399471214932
64,ATF7,False,,0.1,0.25,0.0,regulon_significant_plus_direction,lesion,lesion,7.059258557174854e-21,0.957350567735444,0.0723226656345507,0.2871621621621621,7.235679684271952
65,SATB2,True,2.0,0.1,0.25,0.0,regulon_significant_plus_expression_significant,internal_control,internal_control,5.548087738525609e-99,2.342053487924074e-31,-0.7058935339628609,0.4107391910739191,34.818760412936605
65,THRB,True,1.0,0.1,0.25,0.0,regulon_significant_plus_expression_significant,internal_control,internal_control,4.053395110306913e-114,7.47524063251269e-21,-0.3614128972332711,0.6415620641562064,40.04207029812129
65,RARB,True,3.0,0.1,0.25,0.0,regulon_significant_plus_expression_significant,internal_control,internal_control,1.9668787753604963e-81,9.597953836114382e-12,-0.6325145174570053,0.2315202231520223,28.614861967885023
65,BHLHE40,True,5.0,0.1,0.25,0.0,regulon_significant_plus_expression_significant,lesion,lesion,1.2760362542900071e-34,1.529949104785675e-07,1.1363433892502643,0.1587837837837837,12.392424888240859
65,NFE2L2,True,6.0,0.1,0.25,0.0,regulon_significant_plus_expression_significant,lesion,lesion,1.6378667723003972e-19,4.488026735548041e-06,0.6845241377063578,0.3626126126126126,6.987108470383587
65,SOX2,True,4.0,0.1,0.25,0.0,regulon_significant_plus_expression_significant,lesion,lesion,9.389270902003821e-66,6.358243030105812e-06,0.6693425125580267,0.2522522522522522,23.14429917547441
65,HMGA1,True,7.0,0.1,0.25,0.0,regulon_significant_plus_expression_significant,lesion,lesion,1.6881760814233672e-19,0.0020079019324663,0.7445295603179917,0.072072072072072,6.94540355055798
65,TCF4,False,,0.1,0.25,0.0,regulon_significant_plus_expression_significant,internal_control,lesion,2.5162199249417195e-49,0.0564812833706176,0.115325938290752,0.7612612612612613,17.20235432169234
65,NR2F2,False,,0.1,0.25,0.0,regulon_significant_plus_expression_significant,internal_control,lesion,2.7260446537151666e-49,0.6962069302383829,0.3910689545084058,0.0349099099099099,17.141419578143193
65,CEBPD,False,,0.1,0.25,0.0,regulon_significant_plus_expression_significant,lesion,lesion,1.0129790988328588e-48,0.9247351769699248,0.0211323518984938,0.0427927927927927,16.91399471214932
65,ATF7,False,,0.1,0.25,0.0,regulon_significant_plus_expression_significant,lesion,lesion,7.059258557174854e-21,0.957350567735444,0.0723226656345507,0.2871621621621621,7.235679684271952
66,SATB2,True,2.0,0.1,0.25,0.0,regulon_significant_plus_expression_significant_plus_direction,internal_control,internal_control,5.548087738525609e-99,2.342053487924074e-31,-0.7058935339628609,0.4107391910739191,34.818760412936605
66,THRB,True,1.0,0.1,0.25,0.0,regulon_significant_plus_expression_significant_plus_direction,internal_control,internal_control,4.053395110306913e-114,7.47524063251269e-21,-0.3614128972332711,0.6415620641562064,40.04207029812129
66,RARB,True,3.0,0.1,0.25,0.0,regulon_significant_plus_expression_significant_plus_direction,internal_control,internal_control,1.9668787753604963e-81,9.597953836114382e-12,-0.6325145174570053,0.2315202231520223,28.614861967885023
66,BHLHE40,True,5.0,0.1,0.25,0.0,regulon_significant_plus_expression_significant_plus_direction,lesion,lesion,1.2760362542900071e-34,1.529949104785675e-07,1.1363433892502643,0.1587837837837837,12.392424888240859
66,NFE2L2,True,6.0,0.1,0.25,0.0,regulon_significant_plus_expression_significant_plus_direction,lesion,lesion,1.6378667723003972e-19,4.488026735548041e-06,0.6845241377063578,0.3626126126126126,6.987108470383587
66,SOX2,True,4.0,0.1,0.25,0.0,regulon_significant_plus_expression_significant_plus_direction,lesion,lesion,9.389270902003821e-66,6.358243030105812e-06,0.6693425125580267,0.2522522522522522,23.14429917547441
66,HMGA1,True,7.0,0.1,0.25,0.0,regulon_significant_plus_expression_significant_plus_direction,lesion,lesion,1.6881760814233672e-19,0.0020079019324663,0.7445295603179917,0.072072072072072,6.94540355055798
66,TCF4,False,,0.1,0.25,0.0,regulon_significant_plus_expression_significant_plus_direction,internal_control,lesion,2.5162199249417195e-49,0.0564812833706176,0.115325938290752,0.7612612612612613,17.20235432169234
66,NR2F2,False,,0.1,0.25,0.0,regulon_significant_plus_expression_significant_plus_direction,internal_control,lesion,2.7260446537151666e-49,0.6962069302383829,0.3910689545084058,0.0349099099099099,17.141419578143193
66,CEBPD,False,,0.1,0.25,0.0,regulon_significant_plus_expression_significant_plus_direction,lesion,lesion,1.0129790988328588e-48,0.9247351769699248,0.0211323518984938,0.0427927927927927,16.91399471214932
66,ATF7,False,,0.1,0.25,0.0,regulon_significant_plus_expression_significant_plus_direction,lesion,lesion,7.059258557174854e-21,0.957350567735444,0.0723226656345507,0.2871621621621621,7.235679684271952
67,SATB2,True,2.0,0.1,0.25,0.05,regulon_significant_plus_direction,internal_control,internal_control,5.548087738525609e-99,2.342053487924074e-31,-0.7058935339628609,0.4107391910739191,34.818760412936605
67,THRB,True,1.0,0.1,0.25,0.05,regulon_significant_plus_direction,internal_control,internal_control,4.053395110306913e-114,7.47524063251269e-21,-0.3614128972332711,0.6415620641562064,40.04207029812129
67,RARB,True,3.0,0.1,0.25,0.05,regulon_significant_plus_direction,internal_control,internal_control,1.9668787753604963e-81,9.597953836114382e-12,-0.6325145174570053,0.2315202231520223,28.614861967885023
67,BHLHE40,True,5.0,0.1,0.25,0.05,regulon_significant_plus_direction,lesion,lesion,1.2760362542900071e-34,1.529949104785675e-07,1.1363433892502643,0.1587837837837837,12.392424888240859
67,NFE2L2,True,6.0,0.1,0.25,0.05,regulon_significant_plus_direction,lesion,lesion,1.6378667723003972e-19,4.488026735548041e-06,0.6845241377063578,0.3626126126126126,6.987108470383587
67,SOX2,True,4.0,0.1,0.25,0.05,regulon_significant_plus_direction,lesion,lesion,9.389270902003821e-66,6.358243030105812e-06,0.6693425125580267,0.2522522522522522,23.14429917547441
67,HMGA1,True,7.0,0.1,0.25,0.05,regulon_significant_plus_direction,lesion,lesion,1.6881760814233672e-19,0.0020079019324663,0.7445295603179917,0.072072072072072,6.94540355055798
67,TCF4,False,,0.1,0.25,0.05,regulon_significant_plus_direction,internal_control,lesion,2.5162199249417195e-49,0.0564812833706176,0.115325938290752,0.7612612612612613,17.20235432169234
67,NR2F2,False,,0.1,0.25,0.05,regulon_significant_plus_direction,internal_control,lesion,2.7260446537151666e-49,0.6962069302383829,0.3910689545084058,0.0349099099099099,17.141419578143193
67,CEBPD,False,,0.1,0.25,0.05,regulon_significant_plus_direction,lesion,lesion,1.0129790988328588e-48,0.9247351769699248,0.0211323518984938,0.0427927927927927,16.91399471214932
67,ATF7,False,,0.1,0.25,0.05,regulon_significant_plus_direction,lesion,lesion,7.059258557174854e-21,0.957350567735444,0.0723226656345507,0.2871621621621621,7.235679684271952
68,SATB2,True,2.0,0.1,0.25,0.05,regulon_significant_plus_expression_significant,internal_control,internal_control,5.548087738525609e-99,2.342053487924074e-31,-0.7058935339628609,0.4107391910739191,34.818760412936605
68,THRB,True,1.0,0.1,0.25,0.05,regulon_significant_plus_expression_significant,internal_control,internal_control,4.053395110306913e-114,7.47524063251269e-21,-0.3614128972332711,0.6415620641562064,40.04207029812129
68,RARB,True,3.0,0.1,0.25,0.05,regulon_significant_plus_expression_significant,internal_control,internal_control,1.9668787753604963e-81,9.597953836114382e-12,-0.6325145174570053,0.2315202231520223,28.614861967885023
68,BHLHE40,True,5.0,0.1,0.25,0.05,regulon_significant_plus_expression_significant,lesion,lesion,1.2760362542900071e-34,1.529949104785675e-07,1.1363433892502643,0.1587837837837837,12.392424888240859
68,NFE2L2,True,6.0,0.1,0.25,0.05,regulon_significant_plus_expression_significant,lesion,lesion,1.6378667723003972e-19,4.488026735548041e-06,0.6845241377063578,0.3626126126126126,6.987108470383587
68,SOX2,True,4.0,0.1,0.25,0.05,regulon_significant_plus_expression_significant,lesion,lesion,9.389270902003821e-66,6.358243030105812e-06,0.6693425125580267,0.2522522522522522,23.14429917547441
68,HMGA1,True,7.0,0.1,0.25,0.05,regulon_significant_plus_expression_significant,lesion,lesion,1.6881760814233672e-19,0.0020079019324663,0.7445295603179917,0.072072072072072,6.94540355055798
68,TCF4,False,,0.1,0.25,0.05,regulon_significant_plus_expression_significant,internal_control,lesion,2.5162199249417195e-49,0.0564812833706176,0.115325938290752,0.7612612612612613,17.20235432169234
68,NR2F2,False,,0.1,0.25,0.05,regulon_significant_plus_expression_significant,internal_control,lesion,2.7260446537151666e-49,0.6962069302383829,0.3910689545084058,0.0349099099099099,17.141419578143193
68,CEBPD,False,,0.1,0.25,0.05,regulon_significant_plus_expression_significant,lesion,lesion,1.0129790988328588e-48,0.9247351769699248,0.0211323518984938,0.0427927927927927,16.91399471214932
68,ATF7,False,,0.1,0.25,0.05,regulon_significant_plus_expression_significant,lesion,lesion,7.059258557174854e-21,0.957350567735444,0.0723226656345507,0.2871621621621621,7.235679684271952
69,SATB2,True,2.0,0.1,0.25,0.05,regulon_significant_plus_expression_significant_plus_direction,internal_control,internal_control,5.548087738525609e-99,2.342053487924074e-31,-0.7058935339628609,0.4107391910739191,34.818760412936605
69,THRB,True,1.0,0.1,0.25,0.05,regulon_significant_plus_expression_significant_plus_direction,internal_control,internal_control,4.053395110306913e-114,7.47524063251269e-21,-0.3614128972332711,0.6415620641562064,40.04207029812129
69,RARB,True,3.0,0.1,0.25,0.05,regulon_significant_plus_expression_significant_plus_direction,internal_control,internal_control,1.9668787753604963e-81,9.597953836114382e-12,-0.6325145174570053,0.2315202231520223,28.614861967885023
69,BHLHE40,True,5.0,0.1,0.25,0.05,regulon_significant_plus_expression_significant_plus_direction,lesion,lesion,1.2760362542900071e-34,1.529949104785675e-07,1.1363433892502643,0.1587837837837837,12.392424888240859
69,NFE2L2,True,6.0,0.1,0.25,0.05,regulon_significant_plus_expression_significant_plus_direction,lesion,lesion,1.6378667723003972e-19,4.488026735548041e-06,0.6845241377063578,0.3626126126126126,6.987108470383587
69,SOX2,True,4.0,0.1,0.25,0.05,regulon_significant_plus_expression_significant_plus_direction,lesion,lesion,9.389270902003821e-66,6.358243030105812e-06,0.6693425125580267,0.2522522522522522,23.14429917547441
69,HMGA1,True,7.0,0.1,0.25,0.05,regulon_significant_plus_expression_significant_plus_direction,lesion,lesion,1.6881760814233672e-19,0.0020079019324663,0.7445295603179917,0.072072072072072,6.94540355055798
69,TCF4,False,,0.1,0.25,0.05,regulon_significant_plus_expression_significant_plus_direction,internal_control,lesion,2.5162199249417195e-49,0.0564812833706176,0.115325938290752,0.7612612612612613,17.20235432169234
69,NR2F2,False,,0.1,0.25,0.05,regulon_significant_plus_expression_significant_plus_direction,internal_control,lesion,2.7260446537151666e-49,0.6962069302383829,0.3910689545084058,0.0349099099099099,17.141419578143193
69,CEBPD,False,,0.1,0.25,0.05,regulon_significant_plus_expression_significant_plus_direction,lesion,lesion,1.0129790988328588e-48,0.9247351769699248,0.0211323518984938,0.0427927927927927,16.91399471214932
69,ATF7,False,,0.1,0.25,0.05,regulon_significant_plus_expression_significant_plus_direction,lesion,lesion,7.059258557174854e-21,0.957350567735444,0.0723226656345507,0.2871621621621621,7.235679684271952
70,SATB2,True,2.0,0.1,0.25,0.1,regulon_significant_plus_direction,internal_control,internal_control,5.548087738525609e-99,2.342053487924074e-31,-0.7058935339628609,0.4107391910739191,34.818760412936605
70,THRB,True,1.0,0.1,0.25,0.1,regulon_significant_plus_direction,internal_control,internal_control,4.053395110306913e-114,7.47524063251269e-21,-0.3614128972332711,0.6415620641562064,40.04207029812129
70,RARB,True,3.0,0.1,0.25,0.1,regulon_significant_plus_direction,internal_control,internal_control,1.9668787753604963e-81,9.597953836114382e-12,-0.6325145174570053,0.2315202231520223,28.614861967885023
70,BHLHE40,True,5.0,0.1,0.25,0.1,regulon_significant_plus_direction,lesion,lesion,1.2760362542900071e-34,1.529949104785675e-07,1.1363433892502643,0.1587837837837837,12.392424888240859
70,NFE2L2,True,6.0,0.1,0.25,0.1,regulon_significant_plus_direction,lesion,lesion,1.6378667723003972e-19,4.488026735548041e-06,0.6845241377063578,0.3626126126126126,6.987108470383587
70,SOX2,True,4.0,0.1,0.25,0.1,regulon_significant_plus_direction,lesion,lesion,9.389270902003821e-66,6.358243030105812e-06,0.6693425125580267,0.2522522522522522,23.14429917547441
70,HMGA1,False,,0.1,0.25,0.1,regulon_significant_plus_direction,lesion,lesion,1.6881760814233672e-19,0.0020079019324663,0.7445295603179917,0.072072072072072,6.94540355055798
70,TCF4,False,,0.1,0.25,0.1,regulon_significant_plus_direction,internal_control,lesion,2.5162199249417195e-49,0.0564812833706176,0.115325938290752,0.7612612612612613,17.20235432169234
70,NR2F2,False,,0.1,0.25,0.1,regulon_significant_plus_direction,internal_control,lesion,2.7260446537151666e-49,0.6962069302383829,0.3910689545084058,0.0349099099099099,17.141419578143193
70,CEBPD,False,,0.1,0.25,0.1,regulon_significant_plus_direction,lesion,lesion,1.0129790988328588e-48,0.9247351769699248,0.0211323518984938,0.0427927927927927,16.91399471214932
70,ATF7,False,,0.1,0.25,0.1,regulon_significant_plus_direction,lesion,lesion,7.059258557174854e-21,0.957350567735444,0.0723226656345507,0.2871621621621621,7.235679684271952
71,SATB2,True,2.0,0.1,0.25,0.1,regulon_significant_plus_expression_significant,internal_control,internal_control,5.548087738525609e-99,2.342053487924074e-31,-0.7058935339628609,0.4107391910739191,34.818760412936605
71,THRB,True,1.0,0.1,0.25,0.1,regulon_significant_plus_expression_significant,internal_control,internal_control,4.053395110306913e-114,7.47524063251269e-21,-0.3614128972332711,0.6415620641562064,40.04207029812129
71,RARB,True,3.0,0.1,0.25,0.1,regulon_significant_plus_expression_significant,internal_control,internal_control,1.9668787753604963e-81,9.597953836114382e-12,-0.6325145174570053,0.2315202231520223,28.614861967885023
71,BHLHE40,True,5.0,0.1,0.25,0.1,regulon_significant_plus_expression_significant,lesion,lesion,1.2760362542900071e-34,1.529949104785675e-07,1.1363433892502643,0.1587837837837837,12.392424888240859
71,NFE2L2,True,6.0,0.1,0.25,0.1,regulon_significant_plus_expression_significant,lesion,lesion,1.6378667723003972e-19,4.488026735548041e-06,0.6845241377063578,0.3626126126126126,6.987108470383587
71,SOX2,True,4.0,0.1,0.25,0.1,regulon_significant_plus_expression_significant,lesion,lesion,9.389270902003821e-66,6.358243030105812e-06,0.6693425125580267,0.2522522522522522,23.14429917547441
71,HMGA1,False,,0.1,0.25,0.1,regulon_significant_plus_expression_significant,lesion,lesion,1.6881760814233672e-19,0.0020079019324663,0.7445295603179917,0.072072072072072,6.94540355055798
71,TCF4,False,,0.1,0.25,0.1,regulon_significant_plus_expression_significant,internal_control,lesion,2.5162199249417195e-49,0.0564812833706176,0.115325938290752,0.7612612612612613,17.20235432169234
71,NR2F2,False,,0.1,0.25,0.1,regulon_significant_plus_expression_significant,internal_control,lesion,2.7260446537151666e-49,0.6962069302383829,0.3910689545084058,0.0349099099099099,17.141419578143193
71,CEBPD,False,,0.1,0.25,0.1,regulon_significant_plus_expression_significant,lesion,lesion,1.0129790988328588e-48,0.9247351769699248,0.0211323518984938,0.0427927927927927,16.91399471214932
71,ATF7,False,,0.1,0.25,0.1,regulon_significant_plus_expression_significant,lesion,lesion,7.059258557174854e-21,0.957350567735444,0.0723226656345507,0.2871621621621621,7.235679684271952
72,SATB2,True,2.0,0.1,0.25,0.1,regulon_significant_plus_expression_significant_plus_direction,internal_control,internal_control,5.548087738525609e-99,2.342053487924074e-31,-0.7058935339628609,0.4107391910739191,34.818760412936605
72,THRB,True,1.0,0.1,0.25,0.1,regulon_significant_plus_expression_significant_plus_direction,internal_control,internal_control,4.053395110306913e-114,7.47524063251269e-21,-0.3614128972332711,0.6415620641562064,40.04207029812129
72,RARB,True,3.0,0.1,0.25,0.1,regulon_significant_plus_expression_significant_plus_direction,internal_control,internal_control,1.9668787753604963e-81,9.597953836114382e-12,-0.6325145174570053,0.2315202231520223,28.614861967885023
72,BHLHE40,True,5.0,0.1,0.25,0.1,regulon_significant_plus_expression_significant_plus_direction,lesion,lesion,1.2760362542900071e-34,1.529949104785675e-07,1.1363433892502643,0.1587837837837837,12.392424888240859
72,NFE2L2,True,6.0,0.1,0.25,0.1,regulon_significant_plus_expression_significant_plus_direction,lesion,lesion,1.6378667723003972e-19,4.488026735548041e-06,0.6845241377063578,0.3626126126126126,6.987108470383587
72,SOX2,True,4.0,0.1,0.25,0.1,regulon_significant_plus_expression_significant_plus_direction,lesion,lesion,9.389270902003821e-66,6.358243030105812e-06,0.6693425125580267,0.2522522522522522,23.14429917547441
72,HMGA1,False,,0.1,0.25,0.1,regulon_significant_plus_expression_significant_plus_direction,lesion,lesion,1.6881760814233672e-19,0.0020079019324663,0.7445295603179917,0.072072072072072,6.94540355055798
72,TCF4,False,,0.1,0.25,0.1,regulon_significant_plus_expression_significant_plus_direction,internal_control,lesion,2.5162199249417195e-49,0.0564812833706176,0.115325938290752,0.7612612612612613,17.20235432169234
72,NR2F2,False,,0.1,0.25,0.1,regulon_significant_plus_expression_significant_plus_direction,internal_control,lesion,2.7260446537151666e-49,0.6962069302383829,0.3910689545084058,0.0349099099099099,17.141419578143193
72,CEBPD,False,,0.1,0.25,0.1,regulon_significant_plus_expression_significant_plus_direction,lesion,lesion,1.0129790988328588e-48,0.9247351769699248,0.0211323518984938,0.0427927927927927,16.91399471214932
72,ATF7,False,,0.1,0.25,0.1,regulon_significant_plus_expression_significant_plus_direction,lesion,lesion,7.059258557174854e-21,0.957350567735444,0.0723226656345507,0.2871621621621621,7.235679684271952
73,SATB2,True,1.0,0.1,0.5,0.0,regulon_significant_plus_direction,internal_control,internal_control,5.548087738525609e-99,2.342053487924074e-31,-0.7058935339628609,0.4107391910739191,34.818760412936605
73,THRB,False,,0.1,0.5,0.0,regulon_significant_plus_direction,internal_control,internal_control,4.053395110306913e-114,7.47524063251269e-21,-0.3614128972332711,0.6415620641562064,40.04207029812129
73,RARB,True,2.0,0.1,0.5,0.0,regulon_significant_plus_direction,internal_control,internal_control,1.9668787753604963e-81,9.597953836114382e-12,-0.6325145174570053,0.2315202231520223,28.614861967885023
73,BHLHE40,True,4.0,0.1,0.5,0.0,regulon_significant_plus_direction,lesion,lesion,1.2760362542900071e-34,1.529949104785675e-07,1.1363433892502643,0.1587837837837837,12.392424888240859
73,NFE2L2,True,5.0,0.1,0.5,0.0,regulon_significant_plus_direction,lesion,lesion,1.6378667723003972e-19,4.488026735548041e-06,0.6845241377063578,0.3626126126126126,6.987108470383587
73,SOX2,True,3.0,0.1,0.5,0.0,regulon_significant_plus_direction,lesion,lesion,9.389270902003821e-66,6.358243030105812e-06,0.6693425125580267,0.2522522522522522,23.14429917547441
73,HMGA1,True,6.0,0.1,0.5,0.0,regulon_significant_plus_direction,lesion,lesion,1.6881760814233672e-19,0.0020079019324663,0.7445295603179917,0.072072072072072,6.94540355055798
73,TCF4,False,,0.1,0.5,0.0,regulon_significant_plus_direction,internal_control,lesion,2.5162199249417195e-49,0.0564812833706176,0.115325938290752,0.7612612612612613,17.20235432169234
73,NR2F2,False,,0.1,0.5,0.0,regulon_significant_plus_direction,internal_control,lesion,2.7260446537151666e-49,0.6962069302383829,0.3910689545084058,0.0349099099099099,17.141419578143193
73,CEBPD,False,,0.1,0.5,0.0,regulon_significant_plus_direction,lesion,lesion,1.0129790988328588e-48,0.9247351769699248,0.0211323518984938,0.0427927927927927,16.91399471214932
73,ATF7,False,,0.1,0.5,0.0,regulon_significant_plus_direction,lesion,lesion,7.059258557174854e-21,0.957350567735444,0.0723226656345507,0.2871621621621621,7.235679684271952
74,SATB2,True,1.0,0.1,0.5,0.0,regulon_significant_plus_expression_significant,internal_control,internal_control,5.548087738525609e-99,2.342053487924074e-31,-0.7058935339628609,0.4107391910739191,34.818760412936605
74,THRB,False,,0.1,0.5,0.0,regulon_significant_plus_expression_significant,internal_control,internal_control,4.053395110306913e-114,7.47524063251269e-21,-0.3614128972332711,0.6415620641562064,40.04207029812129
74,RARB,True,2.0,0.1,0.5,0.0,regulon_significant_plus_expression_significant,internal_control,internal_control,1.9668787753604963e-81,9.597953836114382e-12,-0.6325145174570053,0.2315202231520223,28.614861967885023
74,BHLHE40,True,4.0,0.1,0.5,0.0,regulon_significant_plus_expression_significant,lesion,lesion,1.2760362542900071e-34,1.529949104785675e-07,1.1363433892502643,0.1587837837837837,12.392424888240859
74,NFE2L2,True,5.0,0.1,0.5,0.0,regulon_significant_plus_expression_significant,lesion,lesion,1.6378667723003972e-19,4.488026735548041e-06,0.6845241377063578,0.3626126126126126,6.987108470383587
74,SOX2,True,3.0,0.1,0.5,0.0,regulon_significant_plus_expression_significant,lesion,lesion,9.389270902003821e-66,6.358243030105812e-06,0.6693425125580267,0.2522522522522522,23.14429917547441
74,HMGA1,True,6.0,0.1,0.5,0.0,regulon_significant_plus_expression_significant,lesion,lesion,1.6881760814233672e-19,0.0020079019324663,0.7445295603179917,0.072072072072072,6.94540355055798
74,TCF4,False,,0.1,0.5,0.0,regulon_significant_plus_expression_significant,internal_control,lesion,2.5162199249417195e-49,0.0564812833706176,0.115325938290752,0.7612612612612613,17.20235432169234
74,NR2F2,False,,0.1,0.5,0.0,regulon_significant_plus_expression_significant,internal_control,lesion,2.7260446537151666e-49,0.6962069302383829,0.3910689545084058,0.0349099099099099,17.141419578143193
74,CEBPD,False,,0.1,0.5,0.0,regulon_significant_plus_expression_significant,lesion,lesion,1.0129790988328588e-48,0.9247351769699248,0.0211323518984938,0.0427927927927927,16.91399471214932
74,ATF7,False,,0.1,0.5,0.0,regulon_significant_plus_expression_significant,lesion,lesion,7.059258557174854e-21,0.957350567735444,0.0723226656345507,0.2871621621621621,7.235679684271952
75,SATB2,True,1.0,0.1,0.5,0.0,regulon_significant_plus_expression_significant_plus_direction,internal_control,internal_control,5.548087738525609e-99,2.342053487924074e-31,-0.7058935339628609,0.4107391910739191,34.818760412936605
75,THRB,False,,0.1,0.5,0.0,regulon_significant_plus_expression_significant_plus_direction,internal_control,internal_control,4.053395110306913e-114,7.47524063251269e-21,-0.3614128972332711,0.6415620641562064,40.04207029812129
75,RARB,True,2.0,0.1,0.5,0.0,regulon_significant_plus_expression_significant_plus_direction,internal_control,internal_control,1.9668787753604963e-81,9.597953836114382e-12,-0.6325145174570053,0.2315202231520223,28.614861967885023
75,BHLHE40,True,4.0,0.1,0.5,0.0,regulon_significant_plus_expression_significant_plus_direction,lesion,lesion,1.2760362542900071e-34,1.529949104785675e-07,1.1363433892502643,0.1587837837837837,12.392424888240859
75,NFE2L2,True,5.0,0.1,0.5,0.0,regulon_significant_plus_expression_significant_plus_direction,lesion,lesion,1.6378667723003972e-19,4.488026735548041e-06,0.6845241377063578,0.3626126126126126,6.987108470383587
75,SOX2,True,3.0,0.1,0.5,0.0,regulon_significant_plus_expression_significant_plus_direction,lesion,lesion,9.389270902003821e-66,6.358243030105812e-06,0.6693425125580267,0.2522522522522522,23.14429917547441
75,HMGA1,True,6.0,0.1,0.5,0.0,regulon_significant_plus_expression_significant_plus_direction,lesion,lesion,1.6881760814233672e-19,0.0020079019324663,0.7445295603179917,0.072072072072072,6.94540355055798
75,TCF4,False,,0.1,0.5,0.0,regulon_significant_plus_expression_significant_plus_direction,internal_control,lesion,2.5162199249417195e-49,0.0564812833706176,0.115325938290752,0.7612612612612613,17.20235432169234
75,NR2F2,False,,0.1,0.5,0.0,regulon_significant_plus_expression_significant_plus_direction,internal_control,lesion,2.7260446537151666e-49,0.6962069302383829,0.3910689545084058,0.0349099099099099,17.141419578143193
75,CEBPD,False,,0.1,0.5,0.0,regulon_significant_plus_expression_significant_plus_direction,lesion,lesion,1.0129790988328588e-48,0.9247351769699248,0.0211323518984938,0.0427927927927927,16.91399471214932
75,ATF7,False,,0.1,0.5,0.0,regulon_significant_plus_expression_significant_plus_direction,lesion,lesion,7.059258557174854e-21,0.957350567735444,0.0723226656345507,0.2871621621621621,7.235679684271952
76,SATB2,True,1.0,0.1,0.5,0.05,regulon_significant_plus_direction,internal_control,internal_control,5.548087738525609e-99,2.342053487924074e-31,-0.7058935339628609,0.4107391910739191,34.818760412936605
76,THRB,False,,0.1,0.5,0.05,regulon_significant_plus_direction,internal_control,internal_control,4.053395110306913e-114,7.47524063251269e-21,-0.3614128972332711,0.6415620641562064,40.04207029812129
76,RARB,True,2.0,0.1,0.5,0.05,regulon_significant_plus_direction,internal_control,internal_control,1.9668787753604963e-81,9.597953836114382e-12,-0.6325145174570053,0.2315202231520223,28.614861967885023
76,BHLHE40,True,4.0,0.1,0.5,0.05,regulon_significant_plus_direction,lesion,lesion,1.2760362542900071e-34,1.529949104785675e-07,1.1363433892502643,0.1587837837837837,12.392424888240859
76,NFE2L2,True,5.0,0.1,0.5,0.05,regulon_significant_plus_direction,lesion,lesion,1.6378667723003972e-19,4.488026735548041e-06,0.6845241377063578,0.3626126126126126,6.987108470383587
76,SOX2,True,3.0,0.1,0.5,0.05,regulon_significant_plus_direction,lesion,lesion,9.389270902003821e-66,6.358243030105812e-06,0.6693425125580267,0.2522522522522522,23.14429917547441
76,HMGA1,True,6.0,0.1,0.5,0.05,regulon_significant_plus_direction,lesion,lesion,1.6881760814233672e-19,0.0020079019324663,0.7445295603179917,0.072072072072072,6.94540355055798
76,TCF4,False,,0.1,0.5,0.05,regulon_significant_plus_direction,internal_control,lesion,2.5162199249417195e-49,0.0564812833706176,0.115325938290752,0.7612612612612613,17.20235432169234
76,NR2F2,False,,0.1,0.5,0.05,regulon_significant_plus_direction,internal_control,lesion,2.7260446537151666e-49,0.6962069302383829,0.3910689545084058,0.0349099099099099,17.141419578143193
76,CEBPD,False,,0.1,0.5,0.05,regulon_significant_plus_direction,lesion,lesion,1.0129790988328588e-48,0.9247351769699248,0.0211323518984938,0.0427927927927927,16.91399471214932
76,ATF7,False,,0.1,0.5,0.05,regulon_significant_plus_direction,lesion,lesion,7.059258557174854e-21,0.957350567735444,0.0723226656345507,0.2871621621621621,7.235679684271952
77,SATB2,True,1.0,0.1,0.5,0.05,regulon_significant_plus_expression_significant,internal_control,internal_control,5.548087738525609e-99,2.342053487924074e-31,-0.7058935339628609,0.4107391910739191,34.818760412936605
77,THRB,False,,0.1,0.5,0.05,regulon_significant_plus_expression_significant,internal_control,internal_control,4.053395110306913e-114,7.47524063251269e-21,-0.3614128972332711,0.6415620641562064,40.04207029812129
77,RARB,True,2.0,0.1,0.5,0.05,regulon_significant_plus_expression_significant,internal_control,internal_control,1.9668787753604963e-81,9.597953836114382e-12,-0.6325145174570053,0.2315202231520223,28.614861967885023
77,BHLHE40,True,4.0,0.1,0.5,0.05,regulon_significant_plus_expression_significant,lesion,lesion,1.2760362542900071e-34,1.529949104785675e-07,1.1363433892502643,0.1587837837837837,12.392424888240859
77,NFE2L2,True,5.0,0.1,0.5,0.05,regulon_significant_plus_expression_significant,lesion,lesion,1.6378667723003972e-19,4.488026735548041e-06,0.6845241377063578,0.3626126126126126,6.987108470383587
77,SOX2,True,3.0,0.1,0.5,0.05,regulon_significant_plus_expression_significant,lesion,lesion,9.389270902003821e-66,6.358243030105812e-06,0.6693425125580267,0.2522522522522522,23.14429917547441
77,HMGA1,True,6.0,0.1,0.5,0.05,regulon_significant_plus_expression_significant,lesion,lesion,1.6881760814233672e-19,0.0020079019324663,0.7445295603179917,0.072072072072072,6.94540355055798
77,TCF4,False,,0.1,0.5,0.05,regulon_significant_plus_expression_significant,internal_control,lesion,2.5162199249417195e-49,0.0564812833706176,0.115325938290752,0.7612612612612613,17.20235432169234
77,NR2F2,False,,0.1,0.5,0.05,regulon_significant_plus_expression_significant,internal_control,lesion,2.7260446537151666e-49,0.6962069302383829,0.3910689545084058,0.0349099099099099,17.141419578143193
77,CEBPD,False,,0.1,0.5,0.05,regulon_significant_plus_expression_significant,lesion,lesion,1.0129790988328588e-48,0.9247351769699248,0.0211323518984938,0.0427927927927927,16.91399471214932
77,ATF7,False,,0.1,0.5,0.05,regulon_significant_plus_expression_significant,lesion,lesion,7.059258557174854e-21,0.957350567735444,0.0723226656345507,0.2871621621621621,7.235679684271952
78,SATB2,True,1.0,0.1,0.5,0.05,regulon_significant_plus_expression_significant_plus_direction,internal_control,internal_control,5.548087738525609e-99,2.342053487924074e-31,-0.7058935339628609,0.4107391910739191,34.818760412936605
78,THRB,False,,0.1,0.5,0.05,regulon_significant_plus_expression_significant_plus_direction,internal_control,internal_control,4.053395110306913e-114,7.47524063251269e-21,-0.3614128972332711,0.6415620641562064,40.04207029812129
78,RARB,True,2.0,0.1,0.5,0.05,regulon_significant_plus_expression_significant_plus_direction,internal_control,internal_control,1.9668787753604963e-81,9.597953836114382e-12,-0.6325145174570053,0.2315202231520223,28.614861967885023
78,BHLHE40,True,4.0,0.1,0.5,0.05,regulon_significant_plus_expression_significant_plus_direction,lesion,lesion,1.2760362542900071e-34,1.529949104785675e-07,1.1363433892502643,0.1587837837837837,12.392424888240859
78,NFE2L2,True,5.0,0.1,0.5,0.05,regulon_significant_plus_expression_significant_plus_direction,lesion,lesion,1.6378667723003972e-19,4.488026735548041e-06,0.6845241377063578,0.3626126126126126,6.987108470383587
78,SOX2,True,3.0,0.1,0.5,0.05,regulon_significant_plus_expression_significant_plus_direction,lesion,lesion,9.389270902003821e-66,6.358243030105812e-06,0.6693425125580267,0.2522522522522522,23.14429917547441
78,HMGA1,True,6.0,0.1,0.5,0.05,regulon_significant_plus_expression_significant_plus_direction,lesion,lesion,1.6881760814233672e-19,0.0020079019324663,0.7445295603179917,0.072072072072072,6.94540355055798
78,TCF4,False,,0.1,0.5,0.05,regulon_significant_plus_expression_significant_plus_direction,internal_control,lesion,2.5162199249417195e-49,0.0564812833706176,0.115325938290752,0.7612612612612613,17.20235432169234
78,NR2F2,False,,0.1,0.5,0.05,regulon_significant_plus_expression_significant_plus_direction,internal_control,lesion,2.7260446537151666e-49,0.6962069302383829,0.3910689545084058,0.0349099099099099,17.141419578143193
78,CEBPD,False,,0.1,0.5,0.05,regulon_significant_plus_expression_significant_plus_direction,lesion,lesion,1.0129790988328588e-48,0.9247351769699248,0.0211323518984938,0.0427927927927927,16.91399471214932
78,ATF7,False,,0.1,0.5,0.05,regulon_significant_plus_expression_significant_plus_direction,lesion,lesion,7.059258557174854e-21,0.957350567735444,0.0723226656345507,0.2871621621621621,7.235679684271952
79,SATB2,True,1.0,0.1,0.5,0.1,regulon_significant_plus_direction,internal_control,internal_control,5.548087738525609e-99,2.342053487924074e-31,-0.7058935339628609,0.4107391910739191,34.818760412936605
79,THRB,False,,0.1,0.5,0.1,regulon_significant_plus_direction,internal_control,internal_control,4.053395110306913e-114,7.47524063251269e-21,-0.3614128972332711,0.6415620641562064,40.04207029812129
79,RARB,True,2.0,0.1,0.5,0.1,regulon_significant_plus_direction,internal_control,internal_control,1.9668787753604963e-81,9.597953836114382e-12,-0.6325145174570053,0.2315202231520223,28.614861967885023
79,BHLHE40,True,4.0,0.1,0.5,0.1,regulon_significant_plus_direction,lesion,lesion,1.2760362542900071e-34,1.529949104785675e-07,1.1363433892502643,0.1587837837837837,12.392424888240859
79,NFE2L2,True,5.0,0.1,0.5,0.1,regulon_significant_plus_direction,lesion,lesion,1.6378667723003972e-19,4.488026735548041e-06,0.6845241377063578,0.3626126126126126,6.987108470383587
79,SOX2,True,3.0,0.1,0.5,0.1,regulon_significant_plus_direction,lesion,lesion,9.389270902003821e-66,6.358243030105812e-06,0.6693425125580267,0.2522522522522522,23.14429917547441
79,HMGA1,False,,0.1,0.5,0.1,regulon_significant_plus_direction,lesion,lesion,1.6881760814233672e-19,0.0020079019324663,0.7445295603179917,0.072072072072072,6.94540355055798
79,TCF4,False,,0.1,0.5,0.1,regulon_significant_plus_direction,internal_control,lesion,2.5162199249417195e-49,0.0564812833706176,0.115325938290752,0.7612612612612613,17.20235432169234
79,NR2F2,False,,0.1,0.5,0.1,regulon_significant_plus_direction,internal_control,lesion,2.7260446537151666e-49,0.6962069302383829,0.3910689545084058,0.0349099099099099,17.141419578143193
79,CEBPD,False,,0.1,0.5,0.1,regulon_significant_plus_direction,lesion,lesion,1.0129790988328588e-48,0.9247351769699248,0.0211323518984938,0.0427927927927927,16.91399471214932
79,ATF7,False,,0.1,0.5,0.1,regulon_significant_plus_direction,lesion,lesion,7.059258557174854e-21,0.957350567735444,0.0723226656345507,0.2871621621621621,7.235679684271952
80,SATB2,True,1.0,0.1,0.5,0.1,regulon_significant_plus_expression_significant,internal_control,internal_control,5.548087738525609e-99,2.342053487924074e-31,-0.7058935339628609,0.4107391910739191,34.818760412936605
80,THRB,False,,0.1,0.5,0.1,regulon_significant_plus_expression_significant,internal_control,internal_control,4.053395110306913e-114,7.47524063251269e-21,-0.3614128972332711,0.6415620641562064,40.04207029812129
80,RARB,True,2.0,0.1,0.5,0.1,regulon_significant_plus_expression_significant,internal_control,internal_control,1.9668787753604963e-81,9.597953836114382e-12,-0.6325145174570053,0.2315202231520223,28.614861967885023
80,BHLHE40,True,4.0,0.1,0.5,0.1,regulon_significant_plus_expression_significant,lesion,lesion,1.2760362542900071e-34,1.529949104785675e-07,1.1363433892502643,0.1587837837837837,12.392424888240859
80,NFE2L2,True,5.0,0.1,0.5,0.1,regulon_significant_plus_expression_significant,lesion,lesion,1.6378667723003972e-19,4.488026735548041e-06,0.6845241377063578,0.3626126126126126,6.987108470383587
80,SOX2,True,3.0,0.1,0.5,0.1,regulon_significant_plus_expression_significant,lesion,lesion,9.389270902003821e-66,6.358243030105812e-06,0.6693425125580267,0.2522522522522522,23.14429917547441
80,HMGA1,False,,0.1,0.5,0.1,regulon_significant_plus_expression_significant,lesion,lesion,1.6881760814233672e-19,0.0020079019324663,0.7445295603179917,0.072072072072072,6.94540355055798
80,TCF4,False,,0.1,0.5,0.1,regulon_significant_plus_expression_significant,internal_control,lesion,2.5162199249417195e-49,0.0564812833706176,0.115325938290752,0.7612612612612613,17.20235432169234
80,NR2F2,False,,0.1,0.5,0.1,regulon_significant_plus_expression_significant,internal_control,lesion,2.7260446537151666e-49,0.6962069302383829,0.3910689545084058,0.0349099099099099,17.141419578143193
80,CEBPD,False,,0.1,0.5,0.1,regulon_significant_plus_expression_significant,lesion,lesion,1.0129790988328588e-48,0.9247351769699248,0.0211323518984938,0.0427927927927927,16.91399471214932
80,ATF7,False,,0.1,0.5,0.1,regulon_significant_plus_expression_significant,lesion,lesion,7.059258557174854e-21,0.957350567735444,0.0723226656345507,0.2871621621621621,7.235679684271952
81,SATB2,True,1.0,0.1,0.5,0.1,regulon_significant_plus_expression_significant_plus_direction,internal_control,internal_control,5.548087738525609e-99,2.342053487924074e-31,-0.7058935339628609,0.4107391910739191,34.818760412936605
81,THRB,False,,0.1,0.5,0.1,regulon_significant_plus_expression_significant_plus_direction,internal_control,internal_control,4.053395110306913e-114,7.47524063251269e-21,-0.3614128972332711,0.6415620641562064,40.04207029812129
81,RARB,True,2.0,0.1,0.5,0.1,regulon_significant_plus_expression_significant_plus_direction,internal_control,internal_control,1.9668787753604963e-81,9.597953836114382e-12,-0.6325145174570053,0.2315202231520223,28.614861967885023
81,BHLHE40,True,4.0,0.1,0.5,0.1,regulon_significant_plus_expression_significant_plus_direction,lesion,lesion,1.2760362542900071e-34,1.529949104785675e-07,1.1363433892502643,0.1587837837837837,12.392424888240859
81,NFE2L2,True,5.0,0.1,0.5,0.1,regulon_significant_plus_expression_significant_plus_direction,lesion,lesion,1.6378667723003972e-19,4.488026735548041e-06,0.6845241377063578,0.3626126126126126,6.987108470383587
81,SOX2,True,3.0,0.1,0.5,0.1,regulon_significant_plus_expression_significant_plus_direction,lesion,lesion,9.389270902003821e-66,6.358243030105812e-06,0.6693425125580267,0.2522522522522522,23.14429917547441
81,HMGA1,False,,0.1,0.5,0.1,regulon_significant_plus_expression_significant_plus_direction,lesion,lesion,1.6881760814233672e-19,0.0020079019324663,0.7445295603179917,0.072072072072072,6.94540355055798
81,TCF4,False,,0.1,0.5,0.1,regulon_significant_plus_expression_significant_plus_direction,internal_control,lesion,2.5162199249417195e-49,0.0564812833706176,0.115325938290752,0.7612612612612613,17.20235432169234
81,NR2F2,False,,0.1,0.5,0.1,regulon_significant_plus_expression_significant_plus_direction,internal_control,lesion,2.7260446537151666e-49,0.6962069302383829,0.3910689545084058,0.0349099099099099,17.141419578143193
81,CEBPD,False,,0.1,0.5,0.1,regulon_significant_plus_expression_significant_plus_direction,lesion,lesion,1.0129790988328588e-48,0.9247351769699248,0.0211323518984938,0.0427927927927927,16.91399471214932
81,ATF7,False,,0.1,0.5,0.1,regulon_significant_plus_expression_significant_plus_direction,lesion,lesion,7.059258557174854e-21,0.957350567735444,0.0723226656345507,0.2871621621621621,7.235679684271952
