tf,candidate_tier,gene_set_type,query_label,source,term,query_size,term_size,overlap_count,overlap_ratio,fold_enrichment,p_value,overlap_genes,fdr_bh
NFE2L2,primary_lesion_axis,regulon_targets,NFE2L2_regulon_targets,kegg,Pathways in cancer,458,529,36,0.07860262008733625,5.438439504379194,2.605145373297741e-16,ABL1;ARNT;BCL2L1;CAMK2D;CCNA1;CDK6;CTBP2;CTNNA1;CUL1;DAPK1;ESR1;FGFR2;GNA13;GNG10;GRB2;HHIP;HSP90B1;ITGAV;JAK1;LPAR1;MAP2K1;MECOM;MITF;MYC;NCOA3;NFE2L2;NFKB1;PLD1;PPARG;PRKCA;RUNX1;SMAD2;SMAD4;STAT3;TGFB2;XIAP,6.304451803380534e-14
NFE2L2,primary_lesion_axis,regulon_targets,NFE2L2_regulon_targets,kegg,MAPK signaling pathway,458,293,22,0.048034934497816595,6.000432210083908,2.7646716109127557e-11,CACNA1D;FGFR2;GRB2;HSPA2;MAP2K1;MAP3K3;MAP3K4;MAP3K8;MAP4K4;MECOM;MYC;NFATC1;NFKB1;PDGFC;PPP3R1;PRKCA;RAP1A;RAP1B;RASA2;TAB2;TAOK3;TGFB2,3.3452526492044345e-09
NFE2L2,primary_lesion_axis,regulon_targets,NFE2L2_regulon_targets,kegg,Endocytosis,458,251,20,0.043668122270742356,6.367716905304546,7.698732646544427e-11,ACAP2;ACTR3;ASAP1;CHMP3;CLTC;CYTH1;FGFR2;HSPA2;KIF5B;PARD3;PLD1;RAB31;RAB7A;SMAD2;TFRC;VPS26A;VPS45;WASL;WIPF1;WWP1,6.210311001545838e-09
NFE2L2,primary_lesion_axis,regulon_targets,NFE2L2_regulon_targets,kegg,Chronic myeloid leukemia,458,76,12,0.026200873362445413,12.618133762353482,1.9219390496389254e-10,ABL1;BCL2L1;CDK6;CTBP2;GRB2;MAP2K1;MECOM;MYC;NFKB1;RUNX1;SMAD4;TGFB2,1.16277312503155e-08
NFE2L2,primary_lesion_axis,regulon_targets,NFE2L2_regulon_targets,kegg,MicroRNAs in cancer,458,160,15,0.03275109170305677,7.49201692139738,1.971063296743372e-09,ABL1;CDK6;EZR;GLS;GRB2;MAP2K1;MYC;NFKB1;PRKCA;RDX;SPRY2;STAT3;TGFB2;ZEB1;ZEB2,9.539946356237922e-08
NFE2L2,primary_lesion_axis,regulon_targets,NFE2L2_regulon_targets,kegg,Human T-cell leukemia virus 1 infection,458,217,17,0.03711790393013101,6.260610146298272,2.645660575497576e-09,ANAPC1;ANAPC10;BCL2L1;CCNA1;EGR2;JAK1;MAP2K1;MAP3K3;MYC;NFATC1;NFKB1;NRP1;PPP3R1;SMAD2;SMAD4;TGFB2;XIAP,1.043186239397317e-07
NFE2L2,primary_lesion_axis,regulon_targets,NFE2L2_regulon_targets,kegg,Viral carcinogenesis,458,165,15,0.03275109170305677,7.264986105597459,3.017480857760834e-09,CCNA1;CDK6;EGR2;GRB2;GTF2A1;JAK1;LYN;NFKB1;RASA2;RBPJ;REL;SND1;STAT3;SYK;YWHAZ,1.043186239397317e-07
NFE2L2,primary_lesion_axis,regulon_targets,NFE2L2_regulon_targets,kegg,Transcriptional misregulation in cancer,458,173,15,0.03275109170305677,6.929032990887751,5.782583332496529e-09,AFF1;BCL2L1;BMP2K;CCNA1;MAF;MITF;MYC;NFKB1;NFKBIZ;NR4A3;PPARG;REL;RUNX1;SS18;ZEB1,1.6204420532496503e-07
NFE2L2,primary_lesion_axis,regulon_targets,NFE2L2_regulon_targets,kegg,Cell cycle,458,124,13,0.028384279475982533,8.378169460487392,6.067892848506208e-09,ABL1;ANAPC1;ANAPC10;CCNA1;CDK6;CUL1;MYC;ORC4;SMAD2;SMAD4;STAG2;TGFB2;YWHAZ,1.6204420532496503e-07
NFE2L2,primary_lesion_axis,regulon_targets,NFE2L2_regulon_targets,kegg,Osteoclast differentiation,458,125,13,0.028384279475982533,8.311144104803493,6.696041542353926e-09,CYLD;GRB2;JAK1;MAP2K1;MITF;NFATC1;NFKB1;PPARG;PPP3R1;SYK;TAB2;TEC;TGFB2,1.6204420532496503e-07
NFE2L2,primary_lesion_axis,regulon_targets,NFE2L2_regulon_targets,kegg,Long-term potentiation,458,67,10,0.021834061135371178,11.927589128592844,1.1199965575440405e-08,CAMK2D;GRIA2;GRM5;ITPR2;MAP2K1;PPP3R1;PRKCA;RAP1A;RAP1B;RAPGEF3,2.4639924265968894e-07
NFE2L2,primary_lesion_axis,regulon_targets,NFE2L2_regulon_targets,kegg,Lipid and atherosclerosis,458,214,16,0.034934497816593885,5.974941843855854,1.510087842954954e-08,ABCA1;BCL2L1;CAMK2D;HSP90B1;HSPA2;LYN;NFATC1;NFE2L2;NFKB1;PPARG;PPP3R1;PRKCA;RAP1A;RAP1B;STAT3;TAB2,3.0453438166258236e-07
NFE2L2,primary_lesion_axis,regulon_targets,NFE2L2_regulon_targets,kegg,Hepatitis B,458,161,14,0.03056768558951965,6.949117144484527,1.7947370601448146e-08,CCNA1;EGR2;GRB2;JAK1;MAP2K1;MYC;NFATC1;NFKB1;PRKCA;SMAD4;STAT3;TAB2;TGFB2;YWHAZ,3.1777614156733024e-07
NFE2L2,primary_lesion_axis,regulon_targets,NFE2L2_regulon_targets,kegg,Regulation of actin cytoskeleton,458,217,16,0.034934497816593885,5.892338961221902,1.8383743727035634e-08,ACTR3;ENAH;EZR;FGFR2;GNA13;ITGA9;ITGAV;ITGB5;LPAR1;MAP2K1;PDGFC;PIP4K2A;RDX;SPATA13;VCL;WASL,3.1777614156733024e-07
NFE2L2,primary_lesion_axis,regulon_targets,NFE2L2_regulon_targets,kegg,Salmonella infection,458,249,17,0.03711790393013101,5.456033741954719,2.0712301993418065e-08,ABI1;ACTR3;CYTH1;HSP90B1;KIF5B;KLC1;MAP2K1;MYC;MYO6;NFKB1;PIK3C2A;PLEKHM2;RAB7A;SNX9;TAB2;WASF3;WASL,3.341584721604781e-07
NFE2L2,primary_lesion_axis,regulon_targets,NFE2L2_regulon_targets,kegg,PI3K-Akt signaling pathway,458,351,20,0.043668122270742356,4.5535525448189205,2.5101364078780454e-08,BCL2L1;CDK6;FGFR2;GNG10;GRB2;HSP90B1;ITGA9;ITGAV;ITGB5;JAK1;LPAR1;MAP2K1;MYC;NFKB1;PDGFC;PPP2R5E;PRKCA;SGK3;SYK;YWHAZ,3.796581316915544e-07
NFE2L2,primary_lesion_axis,regulon_targets,NFE2L2_regulon_targets,kegg,Pathogenic Escherichia coli infection,458,196,15,0.03275109170305677,6.115932180732555,3.1215831722064785e-08,ABI1;ABL1;ACTR3;CLDN10;CYTH1;EZR;GNA13;LPAR1;MYO6;NFKB1;RAB1A;TAB2;WASF3;WASL;WIPF1,4.443665456905693e-07
NFE2L2,primary_lesion_axis,regulon_targets,NFE2L2_regulon_targets,kegg,Pancreatic cancer,458,76,10,0.021834061135371178,10.515111468627902,3.899522432254827e-08,BCL2L1;CDK6;JAK1;MAP2K1;NFKB1;PLD1;SMAD2;SMAD4;STAT3;TGFB2,5.24269127003149e-07
NFE2L2,primary_lesion_axis,regulon_targets,NFE2L2_regulon_targets,kegg,Proteoglycans in cancer,458,202,15,0.03275109170305677,5.934270828829607,4.660795804386759e-08,CAMK2D;ESR1;EZR;FRS2;GRB2;ITGAV;ITGB5;ITPR2;MAP2K1;MYC;PRKCA;RDX;SMAD2;STAT3;TGFB2,5.936382024534714e-07
NFE2L2,primary_lesion_axis,regulon_targets,NFE2L2_regulon_targets,kegg,Human cytomegalovirus infection,458,222,15,0.03275109170305677,5.399651835241355,1.6074716634784734e-07,AKAP13;CDK6;GNA13;GNG10;GRB2;ITGAV;ITPR2;JAK1;MAP2K1;MYC;NFATC1;NFKB1;PPP3R1;PRKCA;STAT3,1.9450407128089528e-06
NFE2L2,primary_lesion_axis,regulon_targets,NFE2L2_regulon_targets,kegg,Glutamatergic synapse,458,113,11,0.024017467248908297,7.779321405108784,1.9331419810084638e-07,CACNA1D;GLS;GNG10;GRIA2;GRM5;ITPR2;PLD1;PPP3R1;PRKCA;SLC38A2;TRPC1,2.1813152378062897e-06
NFE2L2,primary_lesion_axis,regulon_targets,NFE2L2_regulon_targets,kegg,Hepatocellular carcinoma,458,166,13,0.028384279475982533,6.2583916451833534,1.9830138525511726e-07,ARID2;BCL2L1;CDK6;CSNK1A1;GRB2;MAP2K1;MYC;NFE2L2;PRKCA;SMAD2;SMAD4;SMARCC1;TGFB2,2.1813152378062897e-06
NFE2L2,primary_lesion_axis,regulon_targets,NFE2L2_regulon_targets,kegg,Ras signaling pathway,458,230,15,0.03275109170305677,5.211837858363395,2.539729600103475e-07,ABL1;BCL2L1;FGFR2;GNG10;GRB2;MAP2K1;NFKB1;PDGFC;PLD1;PRKCA;RAP1A;RAP1B;RASA2;REL;RGL1,2.5847635710094685e-06
NFE2L2,primary_lesion_axis,regulon_targets,NFE2L2_regulon_targets,kegg,Signaling pathways regulating pluripotency of stem cells,458,142,12,0.026200873362445413,6.7533673657666515,2.5634018886044314e-07,BMPR1A;FGFR2;GRB2;JAK1;MAP2K1;MYC;REST;SKIL;SMAD2;SMAD4;STAT3;ZFHX3,2.5847635710094685e-06
NFE2L2,primary_lesion_axis,regulon_targets,NFE2L2_regulon_targets,kegg,Cellular senescence,458,156,12,0.026200873362445413,6.147295935505542,7.073436248839768e-07,CACNA1D;CCNA1;CDK6;FBXW11;ITPR2;MAP2K1;MYC;NFATC1;NFKB1;PPP3R1;SMAD2;TGFB2,6.847086288876895e-06
NFE2L2,primary_lesion_axis,regulon_targets,NFE2L2_regulon_targets,kegg,Leukocyte transendothelial migration,458,114,10,0.021834061135371178,7.010074312418601,1.822133307334662e-06,ARHGAP5;CLDN10;CTNNA1;EZR;JAM3;PRKCA;RAP1A;RAP1B;RAPGEF3;VCL,1.6959856168268777e-05
NFE2L2,primary_lesion_axis,regulon_targets,NFE2L2_regulon_targets,kegg,GnRH signaling pathway,458,92,9,0.019650655021834062,7.817756787545093,2.4131421404706727e-06,CACNA1D;CAMK2D;GRB2;ITPR2;MAP2K1;MAP3K3;MAP3K4;PLD1;PRKCA,2.1628903629403807e-05
NFE2L2,primary_lesion_axis,regulon_targets,NFE2L2_regulon_targets,kegg,Phospholipase D signaling pathway,458,146,11,0.024017467248908297,6.020981635460908,2.5156489924099906e-06,CYTH1;GNA13;GRB2;GRM5;LPAR1;MAP2K1;PDGFC;PLD1;PRKCA;RAPGEF3;SYK,2.174239486297206e-05
NFE2L2,primary_lesion_axis,regulon_targets,NFE2L2_regulon_targets,kegg,Thyroid hormone signaling pathway,458,121,10,0.021834061135371178,6.604532823270418,3.1342265390758046e-06,ESR1;ITGAV;MAP2K1;MED13L;MYC;NCOA3;PRKCA;SLC16A10;TBC1D4;THRB,2.615458008470154e-05
NFE2L2,primary_lesion_axis,regulon_targets,NFE2L2_regulon_targets,kegg,Oocyte meiosis,458,126,10,0.021834061135371178,6.342448187426353,4.514937788407563e-06,ANAPC1;ANAPC10;CAMK2D;CUL1;FBXW11;ITPR2;MAP2K1;PPP2R5E;PPP3R1;YWHAZ,3.6420498159821005e-05
NFE2L2,primary_lesion_axis,regulon_targets,NFE2L2_regulon_targets,kegg,Hippo signaling pathway,458,161,11,0.024017467248908297,5.4600206135235565,6.4734497663402184e-06,BMPR1A;CTNNA1;FBXW11;LATS2;MYC;PARD3;SMAD2;SMAD4;TGFB2;WWTR1;YWHAZ,4.943786595041088e-05
NFE2L2,primary_lesion_axis,regulon_targets,NFE2L2_regulon_targets,kegg,Kaposi sarcoma-associated herpesvirus infection,458,193,12,0.026200873362445413,4.968798787248002,6.5372384727816035e-06,CDK6;GNG10;ITPR2;JAK1;LYN;MAP2K1;MYC;NFATC1;NFKB1;PPP3R1;STAT3;SYK,4.943786595041088e-05
NFE2L2,primary_lesion_axis,regulon_targets,NFE2L2_regulon_targets,kegg,"Parathyroid hormone synthesis, secretion and action",458,106,9,0.019650655021834062,6.785222872208948,7.818877435490981e-06,AKAP13;GNA13;ITPR2;MAP2K1;MEF2A;NR4A2;PDE4B;PLD1;PRKCA,5.733843452693386e-05
NFE2L2,primary_lesion_axis,regulon_targets,NFE2L2_regulon_targets,kegg,Wnt signaling pathway,458,165,11,0.024017467248908297,5.327656477438137,8.180169244646488e-06,CAMK2D;CSNK1A1;CTBP2;CUL1;DAAM1;FBXW11;MYC;NFATC1;PPP3R1;PRKCA;SMAD4,5.8223557564836764e-05
NFE2L2,primary_lesion_axis,regulon_targets,NFE2L2_regulon_targets,kegg,Focal adhesion,458,200,12,0.026200873362445413,4.794890829694323,9.384552468597881e-06,ARHGAP5;GRB2;ITGA9;ITGAV;ITGB5;MAP2K1;PDGFC;PRKCA;RAP1A;RAP1B;VCL;XIAP,6.488747706859106e-05
NFE2L2,primary_lesion_axis,regulon_targets,NFE2L2_regulon_targets,kegg,Human immunodeficiency virus 1 infection,458,209,12,0.026200873362445413,4.588412277219448,1.4603265381850287e-05,AP1S2;BCL2L1;CUL1;FBXW11;GNG10;ITPR2;MAP2K1;NFATC1;NFKB1;PPP3R1;PRKCA;TAB2,9.816639506688248e-05
NFE2L2,primary_lesion_axis,regulon_targets,NFE2L2_regulon_targets,kegg,Neurotrophin signaling pathway,458,119,9,0.019650655021834062,6.043980037429819,1.9963535464860635e-05,ABL1;CAMK2D;FRS2;GRB2;MAP2K1;MAP3K3;NFKB1;RAP1A;RAP1B,0.0001290494976784758
NFE2L2,primary_lesion_axis,regulon_targets,NFE2L2_regulon_targets,kegg,cAMP signaling pathway,458,216,12,0.026200873362445413,4.439713731198447,2.026397070984331e-05,CACNA1D;CAMK2D;GRIA2;HHIP;MAP2K1;NFATC1;NFKB1;PDE4B;PLD1;RAP1A;RAP1B;RAPGEF3,0.0001290494976784758
NFE2L2,primary_lesion_axis,regulon_targets,NFE2L2_regulon_targets,kegg,Acute myeloid leukemia,458,67,7,0.015283842794759825,8.34931239001499,2.089142710577967e-05,CCNA1;GRB2;MAP2K1;MYC;NFKB1;RUNX1;STAT3,0.00012963398357945333
NFE2L2,primary_lesion_axis,regulon_targets,NFE2L2_regulon_targets,kegg,TGF-beta signaling pathway,458,93,8,0.017467248908296942,6.874395454758886,2.2744332743502918e-05,BMPR1A;CUL1;FBN1;MYC;NOG;SMAD2;SMAD4;TGFB2,0.00013760321309819266
NFE2L2,primary_lesion_axis,regulon_targets,NFE2L2_regulon_targets,kegg,Fc gamma R-mediated phagocytosis,458,95,8,0.017467248908296942,6.729671339921857,2.6562127898614585e-05,ACTR3;ASAP1;LYN;MAP2K1;PLD1;PRKCA;SYK;WASF3,0.00015678134027962757
NFE2L2,primary_lesion_axis,regulon_targets,NFE2L2_regulon_targets,kegg,Adherens junction,458,71,7,0.015283842794759825,7.878928593394427,3.060491178045868e-05,CTNNA1;PARD3;PTPRJ;SMAD4;VCL;WASF3;WASL,0.0001763425869255
NFE2L2,primary_lesion_axis,regulon_targets,NFE2L2_regulon_targets,kegg,NF-kappa B signaling pathway,458,102,8,0.017467248908296942,6.267831149927219,4.441197186853045e-05,BCL2L1;CYLD;EDA;LYN;NFKB1;SYK;TAB2;XIAP,0.00024994644632986903
NFE2L2,primary_lesion_axis,regulon_targets,NFE2L2_regulon_targets,kegg,Th17 cell differentiation,458,105,8,0.017467248908296942,6.088750259929299,5.465705718354985e-05,JAK1;NFATC1;NFKB1;PPP3R1;RUNX1;SMAD2;SMAD4;STAT3,0.00029737915319583944
NFE2L2,primary_lesion_axis,regulon_targets,NFE2L2_regulon_targets,kegg,Tight junction,458,168,10,0.021834061135371178,4.756836140569765,5.5297776420713945e-05,ACTR3;AMOTL1;CACNA1D;CLDN10;EZR;JAM3;PARD3;RAP1A;RDX;RUNX1,0.00029737915319583944
NFE2L2,primary_lesion_axis,regulon_targets,NFE2L2_regulon_targets,kegg,B cell receptor signaling pathway,458,79,7,0.015283842794759825,7.081062406721573,6.122475331658669e-05,GRB2;LYN;MAP2K1;NFATC1;NFKB1;PPP3R1;SYK,0.00032209544136117346
NFE2L2,primary_lesion_axis,regulon_targets,NFE2L2_regulon_targets,kegg,Hedgehog signaling pathway,458,55,6,0.013100436681222707,8.71798332671695,6.412228384286059e-05,CSNK1A1;CSNK1G1;CUL1;CUL3;FBXW11;HHIP,0.0003301615465951545
NFE2L2,primary_lesion_axis,regulon_targets,NFE2L2_regulon_targets,kegg,Ubiquitin mediated proteolysis,458,139,9,0.019650655021834062,5.174342621972292,6.791182679085686e-05,ANAPC1;ANAPC10;CUL1;CUL3;FBXW11;UBE2D3;UBE2E1;WWP1;XIAP,0.0003423887934039033
NFE2L2,primary_lesion_axis,regulon_targets,NFE2L2_regulon_targets,kegg,Rap1 signaling pathway,458,210,11,0.024017467248908297,4.186015803701394,7.578806348328227e-05,ENAH;FGFR2;LPAR1;MAP2K1;PARD3;PDGFC;PRKCA;PRKD3;RAP1A;RAP1B;RAPGEF3,0.00036819376986635605
NFE2L2,primary_lesion_axis,regulon_targets,NFE2L2_regulon_targets,kegg,Toxoplasmosis,458,110,8,0.017467248908296942,5.811988884477968,7.607309294759423e-05,BCL2L1;HSPA2;JAK1;NFKB1;STAT3;TAB2;TGFB2;XIAP,0.00036819376986635605
NFE2L2,primary_lesion_axis,regulon_targets,NFE2L2_regulon_targets,kegg,Serotonergic synapse,458,111,8,0.017467248908296942,5.759628624257445,8.109720550470768e-05,CACNA1D;GABRB3;GNG10;ITPR2;MAP2K1;PRKCA;RAPGEF3;TRPC1,0.00038481419082625994
NFE2L2,primary_lesion_axis,regulon_targets,NFE2L2_regulon_targets,kegg,Human papillomavirus infection,458,330,14,0.03056768558951965,3.3903268492788143,8.310899323864e-05,CCNA1;CDK6;CSNK1A1;GRB2;ITGA9;ITGAV;ITGB5;JAK1;MAML3;MAP2K1;NFKB1;PARD3;PPP2R5E;RBPJ,0.0003867764685336707
NFE2L2,primary_lesion_axis,regulon_targets,NFE2L2_regulon_targets,kegg,ErbB signaling pathway,458,84,7,0.015283842794759825,6.65957059679767,9.067610047901341e-05,ABL1;CAMK2D;GRB2;MAP2K1;MYC;NRG2;PRKCA,0.000414030496526816
NFE2L2,primary_lesion_axis,regulon_targets,NFE2L2_regulon_targets,kegg,Long-term depression,458,59,6,0.013100436681222707,8.126933609651395,9.555229840377024e-05,GNA13;GRIA2;ITPR2;LYN;MAP2K1;PRKCA,0.00042821585580948883
NFE2L2,primary_lesion_axis,regulon_targets,NFE2L2_regulon_targets,kegg,Gastric cancer,458,149,9,0.019650655021834062,4.827071305061399,0.00011582189794792901,CSNK1A1;CTNNA1;FGFR2;GRB2;MAP2K1;MYC;SMAD2;SMAD4;TGFB2,0.0005096163509708877
NFE2L2,primary_lesion_axis,regulon_targets,NFE2L2_regulon_targets,kegg,Chemical carcinogenesis,458,221,11,0.024017467248908297,3.9776620759153514,0.00011921044592689287,ARNT;CACNA1D;ESR1;GRB2;HSP90B1;MAP2K1;MYC;NFKB1;PRKCA;STAT3;XIAP,0.0005151594270412156
NFE2L2,primary_lesion_axis,regulon_targets,NFE2L2_regulon_targets,kegg,Gap junction,458,88,7,0.015283842794759825,6.356862842397777,0.0001217649474704126,GRB2;GRM5;ITPR2;LPAR1;MAP2K1;PDGFC;PRKCA,0.0005169669699621026
NFE2L2,primary_lesion_axis,regulon_targets,NFE2L2_regulon_targets,kegg,GABAergic synapse,458,89,7,0.015283842794759825,6.285437417202296,0.00013075318062077596,ABAT;CACNA1D;GABRB3;GLS;GNG10;PRKCA;SLC38A2,0.0005363096561055556
NFE2L2,primary_lesion_axis,regulon_targets,NFE2L2_regulon_targets,kegg,PD-L1 expression and PD-1 checkpoint pathway in cancer,458,89,7,0.015283842794759825,6.285437417202296,0.00013075318062077596,JAK1;MAP2K1;MAP3K3;NFATC1;NFKB1;PPP3R1;STAT3,0.0005363096561055556
NFE2L2,primary_lesion_axis,regulon_targets,NFE2L2_regulon_targets,kegg,Inflammatory bowel disease,458,63,6,0.013100436681222707,7.610937824911623,0.00013815305568143718,MAF;NFATC1;NFKB1;SMAD2;STAT3;TGFB2,0.0005564893789371274
NFE2L2,primary_lesion_axis,regulon_targets,NFE2L2_regulon_targets,kegg,Th1 and Th2 cell differentiation,458,90,7,0.015283842794759825,6.215599223677826,0.00014027211617836683,JAK1;MAF;MAML3;NFATC1;NFKB1;PPP3R1;RBPJ,0.0005564893789371274
NFE2L2,primary_lesion_axis,regulon_targets,NFE2L2_regulon_targets,kegg,Shigellosis,458,227,11,0.024017467248908297,3.8725256333801434,0.0001507727379289477,ACTR3;BCL2L1;CUL1;CYTH1;FBXW11;ITPR2;NFKB1;TAB2;UBE2D3;VCL;WASL,0.0005885000415936346
NFE2L2,primary_lesion_axis,regulon_targets,NFE2L2_regulon_targets,kegg,Hepatitis C,458,157,9,0.019650655021834062,4.581105888242984,0.00017209175731428464,CDK6;CLDN10;GRB2;JAK1;MAP2K1;MYC;NFKB1;STAT3;YWHAZ,0.0006610508773024903
NFE2L2,primary_lesion_axis,regulon_targets,NFE2L2_regulon_targets,kegg,Renal cell carcinoma,458,68,6,0.013100436681222707,7.0513100436681215,0.00021115877163297583,ARNT;GRB2;MAP2K1;RAP1A;RAP1B;TGFB2,0.0007984441052371899
NFE2L2,primary_lesion_axis,regulon_targets,NFE2L2_regulon_targets,kegg,Epstein-Barr virus infection,458,199,10,0.021834061135371178,4.01582146540563,0.0002230673781447253,CCNA1;CDK6;JAK1;LYN;MYC;NFKB1;RBPJ;STAT3;SYK;TAB2,0.0008083398512182373
NFE2L2,primary_lesion_axis,regulon_targets,NFE2L2_regulon_targets,kegg,Choline metabolism in cancer,458,97,7,0.015283842794759825,5.767050826092828,0.0002237965703786029,GPCPD1;GRB2;MAP2K1;PDGFC;PLD1;PRKCA;WASF3,0.0008083398512182373
NFE2L2,primary_lesion_axis,regulon_targets,NFE2L2_regulon_targets,kegg,Prostate cancer,458,97,7,0.015283842794759825,5.767050826092828,0.0002237965703786029,FGFR2;GRB2;HSP90B1;MAP2K1;NFKB1;PDGFC;ZEB1,0.0008083398512182373
NFE2L2,primary_lesion_axis,regulon_targets,NFE2L2_regulon_targets,kegg,Calcium signaling pathway,458,239,11,0.024017467248908297,3.67808919990499,0.00023555328732869577,ADRA1A;ASPH;CACNA1D;CAMK2D;FGFR2;GRM5;ITPKB;ITPR2;PDGFC;PPP3R1;PRKCA,0.0008382925813756525
NFE2L2,primary_lesion_axis,regulon_targets,NFE2L2_regulon_targets,kegg,cGMP-PKG signaling pathway,458,165,9,0.019650655021834062,4.358991663358475,0.00024949242701452934,ADRA1A;CACNA1D;GNA13;ITPR2;MAP2K1;MEF2A;NFATC1;PPP3R1;RGS2,0.0008651984163673451
NFE2L2,primary_lesion_axis,regulon_targets,NFE2L2_regulon_targets,kegg,Pathways of neurodegeneration,458,458,16,0.034934497816593885,2.7917850536793725,0.000250264004734356,BCL2L1;CACNA1D;CAMK2D;CSNK1A1;GRIA2;GRM5;ITPR2;KIF5B;KLC1;MAP2K1;NDUFV2;NFKB1;PPP3R1;PRKCA;PSMA1;RAB1A,0.0008651984163673451
NFE2L2,primary_lesion_axis,regulon_targets,NFE2L2_regulon_targets,kegg,Dopaminergic synapse,458,132,8,0.017467248908296942,4.843324070398306,0.00026942100911624877,CACNA1D;CAMK2D;GNG10;GRIA2;ITPR2;KIF5B;PPP2R5E;PRKCA,0.000907763172037949
NFE2L2,primary_lesion_axis,regulon_targets,NFE2L2_regulon_targets,kegg,AGE-RAGE signaling pathway in diabetic complications,458,100,7,0.015283842794759825,5.594039301310043,0.00027007829911872863,NFATC1;NFKB1;PRKCA;SMAD2;SMAD4;STAT3;TGFB2,0.000907763172037949
NFE2L2,primary_lesion_axis,regulon_targets,NFE2L2_regulon_targets,kegg,Non-small cell lung cancer,458,72,6,0.013100436681222707,6.65957059679767,0.0002890232636523675,CDK6;GRB2;KIF5B;MAP2K1;PRKCA;STAT3,0.000958131915121547
NFE2L2,primary_lesion_axis,regulon_targets,NFE2L2_regulon_targets,kegg,T cell receptor signaling pathway,458,103,7,0.015283842794759825,5.431106117776742,0.00032375818054457267,GRB2;MAP2K1;MAP3K8;NFATC1;NFKB1;PPP3R1;TEC,0.0010500029390860786
NFE2L2,primary_lesion_axis,regulon_targets,NFE2L2_regulon_targets,kegg,Apelin signaling pathway,458,136,8,0.017467248908296942,4.700873362445415,0.000329752989134471,GNA13;GNG10;ITPR2;MAP2K1;MEF2A;NRF1;SMAD2;SMAD4,0.0010500029390860786
NFE2L2,primary_lesion_axis,regulon_targets,NFE2L2_regulon_targets,kegg,Yersinia infection,458,136,8,0.017467248908296942,4.700873362445415,0.000329752989134471,ACTR3;ARHGEF28;MAP2K1;NFATC1;NFKB1;TAB2;WASL;WIPF1,0.0010500029390860786
NFE2L2,primary_lesion_axis,regulon_targets,NFE2L2_regulon_targets,kegg,C-type lectin receptor signaling pathway,458,104,7,0.015283842794759825,5.37888394356735,0.0003434385937621848,CYLD;EGR2;ITPR2;NFATC1;NFKB1;PPP3R1;SYK,0.0010748497876323362
NFE2L2,primary_lesion_axis,regulon_targets,NFE2L2_regulon_targets,kegg,Estrogen signaling pathway,458,137,8,0.017467248908296942,4.666560418193988,0.0003464391877492654,ESR1;FKBP5;GRB2;HSP90B1;HSPA2;ITPR2;MAP2K1;NCOA3,0.0010748497876323362
NFE2L2,primary_lesion_axis,regulon_targets,NFE2L2_regulon_targets,kegg,Retrograde endocannabinoid signaling,458,140,8,0.017467248908296942,4.566562694946974,0.0004006701292840997,CACNA1D;GABRB3;GNG10;GRIA2;GRM5;ITPR2;NDUFV2;PRKCA,0.0012273692567943307
NFE2L2,primary_lesion_axis,regulon_targets,NFE2L2_regulon_targets,kegg,HIF-1 signaling pathway,458,109,7,0.015283842794759825,5.132146147990865,0.00045671195217210017,ARNT;CAMK2D;MAP2K1;NFKB1;PRKCA;STAT3;TFRC,0.0013791255358220375
NFE2L2,primary_lesion_axis,regulon_targets,NFE2L2_regulon_targets,kegg,Spinocerebellar ataxia,458,143,8,0.017467248908296942,4.4707606803676665,0.00046160813389084726,DAB1;GRIA2;ITPR2;NFYA;PRKCA;PSMA1;PUM2;RBPJ,0.0013791255358220375
NFE2L2,primary_lesion_axis,regulon_targets,NFE2L2_regulon_targets,kegg,Chemokine signaling pathway,458,190,9,0.019650655021834062,3.7854401287060444,0.0006965834937855715,GNG10;GRB2;LYN;MAP2K1;NFKB1;PARD3;RAP1A;RAP1B;STAT3,0.0020557707987330282
NFE2L2,primary_lesion_axis,regulon_targets,NFE2L2_regulon_targets,kegg,Oxytocin signaling pathway,458,153,8,0.017467248908296942,4.17855409995148,0.000721155260657025,CACNA1D;CAMK2D;ITPR2;MAP2K1;NFATC1;PPP3R1;PRKCA;RGS2,0.0021026454587831332
NFE2L2,primary_lesion_axis,regulon_targets,NFE2L2_regulon_targets,kegg,Colorectal cancer,458,86,6,0.013100436681222707,5.575454453132934,0.0007510928007241857,GRB2;MAP2K1;MYC;SMAD2;SMAD4;TGFB2,0.002163862592562535
NFE2L2,primary_lesion_axis,regulon_targets,NFE2L2_regulon_targets,kegg,Sphingolipid signaling pathway,458,119,7,0.015283842794759825,4.700873362445415,0.0007718930582329554,GNA13;MAP2K1;NFKB1;PLD1;PPP2R5E;PRKCA;SGMS1,0.0021976249422632375
NFE2L2,primary_lesion_axis,regulon_targets,NFE2L2_regulon_targets,kegg,Cushing syndrome,458,155,8,0.017467248908296942,4.124637272855331,0.0007849676432696255,ARNT;CACNA1D;CAMK2D;CDK6;ITPR2;MAP2K1;RAP1A;RAP1B,0.0022088624380377834
NFE2L2,primary_lesion_axis,regulon_targets,NFE2L2_regulon_targets,kegg,Small cell lung cancer,458,92,6,0.013100436681222707,5.211837858363395,0.00106992580303355,BCL2L1;CDK6;ITGAV;MYC;NFKB1;XIAP,0.0029761154521163115
NFE2L2,primary_lesion_axis,regulon_targets,NFE2L2_regulon_targets,kegg,GnRH secretion,458,64,5,0.010917030567685589,6.243347434497816,0.0012480082363680552,CACNA1D;ITPR2;MAP2K1;PRKCA;TRPC1,0.003432022650012152
NFE2L2,primary_lesion_axis,regulon_targets,NFE2L2_regulon_targets,kegg,Protein processing in endoplasmic reticulum,458,168,8,0.017467248908296942,3.8054689124558116,0.0013187956724308653,CUL1;DNAJC3;HSP90B1;HSPA2;MAN1A1;NFE2L2;RRBP1;UBE2D3,0.0035859387946996562
NFE2L2,primary_lesion_axis,regulon_targets,NFE2L2_regulon_targets,kegg,Phosphatidylinositol signaling system,458,96,6,0.013100436681222707,4.994677947598253,0.001334117336198188,CDS1;ITPKB;ITPR2;PIK3C2A;PIP4K2A;PRKCA,0.00358729328177735
NFE2L2,primary_lesion_axis,regulon_targets,NFE2L2_regulon_targets,kegg,Fc epsilon RI signaling pathway,458,66,5,0.010917030567685589,6.0541550879978825,0.0014333288041491088,GRB2;LYN;MAP2K1;PRKCA;SYK,0.00381170956707785
NFE2L2,primary_lesion_axis,regulon_targets,NFE2L2_regulon_targets,kegg,Aldosterone synthesis and secretion,458,98,6,0.013100436681222707,4.892745744586044,0.0014835562140033732,CACNA1D;CAMK2D;ITPR2;NR4A2;PRKCA;PRKD3,0.0039023978672697427
NFE2L2,primary_lesion_axis,regulon_targets,NFE2L2_regulon_targets,kegg,Amphetamine addiction,458,69,5,0.010917030567685589,5.790930953737105,0.0017482575224933997,CACNA1D;CAMK2D;GRIA2;PPP3R1;PRKCA,0.004549229252079599
NFE2L2,primary_lesion_axis,regulon_targets,NFE2L2_regulon_targets,kegg,Tuberculosis,458,176,8,0.017467248908296942,3.6324930527987296,0.0017695693097583946,CAMK2D;JAK1;NFKB1;NFYA;PPP3R1;RAB7A;SYK;TGFB2,0.004555699712356718
NFE2L2,primary_lesion_axis,regulon_targets,NFE2L2_regulon_targets,kegg,Alzheimer disease,458,353,12,0.026200873362445413,2.7166520281554236,0.0018083511381381632,CACNA1D;CSNK1A1;GRM5;ITPR2;KIF5B;KLC1;MAP2K1;NDUFV2;NFKB1;PPP3R1;PSMA1;RTN4,0.0046065365834677425
NFE2L2,primary_lesion_axis,regulon_targets,NFE2L2_regulon_targets,kegg,Prolactin signaling pathway,458,70,5,0.010917030567685589,5.7082033686837175,0.0018636854917689716,ESR1;GRB2;MAP2K1;NFKB1;STAT3,0.004698040510500949
NFE2L2,primary_lesion_axis,regulon_targets,NFE2L2_regulon_targets,kegg,Measles,458,139,7,0.015283842794759825,4.024488705978449,0.0019012621532288865,BCL2L1;CDK6;HSPA2;JAK1;NFKB1;STAT3;TAB2,0.004743355062694748
NFE2L2,primary_lesion_axis,regulon_targets,NFE2L2_regulon_targets,kegg,Axon guidance,458,181,8,0.017467248908296942,3.5321479408429632,0.002107927063246686,ABL1;CAMK2D;ENAH;NRP1;PARD3;PPP3R1;PRKCA;TRPC1,0.005205289278629572
NFE2L2,primary_lesion_axis,regulon_targets,NFE2L2_regulon_targets,kegg,Cell adhesion molecules,458,146,7,0.015283842794759825,3.831533768020577,0.002508825214672892,CLDN10;CNTN1;IGSF11;ITGA9;ITGAV;JAM3;NCAM1,0.006112998342342584
NFE2L2,primary_lesion_axis,regulon_targets,NFE2L2_regulon_targets,kegg,Glioma,458,75,5,0.010917030567685589,5.327656477438137,0.002526032372868836,CAMK2D;CDK6;GRB2;MAP2K1;PRKCA,0.006112998342342584
NFE2L2,primary_lesion_axis,regulon_targets,NFE2L2_regulon_targets,kegg,Breast cancer,458,147,7,0.015283842794759825,3.805468912455811,0.00260654952968764,CDK6;CSNK1A1;ESR1;GRB2;MAP2K1;MYC;NCOA3,0.00624539590281593
NFE2L2,primary_lesion_axis,regulon_targets,NFE2L2_regulon_targets,kegg,Arrhythmogenic right ventricular cardiomyopathy,458,77,5,0.010917030567685589,5.189275789712471,0.0028335855368085217,CACNA1D;CTNNA1;ITGA9;ITGAV;ITGB5,0.00665755048454041
NFE2L2,primary_lesion_axis,regulon_targets,NFE2L2_regulon_targets,kegg,Bacterial invasion of epithelial cells,458,77,5,0.010917030567685589,5.189275789712471,0.0028335855368085217,ACTR3;CLTC;CTNNA1;VCL;WASL,0.00665755048454041
NFE2L2,primary_lesion_axis,regulon_targets,NFE2L2_regulon_targets,kegg,Adrenergic signaling in cardiomyocytes,458,150,7,0.015283842794759825,3.729359534206696,0.0029173353890568085,ADRA1A;CACNA1D;CAMK2D;CREM;PPP2R5E;PRKCA;RAPGEF3,0.006788415039920651
NFE2L2,primary_lesion_axis,regulon_targets,NFE2L2_regulon_targets,kegg,Cholinergic synapse,458,113,6,0.013100436681222707,4.243266220968427,0.0030462832958630367,CACNA1D;CAMK2D;GNG10;ITPR2;MAP2K1;PRKCA,0.007020957691417665
NFE2L2,primary_lesion_axis,regulon_targets,NFE2L2_regulon_targets,kegg,Huntington disease,458,291,10,0.021834061135371178,2.746214679091823,0.003918308884114275,CLTC;GRIA2;GRM5;KIF5B;KLC1;NDUFV2;NRF1;PPARG;PSMA1;REST,0.008891434026077016
NFE2L2,primary_lesion_axis,regulon_targets,NFE2L2_regulon_targets,kegg,"Growth hormone synthesis, secretion and action",458,119,6,0.013100436681222707,4.029320024953212,0.003931336532191077,CACNA1D;GRB2;ITPR2;MAP2K1;PRKCA;STAT3,0.008891434026077016
NFE2L2,primary_lesion_axis,regulon_targets,NFE2L2_regulon_targets,kegg,Natural killer cell mediated cytotoxicity,458,122,6,0.013100436681222707,3.930238384995347,0.004439156999582508,GRB2;MAP2K1;NFATC1;PPP3R1;PRKCA;SYK,0.009946999943508951
NFE2L2,primary_lesion_axis,regulon_targets,NFE2L2_regulon_targets,kegg,Platelet activation,458,123,6,0.013100436681222707,3.8982852273937585,0.004618706144363341,GNA13;ITPR2;LYN;RAP1A;RAP1B;SYK,0.010254375109503932
NFE2L2,primary_lesion_axis,regulon_targets,NFE2L2_regulon_targets,kegg,Prion disease,458,258,9,0.019650655021834062,2.787727226566467,0.005509129658154637,CACNA1D;HSPA2;ITPR2;KIF5B;KLC1;NCAM1;NDUFV2;PPP3R1;PSMA1,0.01204706298539432
NFE2L2,primary_lesion_axis,regulon_targets,NFE2L2_regulon_targets,kegg,Hypertrophic cardiomyopathy,458,90,5,0.010917030567685589,4.439713731198447,0.005525718972639543,CACNA1D;ITGA9;ITGAV;ITGB5;TGFB2,0.01204706298539432
NFE2L2,primary_lesion_axis,regulon_targets,NFE2L2_regulon_targets,kegg,FoxO signaling pathway,458,128,6,0.013100436681222707,3.74600846069869,0.0055976004570428076,GRB2;MAP2K1;SGK3;SMAD4;STAT3;TGFB2,0.012094815273253208
NFE2L2,primary_lesion_axis,regulon_targets,NFE2L2_regulon_targets,kegg,Influenza A,458,170,7,0.015283842794759825,3.29061135371179,0.00577077542626972,CDK6;DNAJC3;JAK1;MAP2K1;NFKB1;NUP98;PRKCA,0.012334026292630466
NFE2L2,primary_lesion_axis,regulon_targets,NFE2L2_regulon_targets,kegg,Relaxin signaling pathway,458,129,6,0.013100436681222707,3.7169696354219557,0.005810243790743277,GNG10;GRB2;MAP2K1;NFKB1;PRKCA;SMAD2,0.012334026292630466
NFE2L2,primary_lesion_axis,regulon_targets,NFE2L2_regulon_targets,kegg,Endometrial cancer,458,58,4,0.008733624454148471,5.51136876976359,0.00602776981155328,CTNNA1;GRB2;MAP2K1;MYC,0.012684524299094727
NFE2L2,primary_lesion_axis,regulon_targets,NFE2L2_regulon_targets,kegg,Necroptosis,458,131,6,0.013100436681222707,3.6602220074002463,0.0062531190565534335,CAMK2D;CHMP3;CYLD;JAK1;STAT3;XIAP,0.012933801809281461
NFE2L2,primary_lesion_axis,regulon_targets,NFE2L2_regulon_targets,kegg,Vascular smooth muscle contraction,458,131,6,0.013100436681222707,3.6602220074002463,0.0062531190565534335,ADRA1A;CACNA1D;GNA13;ITPR2;MAP2K1;PRKCA,0.012933801809281461
NFE2L2,primary_lesion_axis,regulon_targets,NFE2L2_regulon_targets,kegg,Dilated cardiomyopathy,458,95,5,0.010917030567685589,4.20604458745116,0.006926316502346626,CACNA1D;ITGA9;ITGAV;ITGB5;TGFB2,0.014204818589558335
NFE2L2,primary_lesion_axis,regulon_targets,NFE2L2_regulon_targets,kegg,NOD-like receptor signaling pathway,458,178,7,0.015283842794759825,3.142718708601148,0.007361623641659806,BCL2L1;ITPR2;JAK1;NAMPT;NFKB1;TAB2;XIAP,0.014970696817493051
NFE2L2,primary_lesion_axis,regulon_targets,NFE2L2_regulon_targets,kegg,Fluid shear stress and atherosclerosis,458,136,6,0.013100436681222707,3.5256550218340608,0.007467108773153653,BMPR1A;HSP90B1;ITGAV;MEF2A;NFE2L2;NFKB1,0.014976674789213386
NFE2L2,primary_lesion_axis,regulon_targets,NFE2L2_regulon_targets,kegg,Circadian entrainment,458,97,5,0.010917030567685589,4.119322018637734,0.007550224480512534,CACNA1D;CAMK2D;GNG10;GRIA2;PRKCA,0.014976674789213386
NFE2L2,primary_lesion_axis,regulon_targets,NFE2L2_regulon_targets,kegg,Glycerophospholipid metabolism,458,97,5,0.010917030567685589,4.119322018637734,0.007550224480512534,CDS1;GPCPD1;LPIN2;MBOAT1;PLD1,0.014976674789213386
NFE2L2,primary_lesion_axis,regulon_targets,NFE2L2_regulon_targets,kegg,Autophagy,458,137,6,0.013100436681222707,3.499920313645491,0.00772893173752863,BCL2L1;DAPK1;MAP2K1;RAB1A;RAB7A;RUBCN,0.015206516101479092
NFE2L2,primary_lesion_axis,regulon_targets,NFE2L2_regulon_targets,kegg,Coronavirus disease,458,228,8,0.017467248908296942,2.80402972496744,0.008357346035794109,JAK1;NFKB1;NRP1;PRKCA;RPL15;STAT3;SYK;TAB2,0.016310304360178825
NFE2L2,primary_lesion_axis,regulon_targets,NFE2L2_regulon_targets,kegg,Amoebiasis,458,101,5,0.010917030567685589,3.9561805525530715,0.00891338903985856,NFKB1;PRKCA;RAB7A;TGFB2;VCL,0.017119366251156915
NFE2L2,primary_lesion_axis,regulon_targets,NFE2L2_regulon_targets,kegg,Pancreatic secretion,458,101,5,0.010917030567685589,3.9561805525530715,0.00891338903985856,ITPR2;PRKCA;RAP1A;RAP1B;TRPC1,0.017119366251156915
NFE2L2,primary_lesion_axis,regulon_targets,NFE2L2_regulon_targets,kegg,Mucin type O-glycan biosynthesis,458,35,3,0.006550218340611353,6.849844042420462,0.009468415856776881,GALNT18;GCNT1;ST6GALNAC2,0.018042178246771696
NFE2L2,primary_lesion_axis,regulon_targets,NFE2L2_regulon_targets,kegg,Parkinson disease,458,235,8,0.017467248908296942,2.720505435287559,0.009918483451407967,BCL2L1;CAMK2D;ITPR2;KIF5B;KLC1;NDUFV2;NFE2L2;PSMA1,0.01875213277531819
NFE2L2,primary_lesion_axis,regulon_targets,NFE2L2_regulon_targets,kegg,Diabetic cardiomyopathy,458,189,7,0.015283842794759825,2.959809154132298,0.010050753522938265,CAMK2D;NDUFV2;NFKB1;PRKCA;SMAD2;TBC1D4;TGFB2,0.018854901957760156
NFE2L2,primary_lesion_axis,regulon_targets,NFE2L2_regulon_targets,kegg,Thyroid cancer,458,37,3,0.006550218340611353,6.479582202289626,0.011036170467735987,MAP2K1;MYC;PPARG,0.020432245420146666
NFE2L2,primary_lesion_axis,regulon_targets,NFE2L2_regulon_targets,kegg,Phagosome,458,148,6,0.013100436681222707,3.239791101144813,0.011060430372062864,COLEC12;ITGAV;ITGB5;RAB7A;STX7;TFRC,0.020432245420146666
NFE2L2,primary_lesion_axis,regulon_targets,NFE2L2_regulon_targets,kegg,Central carbon metabolism in cancer,458,70,4,0.008733624454148471,4.566562694946974,0.011592317159326142,FGFR2;GLS;MAP2K1;MYC,0.021252581458764592
NFE2L2,primary_lesion_axis,regulon_targets,NFE2L2_regulon_targets,kegg,Neutrophil extracellular trap formation,458,108,5,0.010917030567685589,3.6997614426653724,0.011691485864052437,CLCN5;MAP2K1;NFKB1;PRKCA;SYK,0.021273229918050297
NFE2L2,primary_lesion_axis,regulon_targets,NFE2L2_regulon_targets,kegg,Melanoma,458,72,4,0.008733624454148471,4.439713731198447,0.012757370801838034,CDK6;MAP2K1;MITF;PDGFC,0.02303943085108063
NFE2L2,primary_lesion_axis,regulon_targets,NFE2L2_regulon_targets,kegg,Amyotrophic lateral sclerosis,458,348,10,0.021834061135371178,2.2964036540681625,0.012960520141166373,BCL2L1;GRIA2;KIF5B;KLC1;NDUFV2;NRG2;NUP98;PPP3R1;PSMA1;RAB1A,0.023232932401201944
NFE2L2,primary_lesion_axis,regulon_targets,NFE2L2_regulon_targets,kegg,mTOR signaling pathway,458,154,6,0.013100436681222707,3.1135654738274825,0.013252570201037263,GRB2;LPIN2;MAP2K1;MIOS;PRKCA;RICTOR,0.02358177932831631
NFE2L2,primary_lesion_axis,regulon_targets,NFE2L2_regulon_targets,kegg,Leishmaniasis,458,73,4,0.008733624454148471,4.378895734880659,0.013366873888713925,JAK1;NFKB1;TAB2;TGFB2,0.023611558255976422
NFE2L2,primary_lesion_axis,regulon_targets,NFE2L2_regulon_targets,kegg,Thyroid hormone synthesis,458,74,4,0.008733624454148471,4.319721468193084,0.013994598471024633,HSP90B1;ITPR2;PRKCA;SLC26A4,0.02454125239121711
NFE2L2,primary_lesion_axis,regulon_targets,NFE2L2_regulon_targets,kegg,Bladder cancer,458,41,3,0.006550218340611353,5.847427841090638,0.014596407487658444,DAPK1;MAP2K1;MYC,0.025412450446139163
NFE2L2,primary_lesion_axis,regulon_targets,NFE2L2_regulon_targets,kegg,Gastric acid secretion,458,76,4,0.008733624454148471,4.206044587451161,0.015305387261165938,CAMK2D;EZR;ITPR2;PRKCA,0.026456455122872553
NFE2L2,primary_lesion_axis,regulon_targets,NFE2L2_regulon_targets,kegg,JAK-STAT signaling pathway,458,162,6,0.013100436681222707,2.9598091541322984,0.01662514858950822,BCL2L1;GRB2;JAK1;LEPR;MYC;STAT3,0.028533942969226875
NFE2L2,primary_lesion_axis,regulon_targets,NFE2L2_regulon_targets,kegg,AMPK signaling pathway,458,119,5,0.010917030567685589,3.35776668746101,0.017157169966222807,ADRA1A;CCNA1;LEPR;PPARG;PPP2R5E,0.02923968402694309
NFE2L2,primary_lesion_axis,regulon_targets,NFE2L2_regulon_targets,kegg,Thermogenesis,458,218,7,0.015283842794759825,2.5660730739954327,0.020474026426046447,FRS2;GRB2;KDM3A;NDUFV2;PPARG;SMARCC1;ZNF516,0.03464835241330937
NFE2L2,primary_lesion_axis,regulon_targets,NFE2L2_regulon_targets,kegg,Lysosome,458,128,5,0.010917030567685589,3.121673717248908,0.02271843999359291,AP1S2;AP3B1;CD164;CLTC;LITAF,0.038179600544788084
NFE2L2,primary_lesion_axis,regulon_targets,NFE2L2_regulon_targets,kegg,Morphine addiction,458,91,4,0.008733624454148471,3.5127405345745952,0.02759502786300978,GABRB3;GNG10;PDE4B;PRKCA,0.04605514995067839
NFE2L2,primary_lesion_axis,regulon_targets,NFE2L2_regulon_targets,kegg,Endocrine and other factor-regulated calcium reabsorption,458,53,3,0.006550218340611353,4.523481914805965,0.02875544780754562,CLTC;ESR1;PRKCA,0.04753160499213607
NFE2L2,primary_lesion_axis,regulon_targets,NFE2L2_regulon_targets,kegg,Neuroactive ligand-receptor interaction,458,341,9,0.019650655021834062,2.1091895145282944,0.028872503858859516,ADRA1A;GABRB3;GRIA2;GRM5;LEPR;LPAR1;NR3C1;PARD3;THRB,0.04753160499213607
NFE2L2,primary_lesion_axis,regulon_targets,NFE2L2_regulon_targets,kegg,Apoptosis,458,141,5,0.010917030567685589,2.833859828424541,0.032621832602625314,BCL2L1;ITPR2;MAP2K1;NFKB1;XIAP,0.0533411046610495
NFE2L2,primary_lesion_axis,regulon_targets,NFE2L2_regulon_targets,kegg,Progesterone-mediated oocyte maturation,458,97,4,0.008733624454148471,3.295457614910187,0.03377561152999506,ANAPC1;ANAPC10;CCNA1;MAP2K1,0.05485703349166982
NFE2L2,primary_lesion_axis,regulon_targets,NFE2L2_regulon_targets,kegg,Legionellosis,458,57,3,0.006550218340611353,4.20604458745116,0.034638701179373364,HSPA2;NFKB1;RAB1A,0.055883771236055695
NFE2L2,primary_lesion_axis,regulon_targets,NFE2L2_regulon_targets,kegg,VEGF signaling pathway,458,58,3,0.006550218340611353,4.133526577322693,0.03619929743579993,MAP2K1;PPP3R1;PRKCA,0.058014768075917766
NFE2L2,primary_lesion_axis,regulon_targets,NFE2L2_regulon_targets,kegg,Notch signaling pathway,458,59,3,0.006550218340611353,4.063466804825698,0.03779550418768494,CTBP2;MAML3;RBPJ,0.06017442114091944
NFE2L2,primary_lesion_axis,regulon_targets,NFE2L2_regulon_targets,kegg,Melanogenesis,458,101,4,0.008733624454148471,3.164944442042457,0.0383080515649492,CAMK2D;MAP2K1;MITF;PRKCA,0.06059182012233796
NFE2L2,primary_lesion_axis,regulon_targets,NFE2L2_regulon_targets,kegg,Toll-like receptor signaling pathway,458,102,4,0.008733624454148471,3.1339155749636096,0.03949291039120517,MAP2K1;MAP3K8;NFKB1;TAB2,0.06206028775760813
NFE2L2,primary_lesion_axis,regulon_targets,NFE2L2_regulon_targets,kegg,Alcoholism,458,106,4,0.008733624454148471,3.0156546098706434,0.044439532501356294,GNG10;GRB2;MAP2K1;PKIA,0.06924371484830136
NFE2L2,primary_lesion_axis,regulon_targets,NFE2L2_regulon_targets,kegg,Biosynthesis of unsaturated fatty acids,458,27,2,0.004366812227074236,5.919618308264596,0.04463644428237608,ELOVL6;FADS2,0.06924371484830136
NFE2L2,primary_lesion_axis,regulon_targets,NFE2L2_regulon_targets,kegg,TNF signaling pathway,458,112,4,0.008733624454148471,2.8541016843418587,0.0524796292724258,MAP2K1;MAP3K8;NFKB1;TAB2,0.08089216741354804
NFE2L2,primary_lesion_axis,regulon_targets,NFE2L2_regulon_targets,kegg,Adipocytokine signaling pathway,458,68,3,0.006550218340611353,3.5256550218340608,0.053730765349027196,LEPR;NFKB1;STAT3,0.08165775839622673
NFE2L2,primary_lesion_axis,regulon_targets,NFE2L2_regulon_targets,kegg,Mitophagy,458,68,3,0.006550218340611353,3.5256550218340608,0.053730765349027196,BCL2L1;MITF;RAB7A,0.08165775839622673
NFE2L2,primary_lesion_axis,regulon_targets,NFE2L2_regulon_targets,kegg,Circadian rhythm,458,30,2,0.004366812227074236,5.327656477438136,0.0539886005925466,CUL1;FBXW11,0.08165775839622673
NFE2L2,primary_lesion_axis,regulon_targets,NFE2L2_regulon_targets,kegg,Renin secretion,458,69,3,0.006550218340611353,3.474558572242263,0.055671418530812505,CACNA1D;ITPR2;PPP3R1,0.08368002040035172
NFE2L2,primary_lesion_axis,regulon_targets,NFE2L2_regulon_targets,kegg,Epithelial cell signaling in Helicobacter pylori infection,458,70,3,0.006550218340611353,3.424922021210231,0.057645109636998405,JAM3;LYN;NFKB1,0.08611183044539268
NFE2L2,primary_lesion_axis,regulon_targets,NFE2L2_regulon_targets,kegg,D-Glutamine and D-glutamate metabolism,458,5,1,0.002183406113537118,15.98296943231441,0.061023487575832265,GLS,0.09059928830276938
NFE2L2,primary_lesion_axis,regulon_targets,NFE2L2_regulon_targets,kegg,Inositol phosphate metabolism,458,73,3,0.006550218340611353,3.284171801160495,0.06376143112529689,ITPKB;PIK3C2A;PIP4K2A,0.0938088152714918
NFE2L2,primary_lesion_axis,regulon_targets,NFE2L2_regulon_targets,kegg,SNARE interactions in vesicular transport,458,33,2,0.004366812227074236,4.843324070398306,0.06396055586692623,STX11;STX7,0.0938088152714918
NFE2L2,primary_lesion_axis,regulon_targets,NFE2L2_regulon_targets,kegg,PPAR signaling pathway,458,74,3,0.006550218340611353,3.239791101144813,0.06586425504026608,FADS2;ME1;PPARG,0.09601897421532765
NFE2L2,primary_lesion_axis,regulon_targets,NFE2L2_regulon_targets,kegg,Propanoate metabolism,458,34,2,0.004366812227074236,4.700873362445415,0.06741204565378817,ABAT;SUCLG2,0.09768691645638763
NFE2L2,primary_lesion_axis,regulon_targets,NFE2L2_regulon_targets,kegg,"Alanine, aspartate and glutamate metabolism",458,35,2,0.004366812227074236,4.566562694946974,0.07092378079300093,ABAT;GLS,0.10216401757087039
NFE2L2,primary_lesion_axis,regulon_targets,NFE2L2_regulon_targets,kegg,Nicotine addiction,458,40,2,0.004366812227074236,3.9957423580786027,0.0893161540120283,GABRB3;GRIA2,0.12789650456160268
NFE2L2,primary_lesion_axis,regulon_targets,NFE2L2_regulon_targets,kegg,Insulin secretion,458,86,3,0.006550218340611353,2.787727226566467,0.09345549066288492,CACNA1D;CAMK2D;PRKCA,0.13303663964951853
NFE2L2,primary_lesion_axis,regulon_targets,NFE2L2_regulon_targets,kegg,ECM-receptor interaction,458,88,3,0.006550218340611353,2.7243697895990473,0.09845178005811774,ITGA9;ITGAV;ITGB5,0.1393294197313713
NFE2L2,primary_lesion_axis,regulon_targets,NFE2L2_regulon_targets,kegg,Salivary secretion,458,93,3,0.006550218340611353,2.5778982955345824,0.11139727160519167,ADRA1A;ITPR2;PRKCA,0.1567333705142813
NFE2L2,primary_lesion_axis,regulon_targets,NFE2L2_regulon_targets,kegg,Other types of O-glycan biosynthesis,458,46,2,0.004366812227074236,3.4745585722422634,0.11297419902261949,GALNT18;ST6GAL1,0.1580332726212365
NFE2L2,primary_lesion_axis,regulon_targets,NFE2L2_regulon_targets,kegg,IL-17 signaling pathway,458,94,3,0.006550218340611353,2.550473845582087,0.11406114864938605,HSP90B1;NFKB1;TAB2,0.15863676996064036
NFE2L2,primary_lesion_axis,regulon_targets,NFE2L2_regulon_targets,kegg,Non-alcoholic fatty liver disease,458,150,4,0.008733624454148471,2.1310625909752545,0.11979981910140432,LEPR;NDUFV2;NFKB1;PPARG,0.16566603555737056
NFE2L2,primary_lesion_axis,regulon_targets,NFE2L2_regulon_targets,kegg,Inflammatory mediator regulation of TRP channels,458,97,3,0.006550218340611353,2.4715932111826406,0.12219508341532104,CAMK2D;ITPR2;PRKCA,0.16801823969606644
NFE2L2,primary_lesion_axis,regulon_targets,NFE2L2_regulon_targets,kegg,Cocaine addiction,458,49,2,0.004366812227074236,3.261830496390696,0.1253435271277224,GRIA2;NFKB1,0.17137363595993685
NFE2L2,primary_lesion_axis,regulon_targets,NFE2L2_regulon_targets,kegg,N-Glycan biosynthesis,458,50,2,0.004366812227074236,3.196593886462882,0.12953603287176993,MAN1A1;ST6GAL1,0.17611078626386698
NFE2L2,primary_lesion_axis,regulon_targets,NFE2L2_regulon_targets,kegg,Chagas disease,458,101,3,0.006550218340611353,2.373708331531843,0.13335716619867127,NFKB1;SMAD2;TGFB2,0.1802929286037902
NFE2L2,primary_lesion_axis,regulon_targets,NFE2L2_regulon_targets,kegg,Longevity regulating pathway,458,102,3,0.006550218340611353,2.3504366812227073,0.13620153758677658,HSPA2;NFKB1;PPARG,0.18311540053333297
NFE2L2,primary_lesion_axis,regulon_targets,NFE2L2_regulon_targets,kegg,Protein digestion and absorption,458,103,3,0.006550218340611353,2.3276169076186037,0.13906662903473713,SLC16A10;SLC36A4;SLC38A2,0.18593438799119552
NFE2L2,primary_lesion_axis,regulon_targets,NFE2L2_regulon_targets,kegg,Glycosaminoglycan biosynthesis,458,53,2,0.004366812227074236,3.0156546098706434,0.142300888947587,B4GALT4;UST,0.18921326991931897
NFE2L2,primary_lesion_axis,regulon_targets,NFE2L2_regulon_targets,kegg,Glucagon signaling pathway,458,106,3,0.006550218340611353,2.2617409574029823,0.14778212113925077,CAMK2D;ITPR2;PPP3R1,0.19542772303660483
NFE2L2,primary_lesion_axis,regulon_targets,NFE2L2_regulon_targets,kegg,Insulin resistance,458,107,3,0.006550218340611353,2.240603191445945,0.15072599139638002,NFKB1;STAT3;TBC1D4,0.1982374452061085
NFE2L2,primary_lesion_axis,regulon_targets,NFE2L2_regulon_targets,kegg,Glycerolipid metabolism,458,60,2,0.004366812227074236,2.663828238719068,0.17300114369443317,LPIN2;MBOAT1,0.22630419877866392
NFE2L2,primary_lesion_axis,regulon_targets,NFE2L2_regulon_targets,kegg,Lysine degradation,458,63,2,0.004366812227074236,2.536979274970541,0.18646766220144287,AASS;MECOM,0.24260846372445793
NFE2L2,primary_lesion_axis,regulon_targets,NFE2L2_regulon_targets,kegg,Cortisol synthesis and secretion,458,65,2,0.004366812227074236,2.458918374202217,0.19552491589161336,CACNA1D;ITPR2,0.25303224409502906
NFE2L2,primary_lesion_axis,regulon_targets,NFE2L2_regulon_targets,kegg,Antigen processing and presentation,458,69,2,0.004366812227074236,2.316372381494842,0.2137917770641137,HSPA2;NFYA,0.2737439685159551
NFE2L2,primary_lesion_axis,regulon_targets,NFE2L2_regulon_targets,kegg,RIG-I-like receptor signaling pathway,458,69,2,0.004366812227074236,2.316372381494842,0.2137917770641137,CYLD;NFKB1,0.2737439685159551
NFE2L2,primary_lesion_axis,regulon_targets,NFE2L2_regulon_targets,kegg,p53 signaling pathway,458,73,2,0.004366812227074236,2.1894478674403297,0.23220869420862303,BCL2L1;CDK6,0.2944776867535836
NFE2L2,primary_lesion_axis,regulon_targets,NFE2L2_regulon_targets,kegg,Arginine biosynthesis,458,21,1,0.002183406113537118,3.8054689124558116,0.23241833954518376,GLS,0.2944776867535836
NFE2L2,primary_lesion_axis,regulon_targets,NFE2L2_regulon_targets,kegg,Protein export,458,23,1,0.002183406113537118,3.4745585722422634,0.2515192875640101,SRPRB,0.31537651601290384
NFE2L2,primary_lesion_axis,regulon_targets,NFE2L2_regulon_targets,kegg,Proximal tubule bicarbonate reclamation,458,23,1,0.002183406113537118,3.4745585722422634,0.2515192875640101,GLS,0.31537651601290384
NFE2L2,primary_lesion_axis,regulon_targets,NFE2L2_regulon_targets,kegg,alpha-Linolenic acid metabolism,458,24,1,0.002183406113537118,3.329785298398835,0.2608911549787318,FADS2,0.3254415438394489
NFE2L2,primary_lesion_axis,regulon_targets,NFE2L2_regulon_targets,kegg,Cardiac muscle contraction,458,83,2,0.004366812227074236,1.925658967748724,0.2785355998825104,ASPH;CACNA1D,0.34566982139265395
NFE2L2,primary_lesion_axis,regulon_targets,NFE2L2_regulon_targets,kegg,Fatty acid elongation,458,27,1,0.002183406113537118,2.959809154132298,0.2883100150185955,ELOVL6,0.3559746103801026
NFE2L2,primary_lesion_axis,regulon_targets,NFE2L2_regulon_targets,kegg,Butanoate metabolism,458,28,1,0.002183406113537118,2.8541016843418587,0.2972221934273422,ABAT,0.36511558786506
NFE2L2,primary_lesion_axis,regulon_targets,NFE2L2_regulon_targets,kegg,Citrate cycle (TCA cycle),458,30,1,0.002183406113537118,2.663828238719068,0.31471385088055576,SUCLG2,0.3827173462969572
NFE2L2,primary_lesion_axis,regulon_targets,NFE2L2_regulon_targets,kegg,beta-Alanine metabolism,458,30,1,0.002183406113537118,2.663828238719068,0.31471385088055576,ABAT,0.3827173462969572
NFE2L2,primary_lesion_axis,regulon_targets,NFE2L2_regulon_targets,kegg,mRNA surveillance pathway,458,98,2,0.004366812227074236,1.630915248195348,0.34747270754050813,CSTF3;PPP2R5E,0.4194722616158695
NFE2L2,primary_lesion_axis,regulon_targets,NFE2L2_regulon_targets,kegg,Nicotinate and nicotinamide metabolism,458,34,1,0.002183406113537118,2.3504366812227073,0.3484046470445858,NAMPT,0.4194722616158695
NFE2L2,primary_lesion_axis,regulon_targets,NFE2L2_regulon_targets,kegg,African trypanosomiasis,458,36,1,0.002183406113537118,2.2198568655992235,0.36462505265670536,PRKCA,0.4368280333808054
NFE2L2,primary_lesion_axis,regulon_targets,NFE2L2_regulon_targets,kegg,Aldosterone-regulated sodium reabsorption,458,37,1,0.002183406113537118,2.159860734096542,0.37258353004992895,PRKCA,0.4441636171038562
NFE2L2,primary_lesion_axis,regulon_targets,NFE2L2_regulon_targets,kegg,Various types of N-glycan biosynthesis,458,39,1,0.002183406113537118,2.049098645168514,0.3882033151364797,MAN1A1,0.46051569736778475
NFE2L2,primary_lesion_axis,regulon_targets,NFE2L2_regulon_targets,kegg,Ferroptosis,458,41,1,0.002183406113537118,1.9491426136968792,0.40343506731398426,TFRC,0.47164872603857094
NFE2L2,primary_lesion_axis,regulon_targets,NFE2L2_regulon_targets,kegg,Homologous recombination,458,41,1,0.002183406113537118,1.9491426136968792,0.40343506731398426,UIMC1,0.47164872603857094
NFE2L2,primary_lesion_axis,regulon_targets,NFE2L2_regulon_targets,kegg,Type I diabetes mellitus,458,41,1,0.002183406113537118,1.9491426136968792,0.40343506731398426,ICA1,0.47164872603857094
NFE2L2,primary_lesion_axis,regulon_targets,NFE2L2_regulon_targets,kegg,Fat digestion and absorption,458,42,1,0.002183406113537118,1.9027344562279058,0.41090844639413215,ABCA1,0.47807617320855755
NFE2L2,primary_lesion_axis,regulon_targets,NFE2L2_regulon_targets,kegg,Basal transcription factors,458,44,1,0.002183406113537118,1.8162465263993648,0.42557611042910437,GTF2A1,0.4927723383915945
NFE2L2,primary_lesion_axis,regulon_targets,NFE2L2_regulon_targets,kegg,ABC transporters,458,45,1,0.002183406113537118,1.7758854924793788,0.4327727113926262,ABCA1,0.4951200069311875
NFE2L2,primary_lesion_axis,regulon_targets,NFE2L2_regulon_targets,kegg,Glycosphingolipid biosynthesis,458,45,1,0.002183406113537118,1.7758854924793788,0.4327727113926262,B4GALT4,0.4951200069311875
NFE2L2,primary_lesion_axis,regulon_targets,NFE2L2_regulon_targets,kegg,Carbohydrate digestion and absorption,458,46,1,0.002183406113537118,1.7372792861211317,0.4398793450008484,CACNA1D,0.4951200069311875
NFE2L2,primary_lesion_axis,regulon_targets,NFE2L2_regulon_targets,kegg,Ether lipid metabolism,458,46,1,0.002183406113537118,1.7372792861211317,0.4398793450008484,PLD1,0.4951200069311875
NFE2L2,primary_lesion_axis,regulon_targets,NFE2L2_regulon_targets,kegg,Proteasome,458,46,1,0.002183406113537118,1.7372792861211317,0.4398793450008484,PSMA1,0.4951200069311875
NFE2L2,primary_lesion_axis,regulon_targets,NFE2L2_regulon_targets,kegg,Type II diabetes mellitus,458,46,1,0.002183406113537118,1.7372792861211317,0.4398793450008484,CACNA1D,0.4951200069311875
NFE2L2,primary_lesion_axis,regulon_targets,NFE2L2_regulon_targets,kegg,Amino sugar and nucleotide sugar metabolism,458,47,1,0.002183406113537118,1.7003158970547245,0.44689713353838434,NPL,0.49838297841607837
NFE2L2,primary_lesion_axis,regulon_targets,NFE2L2_regulon_targets,kegg,Pyruvate metabolism,458,47,1,0.002183406113537118,1.7003158970547245,0.44689713353838434,ME1,0.49838297841607837
NFE2L2,primary_lesion_axis,regulon_targets,NFE2L2_regulon_targets,kegg,"Valine, leucine and isoleucine degradation",458,48,1,0.002183406113537118,1.6648926491994176,0.45382718532038924,ABAT,0.5037898112272211
NFE2L2,primary_lesion_axis,regulon_targets,NFE2L2_regulon_targets,kegg,Malaria,458,49,1,0.002183406113537118,1.630915248195348,0.4606705948660701,TGFB2,0.5067376543526771
NFE2L2,primary_lesion_axis,regulon_targets,NFE2L2_regulon_targets,kegg,Sphingolipid metabolism,458,49,1,0.002183406113537118,1.630915248195348,0.4606705948660701,SGMS1,0.5067376543526771
NFE2L2,primary_lesion_axis,regulon_targets,NFE2L2_regulon_targets,kegg,Arginine and proline metabolism,458,50,1,0.002183406113537118,1.598296943231441,0.46742844307003567,OAT,0.5072541848562718
NFE2L2,primary_lesion_axis,regulon_targets,NFE2L2_regulon_targets,kegg,Cholesterol metabolism,458,50,1,0.002183406113537118,1.598296943231441,0.46742844307003567,ABCA1,0.5072541848562718
NFE2L2,primary_lesion_axis,regulon_targets,NFE2L2_regulon_targets,kegg,Vibrio cholerae infection,458,50,1,0.002183406113537118,1.598296943231441,0.46742844307003567,PRKCA,0.5072541848562718
NFE2L2,primary_lesion_axis,regulon_targets,NFE2L2_regulon_targets,kegg,Cytokine-cytokine receptor interaction,458,293,4,0.008733624454148471,1.0909876745607106,0.5002490780139777,BMPR1A;EDA;LEPR;TGFB2,0.5391017811704593
NFE2L2,primary_lesion_axis,regulon_targets,NFE2L2_regulon_targets,kegg,Spliceosome,458,134,2,0.004366812227074236,1.1927589128592844,0.5012309948898898,HSPA2;SRSF4,0.5391017811704593
NFE2L2,primary_lesion_axis,regulon_targets,NFE2L2_regulon_targets,kegg,Insulin signaling pathway,458,136,2,0.004366812227074236,1.1752183406113537,0.5090891504841284,GRB2;MAP2K1,0.5451308602529162
NFE2L2,primary_lesion_axis,regulon_targets,NFE2L2_regulon_targets,kegg,Viral myocarditis,458,57,1,0.002183406113537118,1.40201486248372,0.51242567413603,ABL1,0.546286401501847
NFE2L2,primary_lesion_axis,regulon_targets,NFE2L2_regulon_targets,kegg,Mineral absorption,458,60,1,0.002183406113537118,1.331914119359534,0.5305294391333127,STEAP2,0.563105808202902
NFE2L2,primary_lesion_axis,regulon_targets,NFE2L2_regulon_targets,kegg,Cytosolic DNA-sensing pathway,458,61,1,0.002183406113537118,1.3100794616651157,0.5364137202662034,NFKB1,0.5668651541677783
NFE2L2,primary_lesion_axis,regulon_targets,NFE2L2_regulon_targets,kegg,Basal cell carcinoma,458,63,1,0.002183406113537118,1.2684896374852705,0.5479624196487295,HHIP,0.5765517632825763
NFE2L2,primary_lesion_axis,regulon_targets,NFE2L2_regulon_targets,kegg,Herpes simplex virus 1 infection,458,493,6,0.013100436681222707,0.9725944887818099,0.5834588766556099,BCL2L1;JAK1;NFKB1;SRSF4;SYK;TAB2,0.6112426326868294
NFE2L2,primary_lesion_axis,regulon_targets,NFE2L2_regulon_targets,kegg,Pertussis,458,76,1,0.002183406113537118,1.0515111468627902,0.616340800414804,NFKB1,0.6407163009672319
NFE2L2,primary_lesion_axis,regulon_targets,NFE2L2_regulon_targets,kegg,RNA transport,458,166,2,0.004366812227074236,0.962829483874362,0.6168880087825,EIF5B;NUP98,0.6407163009672319
NFE2L2,primary_lesion_axis,regulon_targets,NFE2L2_regulon_targets,kegg,Synaptic vesicle cycle,458,78,1,0.002183406113537118,1.024549322584257,0.6259022846849036,CLTC,0.6473006533920798
NFE2L2,primary_lesion_axis,regulon_targets,NFE2L2_regulon_targets,kegg,RNA degradation,458,79,1,0.002183406113537118,1.0115803438173676,0.6305934862185749,CNOT1,0.6493771219782772
NFE2L2,primary_lesion_axis,regulon_targets,NFE2L2_regulon_targets,kegg,Taste transduction,458,85,1,0.002183406113537118,0.9401746724890828,0.6575333093799475,SCN9A,0.6742502579235055
NFE2L2,primary_lesion_axis,regulon_targets,NFE2L2_regulon_targets,kegg,Rheumatoid arthritis,458,89,1,0.002183406113537118,0.8979196310288994,0.6743949181031677,TGFB2,0.6886226589914202
NFE2L2,primary_lesion_axis,regulon_targets,NFE2L2_regulon_targets,kegg,Hematopoietic cell lineage,458,96,1,0.002183406113537118,0.8324463245997088,0.7019337369675036,TFRC,0.7137309426308229
NFE2L2,primary_lesion_axis,regulon_targets,NFE2L2_regulon_targets,kegg,Oxidative phosphorylation,458,119,1,0.002183406113537118,0.671553337492202,0.777074186202238,NDUFV2,0.7868282554851113
NFE2L2,primary_lesion_axis,regulon_targets,NFE2L2_regulon_targets,kegg,Purine metabolism,458,125,1,0.002183406113537118,0.6393187772925764,0.7933488340619251,PDE4B,0.7999600743457745
NFE2L2,primary_lesion_axis,regulon_targets,NFE2L2_regulon_targets,kegg,Ribosome,458,132,1,0.002183406113537118,0.6054155087997882,0.8108434488139483,RPL15,0.8142079444521805
NFE2L2,primary_lesion_axis,regulon_targets,NFE2L2_regulon_targets,kegg,Olfactory transduction,458,421,2,0.004366812227074236,0.37964297938989094,0.9690775215279908,CAMK2D;RGS2,0.9690775215279908
NFE2L2,primary_lesion_axis,intersection_directional,NFE2L2_intersection_directional,kegg,Lipid and atherosclerosis,245,214,13,0.053061224489795916,9.075205035285142,2.621003438543486e-09,ABCA1;CAMK2D;HSP90B1;HSPA2;LYN;NFATC1;NFE2L2;NFKB1;PPARG;PRKCA;RAP1A;RAP1B;TAB2,5.55652728971219e-07
NFE2L2,primary_lesion_axis,intersection_directional,NFE2L2_intersection_directional,kegg,MAPK signaling pathway,245,293,14,0.05714285714285714,7.138176499268648,1.3773001053943489e-08,FGFR2;HSPA2;MAP3K4;MAP3K8;MAP4K4;NFATC1;NFKB1;PDGFC;PRKCA;RAP1A;RAP1B;TAB2;TAOK3;TGFB2,1.2518163780172989e-06
NFE2L2,primary_lesion_axis,intersection_directional,NFE2L2_intersection_directional,kegg,Endocytosis,245,251,13,0.053061224489795916,7.7374258069761765,1.7714382707791966e-08,ACAP2;ACTR3;CLTC;FGFR2;HSPA2;KIF5B;PARD3;RAB31;SMAD2;TFRC;VPS26A;WASL;WIPF1,1.2518163780172989e-06
NFE2L2,primary_lesion_axis,intersection_directional,NFE2L2_intersection_directional,kegg,Pathogenic Escherichia coli infection,245,196,11,0.044897959183673466,8.384235735110371,1.0048673134483932e-07,ABI1;ACTR3;CLDN10;EZR;GNA13;LPAR1;NFKB1;TAB2;WASF3;WASL;WIPF1,5.325796761276485e-06
NFE2L2,primary_lesion_axis,intersection_directional,NFE2L2_intersection_directional,kegg,Pathways in cancer,245,529,17,0.06938775510204082,4.800871879942903,1.2934837845568797e-07,CAMK2D;CTBP2;FGFR2;GNA13;GNG10;HSP90B1;ITGAV;LPAR1;MITF;NFE2L2;NFKB1;PPARG;PRKCA;RUNX1;SMAD2;SMAD4;TGFB2,5.4843712465211705e-06
NFE2L2,primary_lesion_axis,intersection_directional,NFE2L2_intersection_directional,kegg,Regulation of actin cytoskeleton,245,217,11,0.044897959183673466,7.572858083325495,2.7999144344678405e-07,ACTR3;ENAH;EZR;FGFR2;GNA13;ITGAV;ITGB5;LPAR1;PDGFC;RDX;WASL,8.905543999595274e-06
NFE2L2,primary_lesion_axis,intersection_directional,NFE2L2_intersection_directional,kegg,Transcriptional misregulation in cancer,245,173,10,0.04081632653061224,8.635366285242421,2.940509811187119e-07,AFF1;BMP2K;MITF;NFKB1;NFKBIZ;PPARG;REL;RUNX1;SS18;ZEB1,8.905543999595274e-06
NFE2L2,primary_lesion_axis,intersection_directional,NFE2L2_intersection_directional,kegg,Proteoglycans in cancer,245,202,10,0.04081632653061224,7.395635481915538,1.215868162592412e-06,CAMK2D;EZR;FRS2;ITGAV;ITGB5;ITPR2;PRKCA;RDX;SMAD2;TGFB2,3.222050630869892e-05
NFE2L2,primary_lesion_axis,intersection_directional,NFE2L2_intersection_directional,kegg,Osteoclast differentiation,245,125,8,0.0326530612244898,9.561077551020409,2.155429943476557e-06,CYLD;MITF;NFATC1;NFKB1;PPARG;SYK;TAB2;TGFB2,5.0772349779670005e-05
NFE2L2,primary_lesion_axis,intersection_directional,NFE2L2_intersection_directional,kegg,"Parathyroid hormone synthesis, secretion and action",245,106,7,0.02857142857142857,9.865498652291105,7.668758663103919e-06,AKAP13;GNA13;ITPR2;MEF2A;NR4A2;PDE4B;PRKCA,0.00016257768365780307
NFE2L2,primary_lesion_axis,intersection_directional,NFE2L2_intersection_directional,kegg,Rap1 signaling pathway,245,210,9,0.036734693877551024,6.402507288629739,1.3348358484003153e-05,ENAH;FGFR2;LPAR1;PARD3;PDGFC;PRKCA;PRKD3;RAP1A;RAP1B,0.00025725927260078805
NFE2L2,primary_lesion_axis,intersection_directional,NFE2L2_intersection_directional,kegg,Tight junction,245,168,8,0.0326530612244898,7.113896987366376,1.9032932099512598e-05,ACTR3;AMOTL1;CLDN10;EZR;PARD3;RAP1A;RDX;RUNX1,0.0003362484670913892
NFE2L2,primary_lesion_axis,intersection_directional,NFE2L2_intersection_directional,kegg,Salmonella infection,245,249,9,0.036734693877551024,5.399704942217851,5.075744144601851e-05,ABI1;ACTR3;HSP90B1;KIF5B;NFKB1;PIK3C2A;TAB2;WASF3;WASL,0.0008277367374273787
NFE2L2,primary_lesion_axis,intersection_directional,NFE2L2_intersection_directional,kegg,AGE-RAGE signaling pathway in diabetic complications,245,100,6,0.024489795918367346,8.963510204081633,5.964774599876371e-05,NFATC1;NFKB1;PRKCA;SMAD2;SMAD4;TGFB2,0.0009032372965527077
NFE2L2,primary_lesion_axis,intersection_directional,NFE2L2_intersection_directional,kegg,NF-kappa B signaling pathway,245,102,6,0.024489795918367346,8.787755102040816,6.66332438149209e-05,CYLD;EDA;LYN;NFKB1;SYK;TAB2,0.0009417498459175487
NFE2L2,primary_lesion_axis,intersection_directional,NFE2L2_intersection_directional,kegg,Long-term potentiation,245,67,5,0.02040816326530612,11.14864453243984,8.883469009331184e-05,CAMK2D;ITPR2;PRKCA;RAP1A;RAP1B,0.0011770596437363817
NFE2L2,primary_lesion_axis,intersection_directional,NFE2L2_intersection_directional,kegg,MicroRNAs in cancer,245,160,7,0.02857142857142857,6.535892857142858,0.0001081134967771771,EZR;NFKB1;PRKCA;RDX;SPRY2;TGFB2;ZEB1,0.0013482389009859732
NFE2L2,primary_lesion_axis,intersection_directional,NFE2L2_intersection_directional,kegg,Leukocyte transendothelial migration,245,114,6,0.024489795918367346,7.862728249194414,0.0001234591360691806,ARHGAP5;CLDN10;EZR;PRKCA;RAP1A;RAP1B,0.001428455578959788
NFE2L2,primary_lesion_axis,intersection_directional,NFE2L2_intersection_directional,kegg,Human cytomegalovirus infection,245,222,8,0.0326530612244898,5.383489612061041,0.00013549849284468277,AKAP13;GNA13;GNG10;ITGAV;ITPR2;NFATC1;NFKB1;PRKCA,0.001428455578959788
NFE2L2,primary_lesion_axis,intersection_directional,NFE2L2_intersection_directional,kegg,Hepatocellular carcinoma,245,166,7,0.02857142857142857,6.299655765920826,0.00013589874846026546,ARID2;CSNK1A1;NFE2L2;PRKCA;SMAD2;SMAD4;TGFB2,0.001428455578959788
NFE2L2,primary_lesion_axis,intersection_directional,NFE2L2_intersection_directional,kegg,PI3K-Akt signaling pathway,245,351,10,0.04081632653061224,4.256177684749113,0.00014149795829318656,FGFR2;GNG10;HSP90B1;ITGAV;ITGB5;LPAR1;NFKB1;PDGFC;PRKCA;SYK,0.001428455578959788
NFE2L2,primary_lesion_axis,intersection_directional,NFE2L2_intersection_directional,kegg,Chronic myeloid leukemia,245,76,5,0.02040816326530612,9.828410311493018,0.00016183431840858487,CTBP2;NFKB1;RUNX1;SMAD4;TGFB2,0.0015594943410281814
NFE2L2,primary_lesion_axis,intersection_directional,NFE2L2_intersection_directional,kegg,Ras signaling pathway,245,230,8,0.0326530612244898,5.196237799467614,0.00017261158765343276,FGFR2;GNG10;NFKB1;PDGFC;PRKCA;RAP1A;RAP1B;REL,0.0015910285470664236
NFE2L2,primary_lesion_axis,intersection_directional,NFE2L2_intersection_directional,kegg,Platelet activation,245,123,6,0.024489795918367346,7.287406669985067,0.00018713193109446918,GNA13;ITPR2;LYN;RAP1A;RAP1B;SYK,0.0016529987246678111
NFE2L2,primary_lesion_axis,intersection_directional,NFE2L2_intersection_directional,kegg,Calcium signaling pathway,245,239,8,0.0326530612244898,5.000563572709419,0.00022396974898989481,ADRA1A;ASPH;CAMK2D;FGFR2;ITPKB;ITPR2;PDGFC;PRKCA,0.0018992634714343078
NFE2L2,primary_lesion_axis,intersection_directional,NFE2L2_intersection_directional,kegg,Diabetic cardiomyopathy,245,189,7,0.02857142857142857,5.533030990173847,0.00030079724310498433,CAMK2D;NDUFV2;NFKB1;PRKCA;SMAD2;TBC1D4;TGFB2,0.002438061765748421
NFE2L2,primary_lesion_axis,intersection_directional,NFE2L2_intersection_directional,kegg,Apelin signaling pathway,245,136,6,0.024489795918367346,6.590816326530612,0.0003220081577403575,GNA13;GNG10;ITPR2;MEF2A;SMAD2;SMAD4,0.002438061765748421
NFE2L2,primary_lesion_axis,intersection_directional,NFE2L2_intersection_directional,kegg,Yersinia infection,245,136,6,0.024489795918367346,6.590816326530612,0.0003220081577403575,ACTR3;NFATC1;NFKB1;TAB2;WASL;WIPF1,0.002438061765748421
NFE2L2,primary_lesion_axis,intersection_directional,NFE2L2_intersection_directional,kegg,Focal adhesion,245,200,7,0.02857142857142857,5.228714285714285,0.00042275932429914335,ARHGAP5;ITGAV;ITGB5;PDGFC;PRKCA;RAP1A;RAP1B,0.003090516439704083
NFE2L2,primary_lesion_axis,intersection_directional,NFE2L2_intersection_directional,kegg,Fc gamma R-mediated phagocytosis,245,95,5,0.02040816326530612,7.862728249194414,0.00045789494481416693,ACTR3;LYN;PRKCA;SYK;WASF3,0.0032357909433534462
NFE2L2,primary_lesion_axis,intersection_directional,NFE2L2_intersection_directional,kegg,Phosphatidylinositol signaling system,245,96,5,0.02040816326530612,7.780824829931972,0.0004804478999517869,CDS1;ITPKB;ITPR2;PIK3C2A;PRKCA,0.003285643702896091
NFE2L2,primary_lesion_axis,intersection_directional,NFE2L2_intersection_directional,kegg,Prostate cancer,245,97,5,0.02040816326530612,7.700610140963601,0.0005038266986078132,FGFR2;HSP90B1;NFKB1;PDGFC;ZEB1,0.0033378518782767623
NFE2L2,primary_lesion_axis,intersection_directional,NFE2L2_intersection_directional,kegg,Aldosterone synthesis and secretion,245,98,5,0.02040816326530612,7.622032486463973,0.000528050719184385,CAMK2D;ITPR2;NR4A2;PRKCA;PRKD3,0.003392325832336049
NFE2L2,primary_lesion_axis,intersection_directional,NFE2L2_intersection_directional,kegg,Human immunodeficiency virus 1 infection,245,209,7,0.02857142857142857,5.0035543403964455,0.0005494731042637767,AP1S2;GNG10;ITPR2;NFATC1;NFKB1;PRKCA;TAB2,0.0034261264148211963
NFE2L2,primary_lesion_axis,intersection_directional,NFE2L2_intersection_directional,kegg,Long-term depression,245,59,4,0.0163265306122449,10.128260117606365,0.0006679311326104635,GNA13;ITPR2;LYN;PRKCA,0.003966404636950385
NFE2L2,primary_lesion_axis,intersection_directional,NFE2L2_intersection_directional,kegg,Human T-cell leukemia virus 1 infection,245,217,7,0.02857142857142857,4.81909150757077,0.0006859169782110917,ANAPC10;NFATC1;NFKB1;NRP1;SMAD2;SMAD4;TGFB2,0.003966404636950385
NFE2L2,primary_lesion_axis,intersection_directional,NFE2L2_intersection_directional,kegg,C-type lectin receptor signaling pathway,245,104,5,0.02040816326530612,7.182299843014128,0.0006922498658828502,CYLD;ITPR2;NFATC1;NFKB1;SYK,0.003966404636950385
NFE2L2,primary_lesion_axis,intersection_directional,NFE2L2_intersection_directional,kegg,Th17 cell differentiation,245,105,5,0.02040816326530612,7.113896987366375,0.000722946337389991,NFATC1;NFKB1;RUNX1;SMAD2;SMAD4,0.004033279566491528
NFE2L2,primary_lesion_axis,intersection_directional,NFE2L2_intersection_directional,kegg,Hepatitis B,245,161,6,0.024489795918367346,5.567397642286728,0.0007855349555723453,NFATC1;NFKB1;PRKCA;SMAD4;TAB2;TGFB2,0.0042700874508035174
NFE2L2,primary_lesion_axis,intersection_directional,NFE2L2_intersection_directional,kegg,Inflammatory bowel disease,245,63,4,0.0163265306122449,9.485195983155167,0.0008561168646585777,NFATC1;NFKB1;SMAD2;TGFB2,0.004399395146310518
NFE2L2,primary_lesion_axis,intersection_directional,NFE2L2_intersection_directional,kegg,Viral carcinogenesis,245,165,6,0.024489795918367346,5.432430426716141,0.0008923301476007182,GTF2A1;LYN;NFKB1;RBPJ;REL;SYK,0.004399395146310518
NFE2L2,primary_lesion_axis,intersection_directional,NFE2L2_intersection_directional,kegg,Wnt signaling pathway,245,165,6,0.024489795918367346,5.432430426716141,0.0008923301476007182,CAMK2D;CSNK1A1;CTBP2;NFATC1;PRKCA;SMAD4,0.004399395146310518
NFE2L2,primary_lesion_axis,intersection_directional,NFE2L2_intersection_directional,kegg,cGMP-PKG signaling pathway,245,165,6,0.024489795918367346,5.432430426716141,0.0008923301476007182,ADRA1A;GNA13;ITPR2;MEF2A;NFATC1;RGS2,0.004399395146310518
NFE2L2,primary_lesion_axis,intersection_directional,NFE2L2_intersection_directional,kegg,Neurotrophin signaling pathway,245,119,5,0.02040816326530612,6.276967930029154,0.0012679097458660553,CAMK2D;FRS2;NFKB1;RAP1A;RAP1B,0.006109019684627357
NFE2L2,primary_lesion_axis,intersection_directional,NFE2L2_intersection_directional,kegg,Adherens junction,245,71,4,0.0163265306122449,8.416441506179938,0.001339428917626706,PARD3;SMAD4;WASF3;WASL,0.006310198456374705
NFE2L2,primary_lesion_axis,intersection_directional,NFE2L2_intersection_directional,kegg,Gastric acid secretion,245,76,4,0.0163265306122449,7.862728249194415,0.001723174848486496,CAMK2D;EZR;ITPR2;PRKCA,0.007728168416495335
NFE2L2,primary_lesion_axis,intersection_directional,NFE2L2_intersection_directional,kegg,Pancreatic cancer,245,76,4,0.0163265306122449,7.862728249194415,0.001723174848486496,NFKB1;SMAD2;SMAD4;TGFB2,0.007728168416495335
NFE2L2,primary_lesion_axis,intersection_directional,NFE2L2_intersection_directional,kegg,Lysosome,245,128,5,0.02040816326530612,5.83561862244898,0.0017497739810932835,AP1S2;AP3B1;CD164;CLTC;LITAF,0.007728168416495335
NFE2L2,primary_lesion_axis,intersection_directional,NFE2L2_intersection_directional,kegg,Chemokine signaling pathway,245,190,6,0.024489795918367346,4.717636949516648,0.001834864473779649,GNG10;LYN;NFKB1;PARD3;RAP1A;RAP1B,0.007938597315128278
NFE2L2,primary_lesion_axis,intersection_directional,NFE2L2_intersection_directional,kegg,Kaposi sarcoma-associated herpesvirus infection,245,193,6,0.024489795918367346,4.6443058052236434,0.0019851829042186343,GNG10;ITPR2;LYN;NFATC1;NFKB1;SYK,0.008162821569697675
NFE2L2,primary_lesion_axis,intersection_directional,NFE2L2_intersection_directional,kegg,B cell receptor signaling pathway,245,79,4,0.0163265306122449,7.564143632136399,0.0019867751217623707,LYN;NFATC1;NFKB1;SYK,0.008162821569697675
NFE2L2,primary_lesion_axis,intersection_directional,NFE2L2_intersection_directional,kegg,Dopaminergic synapse,245,132,5,0.02040816326530612,5.658781694495979,0.002002201517095656,CAMK2D;GNG10;ITPR2;KIF5B;PRKCA,0.008162821569697675
NFE2L2,primary_lesion_axis,intersection_directional,NFE2L2_intersection_directional,kegg,Fluid shear stress and atherosclerosis,245,136,5,0.02040816326530612,5.492346938775509,0.0022802483906034956,HSP90B1;ITGAV;MEF2A;NFE2L2;NFKB1,0.009120993562413983
NFE2L2,primary_lesion_axis,intersection_directional,NFE2L2_intersection_directional,kegg,Signaling pathways regulating pluripotency of stem cells,245,142,5,0.02040816326530612,5.26027594136246,0.002748586007313687,FGFR2;REST;SMAD2;SMAD4;ZFHX3,0.01079074506575003
NFE2L2,primary_lesion_axis,intersection_directional,NFE2L2_intersection_directional,kegg,Gap junction,245,88,4,0.0163265306122449,6.790538033395177,0.0029426433301031167,ITPR2;LPAR1;PDGFC;PRKCA,0.011342552472397469
NFE2L2,primary_lesion_axis,intersection_directional,NFE2L2_intersection_directional,kegg,Phospholipase D signaling pathway,245,146,5,0.02040816326530612,5.116158792284036,0.0030971525972940867,GNA13;LPAR1;PDGFC;PRKCA;SYK,0.011724934832613328
NFE2L2,primary_lesion_axis,intersection_directional,NFE2L2_intersection_directional,kegg,Phagosome,245,148,5,0.02040816326530612,5.047021511307226,0.0032828954495202605,COLEC12;ITGAV;ITGB5;STX7;TFRC,0.012210067285935005
NFE2L2,primary_lesion_axis,intersection_directional,NFE2L2_intersection_directional,kegg,Gastric cancer,245,149,5,0.02040816326530612,5.0131488837145595,0.0033787129790591834,CSNK1A1;FGFR2;SMAD2;SMAD4;TGFB2,0.012250403260050047
NFE2L2,primary_lesion_axis,intersection_directional,NFE2L2_intersection_directional,kegg,GnRH signaling pathway,245,92,4,0.0163265306122449,6.495297249334517,0.0034535766994228507,CAMK2D;ITPR2;MAP3K4;PRKCA,0.012250403260050047
NFE2L2,primary_lesion_axis,intersection_directional,NFE2L2_intersection_directional,kegg,cAMP signaling pathway,245,216,6,0.024489795918367346,4.149773242630385,0.0034670952622783153,CAMK2D;NFATC1;NFKB1;PDE4B;RAP1A;RAP1B,0.012250403260050047
NFE2L2,primary_lesion_axis,intersection_directional,NFE2L2_intersection_directional,kegg,Oxytocin signaling pathway,245,153,5,0.02040816326530612,4.882086167800453,0.0037821643392658504,CAMK2D;ITPR2;NFATC1;PRKCA;RGS2,0.01314457114630099
NFE2L2,primary_lesion_axis,intersection_directional,NFE2L2_intersection_directional,kegg,Cellular senescence,245,156,5,0.02040816326530612,4.788199895342752,0.004106590254017459,ITPR2;NFATC1;NFKB1;SMAD2;TGFB2,0.014041889255672603
NFE2L2,primary_lesion_axis,intersection_directional,NFE2L2_intersection_directional,kegg,Coronavirus disease,245,228,6,0.024489795918367346,3.931364124597207,0.004507136766693234,NFKB1;NRP1;PRKCA;RPL15;SYK;TAB2,0.015166872929189931
NFE2L2,primary_lesion_axis,intersection_directional,NFE2L2_intersection_directional,kegg,Hippo signaling pathway,245,161,5,0.02040816326530612,4.63949803523894,0.004690735738115836,LATS2;PARD3;SMAD2;SMAD4;TGFB2,0.015538062132508707
NFE2L2,primary_lesion_axis,intersection_directional,NFE2L2_intersection_directional,kegg,Pancreatic secretion,245,101,4,0.0163265306122449,5.916508385532431,0.00481665329125216,ITPR2;PRKCA;RAP1A;RAP1B,0.01570969996531474
NFE2L2,primary_lesion_axis,intersection_directional,NFE2L2_intersection_directional,kegg,Parkinson disease,245,235,6,0.024489795918367346,3.8142596613113326,0.005210998731738946,CAMK2D;ITPR2;KIF5B;NDUFV2;NFE2L2;PSMA1,0.016738359562555403
NFE2L2,primary_lesion_axis,intersection_directional,NFE2L2_intersection_directional,kegg,Protein processing in endoplasmic reticulum,245,168,5,0.02040816326530612,4.446185617103984,0.005604542258764401,DNAJC3;HSP90B1;HSPA2;NFE2L2;RRBP1,0.017733775505344076
NFE2L2,primary_lesion_axis,intersection_directional,NFE2L2_intersection_directional,kegg,Neutrophil extracellular trap formation,245,108,4,0.0163265306122449,5.533030990173848,0.006097455037157539,CLCN5;NFKB1;PRKCA;SYK,0.019009712762902916
NFE2L2,primary_lesion_axis,intersection_directional,NFE2L2_intersection_directional,kegg,HIF-1 signaling pathway,245,109,4,0.0163265306122449,5.482269237970418,0.006297129568808743,CAMK2D;NFKB1;PRKCA;TFRC,0.01934770244329643
NFE2L2,primary_lesion_axis,intersection_directional,NFE2L2_intersection_directional,kegg,Toxoplasmosis,245,110,4,0.0163265306122449,5.432430426716142,0.006501099257101936,HSPA2;NFKB1;TAB2;TGFB2,0.01968904346436586
NFE2L2,primary_lesion_axis,intersection_directional,NFE2L2_intersection_directional,kegg,Cholinergic synapse,245,113,4,0.0163265306122449,5.28820661007766,0.007139164697055695,CAMK2D;GNG10;ITPR2;PRKCA,0.021020873830219545
NFE2L2,primary_lesion_axis,intersection_directional,NFE2L2_intersection_directional,kegg,Glutamatergic synapse,245,113,4,0.0163265306122449,5.28820661007766,0.007139164697055695,GNG10;ITPR2;PRKCA;SLC38A2,0.021020873830219545
NFE2L2,primary_lesion_axis,intersection_directional,NFE2L2_intersection_directional,kegg,Axon guidance,245,181,5,0.02040816326530612,4.126846318637952,0.00762299493499134,CAMK2D;ENAH;NRP1;PARD3;PRKCA,0.022138012687920053
NFE2L2,primary_lesion_axis,intersection_directional,NFE2L2_intersection_directional,kegg,Prion disease,245,258,6,0.024489795918367346,3.4742287612719505,0.008094067317959414,HSPA2;ITPR2;KIF5B;NCAM1;NDUFV2;PSMA1,0.023188409073072916
NFE2L2,primary_lesion_axis,intersection_directional,NFE2L2_intersection_directional,kegg,Thyroid hormone signaling pathway,245,121,4,0.0163265306122449,4.938573115196492,0.009039017653448955,ITGAV;MED13L;PRKCA;TBC1D4,0.02555028990041571
NFE2L2,primary_lesion_axis,intersection_directional,NFE2L2_intersection_directional,kegg,Cell cycle,245,124,4,0.0163265306122449,4.8190915075707705,0.009828569050326077,ANAPC10;SMAD2;SMAD4;TGFB2,0.027340812286412042
NFE2L2,primary_lesion_axis,intersection_directional,NFE2L2_intersection_directional,kegg,Fc epsilon RI signaling pathway,245,66,3,0.012244897959183673,6.790538033395175,0.009943185059663618,LYN;PRKCA;SYK,0.027340812286412042
NFE2L2,primary_lesion_axis,intersection_directional,NFE2L2_intersection_directional,kegg,Alzheimer disease,245,353,7,0.02857142857142857,2.962444354512343,0.010059355463868581,CSNK1A1;ITPR2;KIF5B;NDUFV2;NFKB1;PSMA1;RTN4,0.027340812286412042
NFE2L2,primary_lesion_axis,intersection_directional,NFE2L2_intersection_directional,kegg,Renal cell carcinoma,245,68,3,0.012244897959183673,6.590816326530612,0.010784162270675916,RAP1A;RAP1B;TGFB2,0.02893977723269993
NFE2L2,primary_lesion_axis,intersection_directional,NFE2L2_intersection_directional,kegg,Epstein-Barr virus infection,245,199,5,0.02040816326530612,3.75356373705261,0.01118330779381337,LYN;NFKB1;RBPJ;SYK;TAB2,0.029422179736464677
NFE2L2,primary_lesion_axis,intersection_directional,NFE2L2_intersection_directional,kegg,Relaxin signaling pathway,245,129,4,0.0163265306122449,4.632305015029268,0.01124149320119641,GNG10;NFKB1;PRKCA;SMAD2,0.029422179736464677
NFE2L2,primary_lesion_axis,intersection_directional,NFE2L2_intersection_directional,kegg,Vascular smooth muscle contraction,245,131,4,0.0163265306122449,4.561582801059355,0.011841339794288872,ADRA1A;GNA13;ITPR2;PRKCA,0.030614195565722452
NFE2L2,primary_lesion_axis,intersection_directional,NFE2L2_intersection_directional,kegg,Pathways of neurodegeneration,245,458,8,0.0326530612244898,2.609464397112557,0.012511407238524147,CAMK2D;CSNK1A1;ITPR2;KIF5B;NDUFV2;NFKB1;PRKCA;PSMA1,0.031956847404423123
NFE2L2,primary_lesion_axis,intersection_directional,NFE2L2_intersection_directional,kegg,Leishmaniasis,245,73,3,0.012244897959183673,6.139390550740844,0.01306205445493352,NFKB1;TAB2;TGFB2,0.032966137433879834
NFE2L2,primary_lesion_axis,intersection_directional,NFE2L2_intersection_directional,kegg,PPAR signaling pathway,245,74,3,0.012244897959183673,6.056425813568671,0.013547989730018008,FADS2;ME1;PPARG,0.03339737003213741
NFE2L2,primary_lesion_axis,intersection_directional,NFE2L2_intersection_directional,kegg,Thyroid hormone synthesis,245,74,3,0.012244897959183673,6.056425813568671,0.013547989730018008,HSP90B1;ITPR2;PRKCA,0.03339737003213741
NFE2L2,primary_lesion_axis,intersection_directional,NFE2L2_intersection_directional,kegg,Huntington disease,245,291,6,0.024489795918367346,3.0802440563854403,0.014018697790630428,CLTC;KIF5B;NDUFV2;PPARG;PSMA1;REST,0.03379788268384209
NFE2L2,primary_lesion_axis,intersection_directional,NFE2L2_intersection_directional,kegg,Biosynthesis of unsaturated fatty acids,245,27,2,0.00816326530612245,11.066061980347696,0.014029309793292944,ELOVL6;FADS2,0.03379788268384209
NFE2L2,primary_lesion_axis,intersection_directional,NFE2L2_intersection_directional,kegg,Retrograde endocannabinoid signaling,245,140,4,0.0163265306122449,4.268338192419826,0.014793461655413577,GNG10;ITPR2;NDUFV2;PRKCA,0.03523835810053571
NFE2L2,primary_lesion_axis,intersection_directional,NFE2L2_intersection_directional,kegg,Bacterial invasion of epithelial cells,245,77,3,0.012244897959183673,5.820461171481579,0.015067033689151339,ACTR3;CLTC;WASL,0.035491234912223155
NFE2L2,primary_lesion_axis,intersection_directional,NFE2L2_intersection_directional,kegg,Spinocerebellar ataxia,245,143,4,0.0163265306122449,4.178792635935493,0.01587165567390029,ITPR2;PRKCA;PSMA1;RBPJ,0.036920300349323566
NFE2L2,primary_lesion_axis,intersection_directional,NFE2L2_intersection_directional,kegg,Thermogenesis,245,218,5,0.02040816326530612,3.4264182737315108,0.01602201713272532,FRS2;KDM3A;NDUFV2;PPARG;ZNF516,0.036920300349323566
NFE2L2,primary_lesion_axis,intersection_directional,NFE2L2_intersection_directional,kegg,Non-alcoholic fatty liver disease,245,150,4,0.0163265306122449,3.983782312925171,0.018575806386782294,LEPR;NDUFV2;NFKB1;PPARG,0.04225505148092714
NFE2L2,primary_lesion_axis,intersection_directional,NFE2L2_intersection_directional,kegg,Shigellosis,245,227,5,0.02040816326530612,3.290569091072552,0.01873573037361864,ACTR3;ITPR2;NFKB1;TAB2;WASL,0.04225505148092714
NFE2L2,primary_lesion_axis,intersection_directional,NFE2L2_intersection_directional,kegg,Colorectal cancer,245,86,3,0.012244897959183673,5.211343141907926,0.0201800323864432,SMAD2;SMAD4;TGFB2,0.04470018610129493
NFE2L2,primary_lesion_axis,intersection_directional,NFE2L2_intersection_directional,kegg,mTOR signaling pathway,245,154,4,0.0163265306122449,3.8803074476543866,0.02024159370624676,LPIN2;MIOS;PRKCA;RICTOR,0.04470018610129493
NFE2L2,primary_lesion_axis,intersection_directional,NFE2L2_intersection_directional,kegg,Cushing syndrome,245,155,4,0.0163265306122449,3.8552732060566166,0.02067193201878328,CAMK2D;ITPR2;RAP1A;RAP1B,0.04517989265960882
NFE2L2,primary_lesion_axis,intersection_directional,NFE2L2_intersection_directional,kegg,GABAergic synapse,245,89,3,0.012244897959183673,5.035679889933501,0.022070804050254782,GNG10;PRKCA;SLC38A2,0.047745004680143005
NFE2L2,primary_lesion_axis,intersection_directional,NFE2L2_intersection_directional,kegg,Hypertrophic cardiomyopathy,245,90,3,0.012244897959183673,4.979727891156462,0.022721826845012266,ITGAV;ITGB5;TGFB2,0.048170272911426004
NFE2L2,primary_lesion_axis,intersection_directional,NFE2L2_intersection_directional,kegg,Th1 and Th2 cell differentiation,245,90,3,0.012244897959183673,4.979727891156462,0.022721826845012266,NFATC1;NFKB1;RBPJ,0.048170272911426004
NFE2L2,primary_lesion_axis,intersection_directional,NFE2L2_intersection_directional,kegg,Morphine addiction,245,91,3,0.012244897959183673,4.925005606638259,0.023383232472729457,GNG10;PDE4B;PRKCA,0.04908163647741232
NFE2L2,primary_lesion_axis,intersection_directional,NFE2L2_intersection_directional,kegg,Human papillomavirus infection,245,330,6,0.024489795918367346,2.7162152133580704,0.02428866766286336,CSNK1A1;ITGAV;ITGB5;NFKB1;PARD3;RBPJ,0.05042579298187279
NFE2L2,primary_lesion_axis,intersection_directional,NFE2L2_intersection_directional,kegg,Salivary secretion,245,93,3,0.012244897959183673,4.8190915075707705,0.02473718146280552,ADRA1A;ITPR2;PRKCA,0.05042579298187279
NFE2L2,primary_lesion_axis,intersection_directional,NFE2L2_intersection_directional,kegg,TGF-beta signaling pathway,245,93,3,0.012244897959183673,4.8190915075707705,0.02473718146280552,SMAD2;SMAD4;TGFB2,0.05042579298187279
NFE2L2,primary_lesion_axis,intersection_directional,NFE2L2_intersection_directional,kegg,IL-17 signaling pathway,245,94,3,0.012244897959183673,4.767824576639166,0.025429715669985906,HSP90B1;NFKB1;TAB2,0.05134380687654297
NFE2L2,primary_lesion_axis,intersection_directional,NFE2L2_intersection_directional,kegg,Dilated cardiomyopathy,245,95,3,0.012244897959183673,4.717636949516648,0.026132614454197404,ITGAV;ITGB5;TGFB2,0.05226522890839481
NFE2L2,primary_lesion_axis,intersection_directional,NFE2L2_intersection_directional,kegg,Choline metabolism in cancer,245,97,3,0.012244897959183673,4.62036608457816,0.027569471425924655,PDGFC;PRKCA;WASF3,0.05362135726877089
NFE2L2,primary_lesion_axis,intersection_directional,NFE2L2_intersection_directional,kegg,Circadian entrainment,245,97,3,0.012244897959183673,4.62036608457816,0.027569471425924655,CAMK2D;GNG10;PRKCA,0.05362135726877089
NFE2L2,primary_lesion_axis,intersection_directional,NFE2L2_intersection_directional,kegg,Inflammatory mediator regulation of TRP channels,245,97,3,0.012244897959183673,4.62036608457816,0.027569471425924655,CAMK2D;ITPR2;PRKCA,0.05362135726877089
NFE2L2,primary_lesion_axis,intersection_directional,NFE2L2_intersection_directional,kegg,Amoebiasis,245,101,3,0.012244897959183673,4.4373812891493225,0.030567105027527276,NFKB1;PRKCA;TGFB2,0.05777875309299271
NFE2L2,primary_lesion_axis,intersection_directional,NFE2L2_intersection_directional,kegg,Chagas disease,245,101,3,0.012244897959183673,4.4373812891493225,0.030567105027527276,NFKB1;SMAD2;TGFB2,0.05777875309299271
NFE2L2,primary_lesion_axis,intersection_directional,NFE2L2_intersection_directional,kegg,Melanogenesis,245,101,3,0.012244897959183673,4.4373812891493225,0.030567105027527276,CAMK2D;MITF;PRKCA,0.05777875309299271
NFE2L2,primary_lesion_axis,intersection_directional,NFE2L2_intersection_directional,kegg,Tuberculosis,245,176,4,0.0163265306122449,3.3952690166975885,0.031022935659734872,CAMK2D;NFKB1;SYK;TGFB2,0.05777875309299271
NFE2L2,primary_lesion_axis,intersection_directional,NFE2L2_intersection_directional,kegg,Longevity regulating pathway,245,102,3,0.012244897959183673,4.393877551020408,0.0313422481400668,HSPA2;NFKB1;PPARG,0.05777875309299271
NFE2L2,primary_lesion_axis,intersection_directional,NFE2L2_intersection_directional,kegg,Toll-like receptor signaling pathway,245,102,3,0.012244897959183673,4.393877551020408,0.0313422481400668,MAP3K8;NFKB1;TAB2,0.05777875309299271
NFE2L2,primary_lesion_axis,intersection_directional,NFE2L2_intersection_directional,kegg,T cell receptor signaling pathway,245,103,3,0.012244897959183673,4.3512185456706955,0.032127651880113725,MAP3K8;NFATC1;NFKB1,0.05823973006689639
NFE2L2,primary_lesion_axis,intersection_directional,NFE2L2_intersection_directional,kegg,NOD-like receptor signaling pathway,245,178,4,0.0163265306122449,3.3571199266223344,0.0321417378199381,ITPR2;NAMPT;NFKB1;TAB2,0.05823973006689639
NFE2L2,primary_lesion_axis,intersection_directional,NFE2L2_intersection_directional,kegg,Serotonergic synapse,245,111,3,0.012244897959183673,4.037617209045781,0.03877775716264017,GNG10;ITPR2;PRKCA,0.06966851286847217
NFE2L2,primary_lesion_axis,intersection_directional,NFE2L2_intersection_directional,kegg,TNF signaling pathway,245,112,3,0.012244897959183673,4.001567055393585,0.03965451895488244,MAP3K8;NFKB1;TAB2,0.07064502536500065
NFE2L2,primary_lesion_axis,intersection_directional,NFE2L2_intersection_directional,kegg,AMPK signaling pathway,245,119,3,0.012244897959183673,3.766180758017492,0.04607068391473281,ADRA1A;LEPR;PPARG,0.08071888421424261
NFE2L2,primary_lesion_axis,intersection_directional,NFE2L2_intersection_directional,kegg,Sphingolipid signaling pathway,245,119,3,0.012244897959183673,3.766180758017492,0.04607068391473281,GNA13;NFKB1;PRKCA,0.08071888421424261
NFE2L2,primary_lesion_axis,intersection_directional,NFE2L2_intersection_directional,kegg,Natural killer cell mediated cytotoxicity,245,122,3,0.012244897959183673,3.673569755771161,0.048968013622393995,NFATC1;PRKCA;SYK,0.08478992235006141
NFE2L2,primary_lesion_axis,intersection_directional,NFE2L2_intersection_directional,kegg,Endocrine and other factor-regulated calcium reabsorption,245,53,2,0.00816326530612245,5.637427801309204,0.049194153061592236,CLTC;PRKCA,0.08478992235006141
NFE2L2,primary_lesion_axis,intersection_directional,NFE2L2_intersection_directional,kegg,Hedgehog signaling pathway,245,55,2,0.00816326530612245,5.432430426716142,0.05255894456556666,CSNK1A1;CUL3,0.08983107607402153
NFE2L2,primary_lesion_axis,intersection_directional,NFE2L2_intersection_directional,kegg,Oocyte meiosis,245,126,3,0.012244897959183673,3.556948493683187,0.05296643636439949,ANAPC10;CAMK2D;ITPR2,0.08983107607402153
NFE2L2,primary_lesion_axis,intersection_directional,NFE2L2_intersection_directional,kegg,Legionellosis,245,57,2,0.00816326530612245,5.241818832796277,0.05600326207030959,HSPA2;NFKB1,0.09422771078496534
NFE2L2,primary_lesion_axis,intersection_directional,NFE2L2_intersection_directional,kegg,Notch signaling pathway,245,59,2,0.00816326530612245,5.064130058803182,0.05952440380871885,CTBP2;RBPJ,0.09936357171219211
NFE2L2,primary_lesion_axis,intersection_directional,NFE2L2_intersection_directional,kegg,Estrogen signaling pathway,245,137,3,0.012244897959183673,3.2713540890808877,0.06473891959743551,HSP90B1;HSPA2;ITPR2,0.10722383558325256
NFE2L2,primary_lesion_axis,intersection_directional,NFE2L2_intersection_directional,kegg,Measles,245,139,3,0.012244897959183673,3.22428424607253,0.06699845880221023,HSPA2;NFKB1;TAB2,0.10925902512360437
NFE2L2,primary_lesion_axis,intersection_directional,NFE2L2_intersection_directional,kegg,Ubiquitin mediated proteolysis,245,139,3,0.012244897959183673,3.22428424607253,0.06699845880221023,ANAPC10;CUL3;UBE2E1,0.10925902512360437
NFE2L2,primary_lesion_axis,intersection_directional,NFE2L2_intersection_directional,kegg,GnRH secretion,245,64,2,0.00816326530612245,4.668494897959184,0.06864614911385981,ITPR2;PRKCA,0.11109147795525405
NFE2L2,primary_lesion_axis,intersection_directional,NFE2L2_intersection_directional,kegg,Acute myeloid leukemia,245,67,2,0.00816326530612245,4.459457812975937,0.07432516560952052,NFKB1;RUNX1,0.11937072052438144
NFE2L2,primary_lesion_axis,intersection_directional,NFE2L2_intersection_directional,kegg,Cell adhesion molecules,245,146,3,0.012244897959183673,3.069695275370422,0.07518516834630096,CLDN10;ITGAV;NCAM1,0.11984402773996844
NFE2L2,primary_lesion_axis,intersection_directional,NFE2L2_intersection_directional,kegg,Adipocytokine signaling pathway,245,68,2,0.00816326530612245,4.393877551020409,0.07625065055918243,LEPR;NFKB1,0.12063535760109458
NFE2L2,primary_lesion_axis,intersection_directional,NFE2L2_intersection_directional,kegg,Amphetamine addiction,245,69,2,0.00816326530612245,4.330198166223011,0.07819187553222047,CAMK2D;PRKCA,0.12188733538846132
NFE2L2,primary_lesion_axis,intersection_directional,NFE2L2_intersection_directional,kegg,RIG-I-like receptor signaling pathway,245,69,2,0.00816326530612245,4.330198166223011,0.07819187553222047,CYLD;NFKB1,0.12188733538846132
NFE2L2,primary_lesion_axis,intersection_directional,NFE2L2_intersection_directional,kegg,Adrenergic signaling in cardiomyocytes,245,150,3,0.012244897959183673,2.9878367346938774,0.08005272339966685,ADRA1A;CAMK2D;PRKCA,0.12224094723248523
NFE2L2,primary_lesion_axis,intersection_directional,NFE2L2_intersection_directional,kegg,Neuroactive ligand-receptor interaction,245,341,5,0.02040816326530612,2.190496139804895,0.08013297253285236,ADRA1A;LEPR;LPAR1;NR3C1;PARD3,0.12224094723248523
NFE2L2,primary_lesion_axis,intersection_directional,NFE2L2_intersection_directional,kegg,Epithelial cell signaling in Helicobacter pylori infection,245,70,2,0.00816326530612245,4.268338192419826,0.08014854559111059,LYN;NFKB1,0.12224094723248523
NFE2L2,primary_lesion_axis,intersection_directional,NFE2L2_intersection_directional,kegg,Melanoma,245,72,2,0.00816326530612245,4.149773242630386,0.08410705725713849,MITF;PDGFC,0.12645883786179687
NFE2L2,primary_lesion_axis,intersection_directional,NFE2L2_intersection_directional,kegg,Non-small cell lung cancer,245,72,2,0.00816326530612245,4.149773242630386,0.08410705725713849,KIF5B;PRKCA,0.12645883786179687
NFE2L2,primary_lesion_axis,intersection_directional,NFE2L2_intersection_directional,kegg,Inositol phosphate metabolism,245,73,2,0.00816326530612245,4.092927033827229,0.08610832494170775,ITPKB;PIK3C2A,0.12855609075804256
NFE2L2,primary_lesion_axis,intersection_directional,NFE2L2_intersection_directional,kegg,Glioma,245,75,2,0.00816326530612245,3.983782312925171,0.09015347269818465,CAMK2D;PRKCA,0.13365409938472128
NFE2L2,primary_lesion_axis,intersection_directional,NFE2L2_intersection_directional,kegg,Arrhythmogenic right ventricular cardiomyopathy,245,77,2,0.00816326530612245,3.8803074476543866,0.09425359122130517,ITGAV;ITGB5,0.13876223152025483
NFE2L2,primary_lesion_axis,intersection_directional,NFE2L2_intersection_directional,kegg,Influenza A,245,170,3,0.012244897959183673,2.6363265306122448,0.10631998295492093,DNAJC3;NFKB1;PRKCA,0.155447147492712
NFE2L2,primary_lesion_axis,intersection_directional,NFE2L2_intersection_directional,kegg,ErbB signaling pathway,245,84,2,0.00816326530612245,3.556948493683188,0.10900596525964765,CAMK2D;PRKCA,0.15828263448661165
NFE2L2,primary_lesion_axis,intersection_directional,NFE2L2_intersection_directional,kegg,Insulin secretion,245,86,2,0.00816326530612245,3.4742287612719513,0.11332725029484997,CAMK2D;PRKCA,0.16343793920073602
NFE2L2,primary_lesion_axis,intersection_directional,NFE2L2_intersection_directional,kegg,ECM-receptor interaction,245,88,2,0.00816326530612245,3.3952690166975885,0.11769213629929678,ITGAV;ITGB5,0.16858603307737108
NFE2L2,primary_lesion_axis,intersection_directional,NFE2L2_intersection_directional,kegg,PD-L1 expression and PD-1 checkpoint pathway in cancer,245,89,2,0.00816326530612245,3.3571199266223344,0.11989032784525168,NFATC1;NFKB1,0.17058221143082788
NFE2L2,primary_lesion_axis,intersection_directional,NFE2L2_intersection_directional,kegg,Small cell lung cancer,245,92,2,0.00816326530612245,3.2476486246672587,0.1265450726992505,ITGAV;NFKB1,0.1788503694149407
NFE2L2,primary_lesion_axis,intersection_directional,NFE2L2_intersection_directional,kegg,Glycerophospholipid metabolism,245,97,2,0.00816326530612245,3.0802440563854407,0.1378231963491237,CDS1;LPIN2,0.19350011672857104
NFE2L2,primary_lesion_axis,intersection_directional,NFE2L2_intersection_directional,kegg,alpha-Linolenic acid metabolism,245,24,1,0.004081632653061225,6.224659863945578,0.14891415738824482,FADS2,0.2076960616204467
NFE2L2,primary_lesion_axis,intersection_directional,NFE2L2_intersection_directional,kegg,Glucagon signaling pathway,245,106,2,0.00816326530612245,2.818713900654602,0.15863514760243957,CAMK2D;ITPR2,0.21980817837723657
NFE2L2,primary_lesion_axis,intersection_directional,NFE2L2_intersection_directional,kegg,Insulin resistance,245,107,2,0.00816326530612245,2.792370780087736,0.16098302701060044,NFKB1;TBC1D4,0.221612998222385
NFE2L2,primary_lesion_axis,intersection_directional,NFE2L2_intersection_directional,kegg,Fatty acid elongation,245,27,1,0.004081632653061225,5.533030990173848,0.16590254569310356,ELOVL6,0.22691186894798682
NFE2L2,primary_lesion_axis,intersection_directional,NFE2L2_intersection_directional,kegg,Citrate cycle (TCA cycle),245,30,1,0.004081632653061225,4.979727891156463,0.18255318803153506,SUCLG2,0.24808510168388098
NFE2L2,primary_lesion_axis,intersection_directional,NFE2L2_intersection_directional,kegg,Chemical carcinogenesis,245,221,3,0.012244897959183673,2.0279434850863423,0.1851450135784893,HSP90B1;NFKB1;PRKCA,0.2500047317110811
NFE2L2,primary_lesion_axis,intersection_directional,NFE2L2_intersection_directional,kegg,"Growth hormone synthesis, secretion and action",245,119,2,0.00816326530612245,2.510787172011662,0.18960175026295337,ITPR2;PRKCA,0.2544023484540893
NFE2L2,primary_lesion_axis,intersection_directional,NFE2L2_intersection_directional,kegg,SNARE interactions in vesicular transport,245,33,1,0.004081632653061225,4.527025355596784,0.19887277215385293,STX7,0.26516369620513724
NFE2L2,primary_lesion_axis,intersection_directional,NFE2L2_intersection_directional,kegg,Nicotinate and nicotinamide metabolism,245,34,1,0.004081632653061225,4.393877551020409,0.20424020189631373,NAMPT,0.2689374087081895
NFE2L2,primary_lesion_axis,intersection_directional,NFE2L2_intersection_directional,kegg,Propanoate metabolism,245,34,1,0.004081632653061225,4.393877551020409,0.20424020189631373,SUCLG2,0.2689374087081895
NFE2L2,primary_lesion_axis,intersection_directional,NFE2L2_intersection_directional,kegg,FoxO signaling pathway,245,128,2,0.00816326530612245,2.334247448979592,0.2114838324303546,SMAD4;TGFB2,0.2767566202175011
NFE2L2,primary_lesion_axis,intersection_directional,NFE2L2_intersection_directional,kegg,African trypanosomiasis,245,36,1,0.004081632653061225,4.149773242630386,0.21486785391958294,PRKCA,0.27946003086473364
NFE2L2,primary_lesion_axis,intersection_directional,NFE2L2_intersection_directional,kegg,Necroptosis,245,131,2,0.00816326530612245,2.2807914005296777,0.2188343543459436,CAMK2D;CYLD,0.28112802853544533
NFE2L2,primary_lesion_axis,intersection_directional,NFE2L2_intersection_directional,kegg,Aldosterone-regulated sodium reabsorption,245,37,1,0.004081632653061225,4.037617209045782,0.22012855064567888,PRKCA,0.28112802853544533
NFE2L2,primary_lesion_axis,intersection_directional,NFE2L2_intersection_directional,kegg,Thyroid cancer,245,37,1,0.004081632653061225,4.037617209045782,0.22012855064567888,PPARG,0.28112802853544533
NFE2L2,primary_lesion_axis,intersection_directional,NFE2L2_intersection_directional,kegg,Ferroptosis,245,41,1,0.004081632653061225,3.643703334992534,0.24082260457670163,TFRC,0.30571492317521404
NFE2L2,primary_lesion_axis,intersection_directional,NFE2L2_intersection_directional,kegg,Apoptosis,245,141,2,0.00816326530612245,2.119033145172963,0.24347119668798484,ITPR2;NFKB1,0.30723746248721895
NFE2L2,primary_lesion_axis,intersection_directional,NFE2L2_intersection_directional,kegg,Fat digestion and absorption,245,42,1,0.004081632653061225,3.556948493683188,0.24591008985784785,ABCA1,0.30847892928913456
NFE2L2,primary_lesion_axis,intersection_directional,NFE2L2_intersection_directional,kegg,Basal transcription factors,245,44,1,0.004081632653061225,3.3952690166975885,0.25598342230008625,GTF2A1,0.3192263854565781
NFE2L2,primary_lesion_axis,intersection_directional,NFE2L2_intersection_directional,kegg,ABC transporters,245,45,1,0.004081632653061225,3.3198185941043086,0.2609697193577353,ABCA1,0.32354140645520396
NFE2L2,primary_lesion_axis,intersection_directional,NFE2L2_intersection_directional,kegg,Proteasome,245,46,1,0.004081632653061225,3.2476486246672587,0.2659227344238627,PSMA1,0.3277652308015052
NFE2L2,primary_lesion_axis,intersection_directional,NFE2L2_intersection_directional,kegg,Amino sugar and nucleotide sugar metabolism,245,47,1,0.004081632653061225,3.1785497177594446,0.2708426887410874,NPL,0.3299922414546582
NFE2L2,primary_lesion_axis,intersection_directional,NFE2L2_intersection_directional,kegg,Pyruvate metabolism,245,47,1,0.004081632653061225,3.1785497177594446,0.2708426887410874,ME1,0.3299922414546582
NFE2L2,primary_lesion_axis,intersection_directional,NFE2L2_intersection_directional,kegg,Cocaine addiction,245,49,1,0.004081632653061225,3.0488129945855897,0.28058429278545305,NFKB1,0.3361452893062895
NFE2L2,primary_lesion_axis,intersection_directional,NFE2L2_intersection_directional,kegg,Malaria,245,49,1,0.004081632653061225,3.0488129945855897,0.28058429278545305,TGFB2,0.3361452893062895
NFE2L2,primary_lesion_axis,intersection_directional,NFE2L2_intersection_directional,kegg,Hepatitis C,245,157,2,0.00816326530612245,1.903080722734954,0.2830646133444614,CLDN10;NFKB1,0.3361452893062895
NFE2L2,primary_lesion_axis,intersection_directional,NFE2L2_intersection_directional,kegg,Arginine and proline metabolism,245,50,1,0.004081632653061225,2.987836734693878,0.2854063777128873,OAT,0.3361452893062895
NFE2L2,primary_lesion_axis,intersection_directional,NFE2L2_intersection_directional,kegg,Cholesterol metabolism,245,50,1,0.004081632653061225,2.987836734693878,0.2854063777128873,ABCA1,0.3361452893062895
NFE2L2,primary_lesion_axis,intersection_directional,NFE2L2_intersection_directional,kegg,Vibrio cholerae infection,245,50,1,0.004081632653061225,2.987836734693878,0.2854063777128873,PRKCA,0.3361452893062895
NFE2L2,primary_lesion_axis,intersection_directional,NFE2L2_intersection_directional,kegg,Glycosaminoglycan biosynthesis,245,53,1,0.004081632653061225,2.818713900654602,0.29968034516318104,UST,0.351006813119306
NFE2L2,primary_lesion_axis,intersection_directional,NFE2L2_intersection_directional,kegg,Cytokine-cytokine receptor interaction,245,293,3,0.012244897959183673,1.5296092498432818,0.3127585708791933,EDA;LEPR;TGFB2,0.36431218146367567
NFE2L2,primary_lesion_axis,intersection_directional,NFE2L2_intersection_directional,kegg,VEGF signaling pathway,245,58,1,0.004081632653061225,2.5757213230119635,0.3228420051697834,PRKCA,0.37400276008739936
NFE2L2,primary_lesion_axis,intersection_directional,NFE2L2_intersection_directional,kegg,Glycerolipid metabolism,245,60,1,0.004081632653061225,2.4898639455782314,0.331891608027874,LPIN2,0.38239685272776786
NFE2L2,primary_lesion_axis,intersection_directional,NFE2L2_intersection_directional,kegg,Cytosolic DNA-sensing pathway,245,61,1,0.004081632653061225,2.4490465038474407,0.33637113940449653,NFKB1,0.38546314353380146
NFE2L2,primary_lesion_axis,intersection_directional,NFE2L2_intersection_directional,kegg,Lysine degradation,245,63,1,0.004081632653061225,2.3712989957887918,0.34524066335062853,AASS,0.39350011091577014
NFE2L2,primary_lesion_axis,intersection_directional,NFE2L2_intersection_directional,kegg,Cortisol synthesis and secretion,245,65,1,0.004081632653061225,2.2983359497645215,0.35399212185121515,ITPR2,0.40131727183132415
NFE2L2,primary_lesion_axis,intersection_directional,NFE2L2_intersection_directional,kegg,Mitophagy,245,68,1,0.004081632653061225,2.1969387755102043,0.3669013552313015,MITF,0.4137398261118932
NFE2L2,primary_lesion_axis,intersection_directional,NFE2L2_intersection_directional,kegg,Antigen processing and presentation,245,69,1,0.004081632653061225,2.1650990831115053,0.37114708287393483,HSPA2,0.4141220082593378
NFE2L2,primary_lesion_axis,intersection_directional,NFE2L2_intersection_directional,kegg,Renin secretion,245,69,1,0.004081632653061225,2.1650990831115053,0.37114708287393483,ITPR2,0.4141220082593378
NFE2L2,primary_lesion_axis,intersection_directional,NFE2L2_intersection_directional,kegg,Central carbon metabolism in cancer,245,70,1,0.004081632653061225,2.134169096209913,0.37536445297948323,FGFR2,0.4144649168315127
NFE2L2,primary_lesion_axis,intersection_directional,NFE2L2_intersection_directional,kegg,Prolactin signaling pathway,245,70,1,0.004081632653061225,2.134169096209913,0.37536445297948323,NFKB1,0.4144649168315127
NFE2L2,primary_lesion_axis,intersection_directional,NFE2L2_intersection_directional,kegg,Pertussis,245,76,1,0.004081632653061225,1.9656820622986038,0.400083641660317,NFKB1,0.4394701141553741
NFE2L2,primary_lesion_axis,intersection_directional,NFE2L2_intersection_directional,kegg,Synaptic vesicle cycle,245,78,1,0.004081632653061225,1.9152799581371012,0.4081049178623248,CLTC,0.44597032261243735
NFE2L2,primary_lesion_axis,intersection_directional,NFE2L2_intersection_directional,kegg,Amyotrophic lateral sclerosis,245,348,3,0.012244897959183673,1.2878606615059818,0.41245369619706285,KIF5B;NDUFV2;PSMA1,0.4484111979168068
NFE2L2,primary_lesion_axis,intersection_directional,NFE2L2_intersection_directional,kegg,Cardiac muscle contraction,245,83,1,0.004081632653061225,1.7999016474059504,0.42769387436638034,ASPH,0.462607660028942
NFE2L2,primary_lesion_axis,intersection_directional,NFE2L2_intersection_directional,kegg,Taste transduction,245,85,1,0.004081632653061225,1.7575510204081632,0.4353474454886863,SCN9A,0.46849572814010915
NFE2L2,primary_lesion_axis,intersection_directional,NFE2L2_intersection_directional,kegg,Rheumatoid arthritis,245,89,1,0.004081632653061225,1.6785599633111672,0.4503501181322058,TGFB2,0.4821930557779173
NFE2L2,primary_lesion_axis,intersection_directional,NFE2L2_intersection_directional,kegg,Hematopoietic cell lineage,245,96,1,0.004081632653061225,1.5561649659863945,0.47565573982048753,TFRC,0.5067287278489616
NFE2L2,primary_lesion_axis,intersection_directional,NFE2L2_intersection_directional,kegg,Progesterone-mediated oocyte maturation,245,97,1,0.004081632653061225,1.5401220281927204,0.4791748288149806,ANAPC10,0.5079253185438793
NFE2L2,primary_lesion_axis,intersection_directional,NFE2L2_intersection_directional,kegg,mRNA surveillance pathway,245,98,1,0.004081632653061225,1.5244064972927949,0.4826703955183652,CSTF3,0.5090851932830518
NFE2L2,primary_lesion_axis,intersection_directional,NFE2L2_intersection_directional,kegg,Protein digestion and absorption,245,103,1,0.004081632653061225,1.450406181890232,0.4998008390429559,SLC38A2,0.5245434548371616
NFE2L2,primary_lesion_axis,intersection_directional,NFE2L2_intersection_directional,kegg,Alcoholism,245,106,1,0.004081632653061225,1.409356950327301,0.5098067008845252,GNG10,0.5324089684114253
NFE2L2,primary_lesion_axis,intersection_directional,NFE2L2_intersection_directional,kegg,Oxidative phosphorylation,245,119,1,0.004081632653061225,1.255393586005831,0.5509119970949322,NDUFV2,0.5725163891378707
NFE2L2,primary_lesion_axis,intersection_directional,NFE2L2_intersection_directional,kegg,Purine metabolism,245,125,1,0.004081632653061225,1.1951346938775511,0.568707577684248,PDE4B,0.5881268608246857
NFE2L2,primary_lesion_axis,intersection_directional,NFE2L2_intersection_directional,kegg,Ribosome,245,132,1,0.004081632653061225,1.131756338899196,0.5885832826185239,RPL15,0.6057264850248887
NFE2L2,primary_lesion_axis,intersection_directional,NFE2L2_intersection_directional,kegg,Spliceosome,245,134,1,0.004081632653061225,1.1148644532439842,0.5940926132436999,HSPA2,0.6084426763655284
NFE2L2,primary_lesion_axis,intersection_directional,NFE2L2_intersection_directional,kegg,Breast cancer,245,147,1,0.004081632653061225,1.0162709981951965,0.6281551852984619,CSNK1A1,0.6402350927080478
NFE2L2,primary_lesion_axis,intersection_directional,NFE2L2_intersection_directional,kegg,Herpes simplex virus 1 infection,245,493,3,0.012244897959183673,0.9090781140042223,0.6432263555024321,NFKB1;SYK;TAB2,0.6524592696962469
NFE2L2,primary_lesion_axis,intersection_directional,NFE2L2_intersection_directional,kegg,JAK-STAT signaling pathway,245,162,1,0.004081632653061225,0.9221718316956413,0.6639349199682527,LEPR,0.670258109682236
NFE2L2,primary_lesion_axis,intersection_directional,NFE2L2_intersection_directional,kegg,RNA transport,245,166,1,0.004081632653061225,0.8999508237029752,0.6728827610650806,EIF5B,0.6760717788900336
NFE2L2,primary_lesion_axis,intersection_directional,NFE2L2_intersection_directional,kegg,Olfactory transduction,245,421,2,0.00816326530612245,0.7096999369819187,0.7747746352221202,CAMK2D;RGS2,0.7747746352221202
THRB,primary_internal_control_axis,regulon_targets,THRB_regulon_targets,kegg,Synaptic vesicle cycle,17,78,2,0.11764705882352941,55.205128205128204,0.0005972212411881605,RIMS1;SYT1,0.016722194753268492
THRB,primary_internal_control_axis,regulon_targets,THRB_regulon_targets,kegg,Retrograde endocannabinoid signaling,17,140,2,0.11764705882352941,30.757142857142856,0.0019025914793754015,GRM5;RIMS1,0.026636280711255622
THRB,primary_internal_control_axis,regulon_targets,THRB_regulon_targets,kegg,Long-term potentiation,17,67,1,0.058823529411764705,32.134328358208954,0.030674395437529617,GRM5,0.10534427452589726
THRB,primary_internal_control_axis,regulon_targets,THRB_regulon_targets,kegg,Arrhythmogenic right ventricular cardiomyopathy,17,77,1,0.058823529411764705,27.96103896103896,0.03517598151384126,CACNA2D1,0.10534427452589726
THRB,primary_internal_control_axis,regulon_targets,THRB_regulon_targets,kegg,Cardiac muscle contraction,17,83,1,0.058823529411764705,25.939759036144576,0.03786748102063183,CACNA2D1,0.10534427452589726
THRB,primary_internal_control_axis,regulon_targets,THRB_regulon_targets,kegg,Insulin secretion,17,86,1,0.058823529411764705,25.034883720930235,0.03921057926896292,RIMS2,0.10534427452589726
THRB,primary_internal_control_axis,regulon_targets,THRB_regulon_targets,kegg,Gap junction,17,88,1,0.058823529411764705,24.46590909090909,0.04010499754075913,GRM5,0.10534427452589726
THRB,primary_internal_control_axis,regulon_targets,THRB_regulon_targets,kegg,Hypertrophic cardiomyopathy,17,90,1,0.058823529411764705,23.92222222222222,0.04099863211596302,CACNA2D1,0.10534427452589726
THRB,primary_internal_control_axis,regulon_targets,THRB_regulon_targets,kegg,Morphine addiction,17,91,1,0.058823529411764705,23.659340659340657,0.04144515571854934,PDE4D,0.10534427452589726
THRB,primary_internal_control_axis,regulon_targets,THRB_regulon_targets,kegg,Dilated cardiomyopathy,17,95,1,0.058823529411764705,22.66315789473684,0.043229294105097696,CACNA2D1,0.10534427452589726
THRB,primary_internal_control_axis,regulon_targets,THRB_regulon_targets,kegg,"Parathyroid hormone synthesis, secretion and action",17,106,1,0.058823529411764705,20.31132075471698,0.04811957279257702,PDE4D,0.10534427452589726
THRB,primary_internal_control_axis,regulon_targets,THRB_regulon_targets,kegg,Glutamatergic synapse,17,113,1,0.058823529411764705,19.05309734513274,0.05121930934843381,GRM5,0.10534427452589726
THRB,primary_internal_control_axis,regulon_targets,THRB_regulon_targets,kegg,Purine metabolism,17,125,1,0.058823529411764705,17.224,0.05651105155561159,PDE4D,0.10534427452589726
THRB,primary_internal_control_axis,regulon_targets,THRB_regulon_targets,kegg,Spinocerebellar ataxia,17,143,1,0.058823529411764705,15.055944055944055,0.06439660660806093,FGF14,0.10534427452589726
THRB,primary_internal_control_axis,regulon_targets,THRB_regulon_targets,kegg,Cell adhesion molecules,17,146,1,0.058823529411764705,14.746575342465752,0.06570481975089443,CNTNAP2,0.10534427452589726
THRB,primary_internal_control_axis,regulon_targets,THRB_regulon_targets,kegg,Phospholipase D signaling pathway,17,146,1,0.058823529411764705,14.746575342465752,0.06570481975089443,GRM5,0.10534427452589726
THRB,primary_internal_control_axis,regulon_targets,THRB_regulon_targets,kegg,Adrenergic signaling in cardiomyocytes,17,150,1,0.058823529411764705,14.353333333333333,0.06744642601898099,CACNA2D1,0.10534427452589726
THRB,primary_internal_control_axis,regulon_targets,THRB_regulon_targets,kegg,Oxytocin signaling pathway,17,153,1,0.058823529411764705,14.071895424836601,0.06875062503183027,CACNA2D1,0.10534427452589726
THRB,primary_internal_control_axis,regulon_targets,THRB_regulon_targets,kegg,Hippo signaling pathway,17,161,1,0.058823529411764705,13.372670807453417,0.07222010155553665,DLG2,0.10534427452589726
THRB,primary_internal_control_axis,regulon_targets,THRB_regulon_targets,kegg,Tight junction,17,168,1,0.058823529411764705,12.81547619047619,0.07524591037564089,DLG2,0.10534427452589726
THRB,primary_internal_control_axis,regulon_targets,THRB_regulon_targets,kegg,cAMP signaling pathway,17,216,1,0.058823529411764705,9.967592592592592,0.09574546783321107,PDE4D,0.12766062377761478
THRB,primary_internal_control_axis,regulon_targets,THRB_regulon_targets,kegg,Calcium signaling pathway,17,239,1,0.058823529411764705,9.00836820083682,0.10541588582804179,GRM5,0.13416567287205317
THRB,primary_internal_control_axis,regulon_targets,THRB_regulon_targets,kegg,Huntington disease,17,291,1,0.058823529411764705,7.398625429553264,0.12692184050501848,GRM5,0.14902906003836744
THRB,primary_internal_control_axis,regulon_targets,THRB_regulon_targets,kegg,MAPK signaling pathway,17,293,1,0.058823529411764705,7.348122866894197,0.12773919431860065,CACNA2D1,0.14902906003836744
THRB,primary_internal_control_axis,regulon_targets,THRB_regulon_targets,kegg,Human papillomavirus infection,17,330,1,0.058823529411764705,6.524242424242424,0.1427309551787018,DLG2,0.1575545159384534
THRB,primary_internal_control_axis,regulon_targets,THRB_regulon_targets,kegg,Neuroactive ligand-receptor interaction,17,341,1,0.058823529411764705,6.313782991202346,0.14714098409358753,GRM5,0.1575545159384534
THRB,primary_internal_control_axis,regulon_targets,THRB_regulon_targets,kegg,Alzheimer disease,17,353,1,0.058823529411764705,6.09915014164306,0.15192756894065151,GRM5,0.1575545159384534
THRB,primary_internal_control_axis,regulon_targets,THRB_regulon_targets,kegg,Pathways of neurodegeneration,17,458,1,0.058823529411764705,4.700873362445415,0.19274501431993862,GRM5,0.19274501431993865
THRB,primary_internal_control_axis,intersection_directional,THRB_intersection_directional,kegg,Synaptic vesicle cycle,13,78,2,0.15384615384615385,72.19132149901381,0.00034442359643774745,RIMS1;SYT1,0.00964386070025693
THRB,primary_internal_control_axis,intersection_directional,THRB_intersection_directional,kegg,Retrograde endocannabinoid signaling,13,140,2,0.15384615384615385,40.220879120879125,0.0011021922625886705,GRM5;RIMS1,0.015430691676241387
THRB,primary_internal_control_axis,intersection_directional,THRB_intersection_directional,kegg,Long-term potentiation,13,67,1,0.07692307692307693,42.02181400688864,0.023541355890186043,GRM5,0.08128926784687318
THRB,primary_internal_control_axis,intersection_directional,THRB_intersection_directional,kegg,Arrhythmogenic right ventricular cardiomyopathy,13,77,1,0.07692307692307693,36.56443556443556,0.027010785541273594,CACNA2D1,0.08128926784687318
THRB,primary_internal_control_axis,intersection_directional,THRB_intersection_directional,kegg,Cardiac muscle contraction,13,83,1,0.07692307692307693,33.92122335495829,0.02908697777378066,CACNA2D1,0.08128926784687318
THRB,primary_internal_control_axis,intersection_directional,THRB_intersection_directional,kegg,Insulin secretion,13,86,1,0.07692307692307693,32.73792486583184,0.03012353963217251,RIMS2,0.08128926784687318
THRB,primary_internal_control_axis,intersection_directional,THRB_intersection_directional,kegg,Gap junction,13,88,1,0.07692307692307693,31.99388111888112,0.03081401325488874,GRM5,0.08128926784687318
THRB,primary_internal_control_axis,intersection_directional,THRB_intersection_directional,kegg,Hypertrophic cardiomyopathy,13,90,1,0.07692307692307693,31.282905982905984,0.031504033103775836,CACNA2D1,0.08128926784687318
THRB,primary_internal_control_axis,intersection_directional,THRB_intersection_directional,kegg,Morphine addiction,13,91,1,0.07692307692307693,30.93913778529163,0.03184887294847062,PDE4D,0.08128926784687318
THRB,primary_internal_control_axis,intersection_directional,THRB_intersection_directional,kegg,Dilated cardiomyopathy,13,95,1,0.07692307692307693,29.636437246963563,0.03322709925918002,CACNA2D1,0.08128926784687318
THRB,primary_internal_control_axis,intersection_directional,THRB_intersection_directional,kegg,"Parathyroid hormone synthesis, secretion and action",13,106,1,0.07692307692307693,26.560957910014515,0.03700788881121883,PDE4D,0.08128926784687318
THRB,primary_internal_control_axis,intersection_directional,THRB_intersection_directional,kegg,Glutamatergic synapse,13,113,1,0.07692307692307693,24.91558883594282,0.03940673466639877,GRM5,0.08128926784687318
THRB,primary_internal_control_axis,intersection_directional,THRB_intersection_directional,kegg,Purine metabolism,13,125,1,0.07692307692307693,22.523692307692308,0.04350621281901112,PDE4D,0.08128926784687318
THRB,primary_internal_control_axis,intersection_directional,THRB_intersection_directional,kegg,Spinocerebellar ataxia,13,143,1,0.07692307692307693,19.688542227003765,0.04962515828654126,FGF14,0.08128926784687318
THRB,primary_internal_control_axis,intersection_directional,THRB_intersection_directional,kegg,Cell adhesion molecules,13,146,1,0.07692307692307693,19.283983140147523,0.050641462528495364,CNTNAP2,0.08128926784687318
THRB,primary_internal_control_axis,intersection_directional,THRB_intersection_directional,kegg,Phospholipase D signaling pathway,13,146,1,0.07692307692307693,19.283983140147523,0.050641462528495364,GRM5,0.08128926784687318
THRB,primary_internal_control_axis,intersection_directional,THRB_intersection_directional,kegg,Adrenergic signaling in cardiomyocytes,13,150,1,0.07692307692307693,18.76974358974359,0.05199497433585606,CACNA2D1,0.08128926784687318
THRB,primary_internal_control_axis,intersection_directional,THRB_intersection_directional,kegg,Oxytocin signaling pathway,13,153,1,0.07692307692307693,18.401709401709404,0.05300893898179125,CACNA2D1,0.08128926784687318
THRB,primary_internal_control_axis,intersection_directional,THRB_intersection_directional,kegg,Hippo signaling pathway,13,161,1,0.07692307692307693,17.487338748208316,0.055707952547560766,DLG2,0.08128926784687318
THRB,primary_internal_control_axis,intersection_directional,THRB_intersection_directional,kegg,Tight junction,13,168,1,0.07692307692307693,16.758699633699635,0.05806376274776656,DLG2,0.08128926784687318
THRB,primary_internal_control_axis,intersection_directional,THRB_intersection_directional,kegg,cAMP signaling pathway,13,216,1,0.07692307692307693,13.03454415954416,0.07407231602020904,PDE4D,0.09876308802694539
THRB,primary_internal_control_axis,intersection_directional,THRB_intersection_directional,kegg,Calcium signaling pathway,13,239,1,0.07692307692307693,11.780173801094303,0.08165373937162425,GRM5,0.10392294101843086
THRB,primary_internal_control_axis,intersection_directional,THRB_intersection_directional,kegg,Huntington disease,13,291,1,0.07692307692307693,9.6751255617235,0.09858360840782053,GRM5,0.11576712761414722
THRB,primary_internal_control_axis,intersection_directional,THRB_intersection_directional,kegg,MAPK signaling pathway,13,293,1,0.07692307692307693,9.60908374901549,0.0992289665264119,CACNA2D1,0.11576712761414722
THRB,primary_internal_control_axis,intersection_directional,THRB_intersection_directional,kegg,Human papillomavirus infection,13,330,1,0.07692307692307693,8.531701631701631,0.1110914297176754,DLG2,0.1227774447932395
THRB,primary_internal_control_axis,intersection_directional,THRB_intersection_directional,kegg,Neuroactive ligand-receptor interaction,13,341,1,0.07692307692307693,8.256485450033837,0.1145901983572136,GRM5,0.1227774447932395
THRB,primary_internal_control_axis,intersection_directional,THRB_intersection_directional,kegg,Alzheimer disease,13,353,1,0.07692307692307693,7.9758117236870785,0.1183925360506238,GRM5,0.1227774447932395
THRB,primary_internal_control_axis,intersection_directional,THRB_intersection_directional,kegg,Pathways of neurodegeneration,13,458,1,0.07692307692307693,6.147295935505542,0.15102583561413188,GRM5,0.15102583561413188
BHLHE40,second_tier,regulon_targets,BHLHE40_regulon_targets,kegg,Vascular smooth muscle contraction,221,131,8,0.03619909502262444,10.113916617733413,1.4239445912220462e-06,ADORA2B;BRAF;GNA13;ITPR2;PPP1CC;PRKCQ;PRKG1;RAMP1,0.00026871531660774945
BHLHE40,second_tier,regulon_targets,BHLHE40_regulon_targets,kegg,Signaling pathways regulating pluripotency of stem cells,221,142,8,0.03619909502262444,9.33044420368364,2.6088865690072764e-06,APC;FGFR2;ID3;ID4;IL6ST;KAT6A;MEIS1;SMAD1,0.00026871531660774945
BHLHE40,second_tier,regulon_targets,BHLHE40_regulon_targets,kegg,Regulation of actin cytoskeleton,221,217,9,0.04072398190045249,6.868840836582772,7.612193677060166e-06,ACTR3;APC;BRAF;FGFR2;GNA13;ITGB1;LPAR1;PDGFC;PPP1CC,0.0005227039658247981
BHLHE40,second_tier,regulon_targets,BHLHE40_regulon_targets,kegg,Platelet activation,221,123,7,0.03167420814479638,9.425265791119449,1.044093297004717e-05,GNA13;ITGB1;ITPR2;LYN;PPP1CC;PRKG1;RAP1B,0.0005377080479574293
BHLHE40,second_tier,regulon_targets,BHLHE40_regulon_targets,kegg,Long-term depression,221,59,5,0.02262443438914027,14.035202086049543,2.9450279940160555e-05,BRAF;GNA13;ITPR2;LYN;PRKG1,0.0012133515335346148
BHLHE40,second_tier,regulon_targets,BHLHE40_regulon_targets,kegg,Transcriptional misregulation in cancer,221,173,7,0.03167420814479638,6.701200533570476,9.27729129599592e-05,AFF1;BMP2K;FOXO1;MEIS1;MITF;REL;SMAD1,0.003185203344958599
BHLHE40,second_tier,regulon_targets,BHLHE40_regulon_targets,kegg,Proteoglycans in cancer,221,202,7,0.03167420814479638,5.739146991622238,0.00024124344306142756,BRAF;CD63;GPC1;HIF1A;ITGB1;ITPR2;PPP1CC,0.007099449895807726
BHLHE40,second_tier,regulon_targets,BHLHE40_regulon_targets,kegg,Rap1 signaling pathway,221,210,7,0.03167420814479638,5.52051282051282,0.00030527997347935945,ADORA2B;BRAF;FGFR2;ITGB1;LPAR1;PDGFC;RAP1B,0.007860959317093507
BHLHE40,second_tier,regulon_targets,BHLHE40_regulon_targets,kegg,Pathways in cancer,221,529,11,0.049773755656108594,3.443798167805729,0.0004081652222032807,APC;BRAF;FGFR2;FOXO1;GNA13;HIF1A;IL6ST;ITGB1;LAMC1;LPAR1;MITF,0.009342448419319535
BHLHE40,second_tier,regulon_targets,BHLHE40_regulon_targets,kegg,Hippo signaling pathway,221,161,6,0.027149321266968326,6.172001911132346,0.00045813069704086264,APC;DLG5;FRMD6;PPP1CC;SMAD1;STK3,0.00943749235904177
BHLHE40,second_tier,regulon_targets,BHLHE40_regulon_targets,kegg,Long-term potentiation,221,67,4,0.01809954751131222,9.88748564867968,0.0007361225781142683,BRAF;ITPR2;PPP1CC;RAP1B,0.013785568281049026
BHLHE40,second_tier,regulon_targets,BHLHE40_regulon_targets,kegg,Endocytosis,221,251,7,0.03167420814479638,4.618755746245785,0.0008792969466885891,ACAP2;ACTR3;CHMP2B;FGFR2;RAB31;TFRC;WIPF1,0.015094597584820778
BHLHE40,second_tier,regulon_targets,BHLHE40_regulon_targets,kegg,Focal adhesion,221,200,6,0.027149321266968326,4.968461538461539,0.0014129594954248367,BRAF;ITGB1;LAMC1;PDGFC;PPP1CC;RAP1B,0.022389973542885872
BHLHE40,second_tier,regulon_targets,BHLHE40_regulon_targets,kegg,Gap junction,221,88,4,0.01809954751131222,7.527972027972028,0.002029441758537319,ITPR2;LPAR1;PDGFC;PRKG1,0.029861785875620554
BHLHE40,second_tier,regulon_targets,BHLHE40_regulon_targets,kegg,TGF-beta signaling pathway,221,93,4,0.01809954751131222,7.123242349048802,0.002482287838753799,ID3;ID4;LTBP1;SMAD1,0.03299033477172316
BHLHE40,second_tier,regulon_targets,BHLHE40_regulon_targets,kegg,Cellular senescence,221,156,5,0.02262443438914027,5.30818540433925,0.00264771251202566,FOXO1;HIPK3;ITPR2;PPP1CC;ZFP36L2,0.03299033477172316
BHLHE40,second_tier,regulon_targets,BHLHE40_regulon_targets,kegg,Other types of O-glycan biosynthesis,221,46,3,0.013574660633484163,10.801003344481606,0.002722503354948028,COLGALT2;EOGT;GALNT10,0.03299033477172316
BHLHE40,second_tier,regulon_targets,BHLHE40_regulon_targets,kegg,Prostate cancer,221,97,4,0.01809954751131222,6.8295003965107055,0.0028911547180860172,BRAF;FGFR2;FOXO1;PDGFC,0.033087659551428866
BHLHE40,second_tier,regulon_targets,BHLHE40_regulon_targets,kegg,Viral carcinogenesis,221,165,5,0.02262443438914027,5.018648018648019,0.0033676980474284706,CHD4;IL6ST;LYN;PKM;REL,0.03651293672475078
BHLHE40,second_tier,regulon_targets,BHLHE40_regulon_targets,kegg,Protein processing in endoplasmic reticulum,221,168,5,0.02262443438914027,4.929029304029304,0.0036362193987650084,DNAJC3;RPN1;RRBP1;STT3B;TRAM1,0.03745305980727959
BHLHE40,second_tier,regulon_targets,BHLHE40_regulon_targets,kegg,Alcoholism,221,106,4,0.01809954751131222,6.249637155297533,0.0039746172361030405,ADORA2B;BRAF;MAOB;PPP1CC,0.038482296375658975
BHLHE40,second_tier,regulon_targets,BHLHE40_regulon_targets,kegg,Insulin resistance,221,107,4,0.01809954751131222,6.191229331416248,0.004109759807109211,FOXO1;PPP1CC;PPP1R3C;PRKCQ,0.038482296375658975
BHLHE40,second_tier,regulon_targets,BHLHE40_regulon_targets,kegg,Axon guidance,221,181,5,0.02262443438914027,4.575010624734381,0.00497930277659843,DPYSL2;ITGB1;RASA1;SLIT3;SRGAP1,0.04459723356431638
BHLHE40,second_tier,regulon_targets,BHLHE40_regulon_targets,kegg,Steroid biosynthesis,221,20,2,0.00904977375565611,16.561538461538465,0.0064191268419552285,MSMO1;SC5D,0.05509750539344904
BHLHE40,second_tier,regulon_targets,BHLHE40_regulon_targets,kegg,Pathogenic Escherichia coli infection,221,196,5,0.02262443438914027,4.224882260596546,0.006927618934089765,ACTR3;GNA13;ITGB1;LPAR1;WIPF1,0.05623518934155135
BHLHE40,second_tier,regulon_targets,BHLHE40_regulon_targets,kegg,Purine metabolism,221,125,4,0.01809954751131222,5.299692307692308,0.007097645256700655,FHIT;GMPS;NT5C2;PKM,0.05623518934155135
BHLHE40,second_tier,regulon_targets,BHLHE40_regulon_targets,kegg,Renal cell carcinoma,221,68,3,0.013574660633484163,7.3065610859728505,0.008157358396428633,BRAF;HIF1A;RAP1B,0.06223762332089994
BHLHE40,second_tier,regulon_targets,BHLHE40_regulon_targets,kegg,Central carbon metabolism in cancer,221,70,3,0.013574660633484163,7.097802197802198,0.008832067619631644,FGFR2;HIF1A;PKM,0.06338515187485226
BHLHE40,second_tier,regulon_targets,BHLHE40_regulon_targets,kegg,MAPK signaling pathway,221,293,6,0.027149321266968326,3.391441323181937,0.00904618562812063,BRAF;FGFR2;PDGFC;RAP1B;RASA1;STK3,0.06338515187485226
BHLHE40,second_tier,regulon_targets,BHLHE40_regulon_targets,kegg,Insulin signaling pathway,221,136,4,0.01809954751131222,4.871040723981901,0.009488066098225304,BRAF;FOXO1;PPP1CC;PPP1R3C,0.06338515187485226
BHLHE40,second_tier,regulon_targets,BHLHE40_regulon_targets,kegg,Melanoma,221,72,3,0.013574660633484163,6.9006410256410255,0.009538542272429224,BRAF;MITF;PDGFC,0.06338515187485226
BHLHE40,second_tier,regulon_targets,BHLHE40_regulon_targets,kegg,Shigellosis,221,227,5,0.02262443438914027,3.6479159606912908,0.012530499911117285,ACTR3;FOXO1;ITGB1;ITPR2;PRKCQ,0.08066509317781752
BHLHE40,second_tier,regulon_targets,BHLHE40_regulon_targets,kegg,Ras signaling pathway,221,230,5,0.02262443438914027,3.600334448160535,0.013197837136317529,FGFR2;PDGFC;RAP1B;RASA1;REL,0.08238649848731548
BHLHE40,second_tier,regulon_targets,BHLHE40_regulon_targets,kegg,Cushing syndrome,221,155,4,0.01809954751131222,4.273945409429281,0.014742334484023652,APC;BRAF;ITPR2;RAP1B,0.08867336507480938
BHLHE40,second_tier,regulon_targets,BHLHE40_regulon_targets,kegg,Calcium signaling pathway,221,239,5,0.02262443438914027,3.4647570003218537,0.015342860501001032,ADORA2B;FGFR2;ITPKB;ITPR2;PDGFC,0.08867336507480938
BHLHE40,second_tier,regulon_targets,BHLHE40_regulon_targets,kegg,Human papillomavirus infection,221,330,6,0.027149321266968326,3.0111888111888114,0.015496316226665719,APC;CHD4;FOXO1;ITGB1;LAMC1;PKM,0.08867336507480938
BHLHE40,second_tier,regulon_targets,BHLHE40_regulon_targets,kegg,Nicotinate and nicotinamide metabolism,221,34,2,0.00904977375565611,9.742081447963802,0.01793377365263727,NAMPT;NT5C2,0.09427338931892901
BHLHE40,second_tier,regulon_targets,BHLHE40_regulon_targets,kegg,Salmonella infection,221,249,5,0.02262443438914027,3.3256101328390484,0.0179863698107068,ACTR3;KPNA4;RAB9A;RHOB;S100A10,0.09427338931892901
BHLHE40,second_tier,regulon_targets,BHLHE40_regulon_targets,kegg,cGMP-PKG signaling pathway,221,165,4,0.01809954751131222,4.014918414918415,0.01812103775997168,GNA13;ITPR2;PPP1CC;PRKG1,0.09427338931892901
BHLHE40,second_tier,regulon_targets,BHLHE40_regulon_targets,kegg,Small cell lung cancer,221,92,3,0.013574660633484163,5.400501672240803,0.01840187530638708,FHIT;ITGB1;LAMC1,0.09427338931892901
BHLHE40,second_tier,regulon_targets,BHLHE40_regulon_targets,kegg,Mucin type O-glycan biosynthesis,221,35,2,0.00904977375565611,9.463736263736266,0.018945974709564557,B4GALT5;GALNT10,0.09427338931892901
BHLHE40,second_tier,regulon_targets,BHLHE40_regulon_targets,kegg,Tight junction,221,168,4,0.01809954751131222,3.9432234432234434,0.01922078811356805,ACTR3;ITGB1;RAB8B;TJP2,0.09427338931892901
BHLHE40,second_tier,regulon_targets,BHLHE40_regulon_targets,kegg,Inflammatory mediator regulation of TRP channels,221,97,3,0.013574660633484163,5.122125297383029,0.021139434441856533,ITPR2;PPP1CC;PRKCQ,0.10127263941912665
BHLHE40,second_tier,regulon_targets,BHLHE40_regulon_targets,kegg,Various types of N-glycan biosynthesis,221,39,2,0.00904977375565611,8.493096646942801,0.023226911091717234,RPN1;STT3B,0.10874417465667614
BHLHE40,second_tier,regulon_targets,BHLHE40_regulon_targets,kegg,NF-kappa B signaling pathway,221,102,3,0.013574660633484163,4.8710407239819,0.024087947034862174,CFLAR;LYN;PRKCQ,0.11026926864848018
BHLHE40,second_tier,regulon_targets,BHLHE40_regulon_targets,kegg,Ferroptosis,221,41,2,0.00904977375565611,8.078799249530958,0.025502273870622236,ACSL3;TFRC,0.11182268352239036
BHLHE40,second_tier,regulon_targets,BHLHE40_regulon_targets,kegg,Th17 cell differentiation,221,105,3,0.013574660633484163,4.731868131868132,0.02595829809440446,HIF1A;IL6ST;PRKCQ,0.11182268352239036
BHLHE40,second_tier,regulon_targets,BHLHE40_regulon_targets,kegg,Glucagon signaling pathway,221,106,3,0.013574660633484163,4.687227866473149,0.026598599478626833,FOXO1;ITPR2;PKM,0.11182268352239036
BHLHE40,second_tier,regulon_targets,BHLHE40_regulon_targets,kegg,"Parathyroid hormone synthesis, secretion and action",221,106,3,0.013574660633484163,4.687227866473149,0.026598599478626833,BRAF;GNA13;ITPR2,0.11182268352239036
BHLHE40,second_tier,regulon_targets,BHLHE40_regulon_targets,kegg,Serotonergic synapse,221,111,3,0.013574660633484163,4.476091476091477,0.029926167754390665,BRAF;ITPR2;MAOB,0.12007652344770912
BHLHE40,second_tier,regulon_targets,BHLHE40_regulon_targets,kegg,Kaposi sarcoma-associated herpesvirus infection,221,193,4,0.01809954751131222,3.43244320446393,0.02998899080883677,HIF1A;IL6ST;ITPR2;LYN,0.12007652344770912
BHLHE40,second_tier,regulon_targets,BHLHE40_regulon_targets,kegg,Glycosphingolipid biosynthesis,221,45,2,0.00904977375565611,7.360683760683761,0.030310578734373178,B4GALT4;ST3GAL6,0.12007652344770912
BHLHE40,second_tier,regulon_targets,BHLHE40_regulon_targets,kegg,Arginine and proline metabolism,221,50,2,0.00904977375565611,6.624615384615385,0.03677960927491262,MAOB;P4HA1,0.139357455165293
BHLHE40,second_tier,regulon_targets,BHLHE40_regulon_targets,kegg,N-Glycan biosynthesis,221,50,2,0.00904977375565611,6.624615384615385,0.03677960927491262,RPN1;STT3B,0.139357455165293
BHLHE40,second_tier,regulon_targets,BHLHE40_regulon_targets,kegg,Thyroid hormone signaling pathway,221,121,3,0.013574660633484163,4.1061665607120155,0.03720708754413163,FOXO1;HIF1A;MED12L,0.139357455165293
BHLHE40,second_tier,regulon_targets,BHLHE40_regulon_targets,kegg,Glycosaminoglycan biosynthesis,221,53,2,0.00904977375565611,6.249637155297533,0.04089195504102743,B4GALT4;CSGALNACT2,0.1504239774723509
BHLHE40,second_tier,regulon_targets,BHLHE40_regulon_targets,kegg,Dopaminergic synapse,221,132,3,0.013574660633484163,3.7639860139860137,0.04616313779297126,ITPR2;MAOB;PPP1CC,0.16683519974301894
BHLHE40,second_tier,regulon_targets,BHLHE40_regulon_targets,kegg,Endometrial cancer,221,58,2,0.00904977375565611,5.710875331564988,0.04810701017118456,APC;BRAF,0.17086282922869
BHLHE40,second_tier,regulon_targets,BHLHE40_regulon_targets,kegg,Yersinia infection,221,136,3,0.013574660633484163,3.6532805429864252,0.04966037645494449,ACTR3;ITGB1;WIPF1,0.17339046694438245
BHLHE40,second_tier,regulon_targets,BHLHE40_regulon_targets,kegg,Autophagy,221,137,3,0.013574660633484163,3.626614261650758,0.05055437974178053,CFLAR;HIF1A;PRKCQ,0.17357003711344648
BHLHE40,second_tier,regulon_targets,BHLHE40_regulon_targets,kegg,Synthesis and degradation of ketone bodies,221,10,1,0.004524886877828055,16.561538461538465,0.058773402651757345,HMGCS1,0.19275289692095035
BHLHE40,second_tier,regulon_targets,BHLHE40_regulon_targets,kegg,Cell adhesion molecules,221,146,3,0.013574660633484163,3.4030558482613276,0.05894870148553336,CD58;ITGB1;NRCAM,0.19275289692095035
BHLHE40,second_tier,regulon_targets,BHLHE40_regulon_targets,kegg,Phospholipase D signaling pathway,221,146,3,0.013574660633484163,3.4030558482613276,0.05894870148553336,GNA13;LPAR1;PDGFC,0.19275289692095035
BHLHE40,second_tier,regulon_targets,BHLHE40_regulon_targets,kegg,Gastric cancer,221,149,3,0.013574660633484163,3.3345379452762005,0.06188366340288317,APC;BRAF;FGFR2,0.19527031832624747
BHLHE40,second_tier,regulon_targets,BHLHE40_regulon_targets,kegg,PI3K-Akt signaling pathway,221,351,5,0.02262443438914027,2.359193513039667,0.06257560855220069,FGFR2;ITGB1;LAMC1;LPAR1;PDGFC,0.19527031832624747
BHLHE40,second_tier,regulon_targets,BHLHE40_regulon_targets,kegg,Adipocytokine signaling pathway,221,68,2,0.00904977375565611,4.871040723981901,0.06377474932201697,ACSL3;PRKCQ,0.19527031832624747
BHLHE40,second_tier,regulon_targets,BHLHE40_regulon_targets,kegg,Mitophagy,221,68,2,0.00904977375565611,4.871040723981901,0.06377474932201697,HIF1A;MITF,0.19527031832624747
BHLHE40,second_tier,regulon_targets,BHLHE40_regulon_targets,kegg,Ubiquinone and other terpenoid-quinone biosynthesis,221,11,1,0.004524886877828055,15.055944055944057,0.06445816333099431,VKORC1L1,0.19527031832624747
BHLHE40,second_tier,regulon_targets,BHLHE40_regulon_targets,kegg,Amphetamine addiction,221,69,2,0.00904977375565611,4.800445930880714,0.06542501762090666,MAOB;PPP1CC,0.19532686420154743
BHLHE40,second_tier,regulon_targets,BHLHE40_regulon_targets,kegg,mTOR signaling pathway,221,154,3,0.013574660633484163,3.2262737262737264,0.06692352328443059,BRAF;CLIP1;LPIN2,0.19694636852275288
BHLHE40,second_tier,regulon_targets,BHLHE40_regulon_targets,kegg,Non-small cell lung cancer,221,72,2,0.00904977375565611,4.600427350427351,0.07046028535564886,BRAF;FHIT,0.20443406736991077
BHLHE40,second_tier,regulon_targets,BHLHE40_regulon_targets,kegg,PPAR signaling pathway,221,74,2,0.00904977375565611,4.476091476091477,0.07388524212067994,ACSL3;HMGCS1,0.21139388717861204
BHLHE40,second_tier,regulon_targets,BHLHE40_regulon_targets,kegg,Bacterial invasion of epithelial cells,221,77,2,0.00904977375565611,4.301698301698302,0.0791203955803025,ACTR3;ITGB1,0.22327125328140154
BHLHE40,second_tier,regulon_targets,BHLHE40_regulon_targets,kegg,NOD-like receptor signaling pathway,221,178,3,0.013574660633484163,2.7912705272255836,0.09355595765103546,ERBIN;ITPR2;NAMPT,0.2604395577853149
BHLHE40,second_tier,regulon_targets,BHLHE40_regulon_targets,kegg,Colorectal cancer,221,86,2,0.00904977375565611,3.8515205724508057,0.09547565817490676,APC;BRAF,0.26223980778707723
BHLHE40,second_tier,regulon_targets,BHLHE40_regulon_targets,kegg,Phenylalanine metabolism,221,17,1,0.004524886877828055,9.742081447963802,0.09785606458232032,MAOB,0.26524143820997353
BHLHE40,second_tier,regulon_targets,BHLHE40_regulon_targets,kegg,ECM-receptor interaction,221,88,2,0.00904977375565611,3.763986013986014,0.09923200025250395,ITGB1;LAMC1,0.2654778188573482
BHLHE40,second_tier,regulon_targets,BHLHE40_regulon_targets,kegg,PD-L1 expression and PD-1 checkpoint pathway in cancer,221,89,2,0.00904977375565611,3.721694036300778,0.10112560050581215,HIF1A;PRKCQ,0.2670753038999654
BHLHE40,second_tier,regulon_targets,BHLHE40_regulon_targets,kegg,Fatty acid biosynthesis,221,18,1,0.004524886877828055,9.200854700854702,0.10330581883902558,ACSL3,0.2693797301372059
BHLHE40,second_tier,regulon_targets,BHLHE40_regulon_targets,kegg,Chemokine signaling pathway,221,190,3,0.013574660633484163,2.6149797570850204,0.10826805924846633,BRAF;LYN;RAP1B,0.27669725627467917
BHLHE40,second_tier,regulon_targets,BHLHE40_regulon_targets,kegg,Salivary secretion,221,93,2,0.00904977375565611,3.561621174524401,0.1087984357196554,ITPR2;PRKG1,0.27669725627467917
BHLHE40,second_tier,regulon_targets,BHLHE40_regulon_targets,kegg,Fc gamma R-mediated phagocytosis,221,95,2,0.00904977375565611,3.4866396761133607,0.11269131710734377,ACTR3;LYN,0.2826317749144043
BHLHE40,second_tier,regulon_targets,BHLHE40_regulon_targets,kegg,Phosphatidylinositol signaling system,221,96,2,0.00904977375565611,3.4503205128205128,0.11465123758501954,ITPKB;ITPR2,0.2826317749144043
BHLHE40,second_tier,regulon_targets,BHLHE40_regulon_targets,kegg,Choline metabolism in cancer,221,97,2,0.00904977375565611,3.4147501982553528,0.11661990712487556,HIF1A;PDGFC,0.2826317749144043
BHLHE40,second_tier,regulon_targets,BHLHE40_regulon_targets,kegg,Glycerophospholipid metabolism,221,97,2,0.00904977375565611,3.4147501982553528,0.11661990712487556,ETNPPL;LPIN2,0.2826317749144043
BHLHE40,second_tier,regulon_targets,BHLHE40_regulon_targets,kegg,mRNA surveillance pathway,221,98,2,0.00904977375565611,3.3799058084772375,0.11859714988782796,PAPOLA;PPP1CC,0.28408154508014605
BHLHE40,second_tier,regulon_targets,BHLHE40_regulon_targets,kegg,AGE-RAGE signaling pathway in diabetic complications,221,100,2,0.00904977375565611,3.3123076923076926,0.12257666064565277,F3;FOXO1,0.28560540156161907
BHLHE40,second_tier,regulon_targets,BHLHE40_regulon_targets,kegg,Pancreatic secretion,221,101,2,0.00904977375565611,3.2795125666412797,0.12457858583643247,ITPR2;RAP1B,0.28560540156161907
BHLHE40,second_tier,regulon_targets,BHLHE40_regulon_targets,kegg,Histidine metabolism,221,22,1,0.004524886877828055,7.527972027972028,0.12477905893468794,MAOB,0.28560540156161907
BHLHE40,second_tier,regulon_targets,BHLHE40_regulon_targets,kegg,Terpenoid backbone biosynthesis,221,22,1,0.004524886877828055,7.527972027972028,0.12477905893468794,HMGCS1,0.28560540156161907
BHLHE40,second_tier,regulon_targets,BHLHE40_regulon_targets,kegg,Drug metabolism,221,104,2,0.00904977375565611,3.1849112426035506,0.1306310204172442,GMPS;MAOB,0.295714178087388
BHLHE40,second_tier,regulon_targets,BHLHE40_regulon_targets,kegg,Lipid and atherosclerosis,221,214,3,0.013574660633484163,2.321710999281093,0.14010887315765563,ABCA1;LYN;RAP1B,0.3099349440324419
BHLHE40,second_tier,regulon_targets,BHLHE40_regulon_targets,kegg,HIF-1 signaling pathway,221,109,2,0.00904977375565611,3.0388143966125623,0.1408641219152269,HIF1A;TFRC,0.3099349440324419
BHLHE40,second_tier,regulon_targets,BHLHE40_regulon_targets,kegg,cAMP signaling pathway,221,216,3,0.013574660633484163,2.300213675213675,0.142892879478412,BRAF;PPP1CC;RAP1B,0.3099349440324419
BHLHE40,second_tier,regulon_targets,BHLHE40_regulon_targets,kegg,Toxoplasmosis,221,110,2,0.00904977375565611,3.0111888111888114,0.14293116351010668,ITGB1;LAMC1,0.3099349440324419
BHLHE40,second_tier,regulon_targets,BHLHE40_regulon_targets,kegg,Thermogenesis,221,218,3,0.013574660633484163,2.2791107974594214,0.14569528153294578,ACSL3;PRKG1;ZNF516,0.3126377916227795
BHLHE40,second_tier,regulon_targets,BHLHE40_regulon_targets,kegg,Chemical carcinogenesis,221,221,3,0.013574660633484163,2.2481726418378005,0.14993258045157468,EPHX1;KPNA4;PAQR8,0.3179594486655237
BHLHE40,second_tier,regulon_targets,BHLHE40_regulon_targets,kegg,Leukocyte transendothelial migration,221,114,2,0.00904977375565611,2.9055330634278005,0.15126226198651127,ITGB1;RAP1B,0.3179594486655237
BHLHE40,second_tier,regulon_targets,BHLHE40_regulon_targets,kegg,Butanoate metabolism,221,28,1,0.004524886877828055,5.914835164835165,0.15603281963989585,HMGCS1,0.32467435197796507
BHLHE40,second_tier,regulon_targets,BHLHE40_regulon_targets,kegg,Neurotrophin signaling pathway,221,119,2,0.00904977375565611,2.783451842275372,0.1618066154192396,BRAF;RAP1B,0.3333216277636336
BHLHE40,second_tier,regulon_targets,BHLHE40_regulon_targets,kegg,Oocyte meiosis,221,126,2,0.00904977375565611,2.628815628815629,0.1767805239694888,ITPR2;PPP1CC,0.3605622568090563
BHLHE40,second_tier,regulon_targets,BHLHE40_regulon_targets,kegg,FoxO signaling pathway,221,128,2,0.00904977375565611,2.587740384615385,0.18109849838516845,BRAF;FOXO1,0.36219699677033684
BHLHE40,second_tier,regulon_targets,BHLHE40_regulon_targets,kegg,Lysosome,221,128,2,0.00904977375565611,2.587740384615385,0.18109849838516845,AP1S2;CD63,0.36219699677033684
BHLHE40,second_tier,regulon_targets,BHLHE40_regulon_targets,kegg,Necroptosis,221,131,2,0.00904977375565611,2.528479154433353,0.18760468463576624,CFLAR;CHMP2B,0.3716015868746908
BHLHE40,second_tier,regulon_targets,BHLHE40_regulon_targets,kegg,Tyrosine metabolism,221,36,1,0.004524886877828055,4.600427350427351,0.19598282428739522,MAOB,0.3844996362209849
BHLHE40,second_tier,regulon_targets,BHLHE40_regulon_targets,kegg,Apelin signaling pathway,221,136,2,0.00904977375565611,2.4355203619909505,0.19851804702333556,GNA13;ITPR2,0.3857992234604446
BHLHE40,second_tier,regulon_targets,BHLHE40_regulon_targets,kegg,Thyroid cancer,221,37,1,0.004524886877828055,4.476091476091477,0.20084232916453157,BRAF,0.38666840941956543
BHLHE40,second_tier,regulon_targets,BHLHE40_regulon_targets,kegg,Ubiquitin mediated proteolysis,221,139,2,0.00904977375565611,2.382955174322081,0.20510266407011774,HERC3;UBE2F,0.3912143407263357
BHLHE40,second_tier,regulon_targets,BHLHE40_regulon_targets,kegg,Apoptosis,221,141,2,0.00904977375565611,2.3491543917075832,0.20950574687843462,CFLAR;ITPR2,0.3959466408895187
BHLHE40,second_tier,regulon_targets,BHLHE40_regulon_targets,kegg,"Glycine, serine and threonine metabolism",221,40,1,0.004524886877828055,4.140384615384616,0.21524610988709095,MAOB,0.40301980041963525
BHLHE40,second_tier,regulon_targets,BHLHE40_regulon_targets,kegg,Bladder cancer,221,41,1,0.004524886877828055,4.039399624765479,0.21998970578750254,BRAF,0.40301980041963525
BHLHE40,second_tier,regulon_targets,BHLHE40_regulon_targets,kegg,Breast cancer,221,147,2,0.00904977375565611,2.253270538984825,0.2227693639322193,APC;BRAF,0.40301980041963525
BHLHE40,second_tier,regulon_targets,BHLHE40_regulon_targets,kegg,Fat digestion and absorption,221,42,1,0.004524886877828055,3.9432234432234434,0.22470475707363408,ABCA1,0.40301980041963525
BHLHE40,second_tier,regulon_targets,BHLHE40_regulon_targets,kegg,Tryptophan metabolism,221,42,1,0.004524886877828055,3.9432234432234434,0.22470475707363408,MAOB,0.40301980041963525
BHLHE40,second_tier,regulon_targets,BHLHE40_regulon_targets,kegg,Phagosome,221,148,2,0.00904977375565611,2.2380457380457384,0.22498678178766046,ITGB1;TFRC,0.40301980041963525
BHLHE40,second_tier,regulon_targets,BHLHE40_regulon_targets,kegg,Fatty acid degradation,221,43,1,0.004524886877828055,3.8515205724508057,0.22939143473677387,ACSL3,0.40736754789461566
BHLHE40,second_tier,regulon_targets,BHLHE40_regulon_targets,kegg,Oxytocin signaling pathway,221,153,2,0.00904977375565611,2.1649069884364005,0.23609696112542278,ITPR2;PPP1CC,0.415692085400317
BHLHE40,second_tier,regulon_targets,BHLHE40_regulon_targets,kegg,ABC transporters,221,45,1,0.004524886877828055,3.6803418803418806,0.23868034806707256,ABCA1,0.4166792517103131
BHLHE40,second_tier,regulon_targets,BHLHE40_regulon_targets,kegg,Type II diabetes mellitus,221,46,1,0.004524886877828055,3.6003344481605355,0.24328292064276932,PKM,0.42059529705406307
BHLHE40,second_tier,regulon_targets,BHLHE40_regulon_targets,kegg,Hepatitis C,221,157,2,0.00904977375565611,2.109750122488976,0.24500696915770664,BRAF;CFLAR,0.42059529705406307
BHLHE40,second_tier,regulon_targets,BHLHE40_regulon_targets,kegg,Pyruvate metabolism,221,47,1,0.004524886877828055,3.5237315875613753,0.24785779342454883,PKM,0.4219727722765046
BHLHE40,second_tier,regulon_targets,BHLHE40_regulon_targets,kegg,MicroRNAs in cancer,221,160,2,0.00904977375565611,2.070192307692308,0.2516982895417204,APC;DICER1,0.42272729485629956
BHLHE40,second_tier,regulon_targets,BHLHE40_regulon_targets,kegg,"Valine, leucine and isoleucine degradation",221,48,1,0.004524886877828055,3.4503205128205128,0.2524051323656546,HMGCS1,0.42272729485629956
BHLHE40,second_tier,regulon_targets,BHLHE40_regulon_targets,kegg,Cocaine addiction,221,49,1,0.004524886877828055,3.3799058084772375,0.2569251024295943,MAOB,0.42637156216137667
BHLHE40,second_tier,regulon_targets,BHLHE40_regulon_targets,kegg,Cholesterol metabolism,221,50,1,0.004524886877828055,3.3123076923076926,0.2614178675960162,ABCA1,0.42637156216137667
BHLHE40,second_tier,regulon_targets,BHLHE40_regulon_targets,kegg,Vibrio cholerae infection,221,50,1,0.004524886877828055,3.3123076923076926,0.2614178675960162,TJP2,0.42637156216137667
BHLHE40,second_tier,regulon_targets,BHLHE40_regulon_targets,kegg,Wnt signaling pathway,221,165,2,0.00904977375565611,2.0074592074592075,0.26286013783735357,APC;ZNRF3,0.42637156216137667
BHLHE40,second_tier,regulon_targets,BHLHE40_regulon_targets,kegg,Hepatocellular carcinoma,221,166,2,0.00904977375565611,1.9953660797034292,0.2650931814664546,APC;BRAF,0.4266343389225754
BHLHE40,second_tier,regulon_targets,BHLHE40_regulon_targets,kegg,Pyrimidine metabolism,221,54,1,0.004524886877828055,3.066951566951567,0.2791201247705326,NT5C2,0.4457267108738738
BHLHE40,second_tier,regulon_targets,BHLHE40_regulon_targets,kegg,Regulation of lipolysis in adipocytes,221,55,1,0.004524886877828055,3.0111888111888114,0.28347929111594294,PRKG1,0.4492056459221865
BHLHE40,second_tier,regulon_targets,BHLHE40_regulon_targets,kegg,Pathways of neurodegeneration,221,458,4,0.01809954751131222,1.4464225730601277,0.29988456916336553,APC;BRAF;CHMP2B;ITPR2,0.4715742079973534
BHLHE40,second_tier,regulon_targets,BHLHE40_regulon_targets,kegg,Glycerolipid metabolism,221,60,1,0.004524886877828055,2.76025641025641,0.3048846335504642,LPIN2,0.47580480690451227
BHLHE40,second_tier,regulon_targets,BHLHE40_regulon_targets,kegg,Basal cell carcinoma,221,63,1,0.004524886877828055,2.628815628815629,0.31742102492176094,APC,0.487975605476737
BHLHE40,second_tier,regulon_targets,BHLHE40_regulon_targets,kegg,Lysine degradation,221,63,1,0.004524886877828055,2.628815628815629,0.31742102492176094,COLGALT2,0.487975605476737
BHLHE40,second_tier,regulon_targets,BHLHE40_regulon_targets,kegg,GnRH secretion,221,64,1,0.004524886877828055,2.587740384615385,0.32154960211515693,ITPR2,0.49066087433868394
BHLHE40,second_tier,regulon_targets,BHLHE40_regulon_targets,kegg,Cortisol synthesis and secretion,221,65,1,0.004524886877828055,2.5479289940828402,0.3256533199336022,ITPR2,0.492209126388364
BHLHE40,second_tier,regulon_targets,BHLHE40_regulon_targets,kegg,Fc epsilon RI signaling pathway,221,66,1,0.004524886877828055,2.5093240093240095,0.3297323273863798,LYN,0.492209126388364
BHLHE40,second_tier,regulon_targets,BHLHE40_regulon_targets,kegg,Glycolysis / Gluconeogenesis,221,66,1,0.004524886877828055,2.5093240093240095,0.3297323273863798,PKM,0.492209126388364
BHLHE40,second_tier,regulon_targets,BHLHE40_regulon_targets,kegg,Acute myeloid leukemia,221,67,1,0.004524886877828055,2.47187141216992,0.3337867725936496,BRAF,0.4946767996711641
BHLHE40,second_tier,regulon_targets,BHLHE40_regulon_targets,kegg,Epstein-Barr virus infection,221,199,2,0.00904977375565611,1.6644762272902978,0.33835615105228084,CD58;LYN,0.4970867312582624
BHLHE40,second_tier,regulon_targets,BHLHE40_regulon_targets,kegg,Renin secretion,221,69,1,0.004524886877828055,2.400222965440357,0.3418225643383635,ITPR2,0.4970867312582624
BHLHE40,second_tier,regulon_targets,BHLHE40_regulon_targets,kegg,Epithelial cell signaling in Helicobacter pylori infection,221,70,1,0.004524886877828055,2.3659340659340664,0.34580420271790024,LYN,0.4970867312582624
BHLHE40,second_tier,regulon_targets,BHLHE40_regulon_targets,kegg,Metabolism of xenobiotics by cytochrome P450,221,72,1,0.004524886877828055,2.3002136752136755,0.3536956875773779,EPHX1,0.4970867312582624
BHLHE40,second_tier,regulon_targets,BHLHE40_regulon_targets,kegg,Inositol phosphate metabolism,221,73,1,0.004524886877828055,2.268703898840885,0.3576058207057254,ITPKB,0.4970867312582624
BHLHE40,second_tier,regulon_targets,BHLHE40_regulon_targets,kegg,Leishmaniasis,221,73,1,0.004524886877828055,2.268703898840885,0.3576058207057254,ITGB1,0.4970867312582624
BHLHE40,second_tier,regulon_targets,BHLHE40_regulon_targets,kegg,Alzheimer disease,221,353,3,0.013574660633484163,1.4074961865330138,0.35912162297388417,APC;BRAF;ITPR2,0.4970867312582624
BHLHE40,second_tier,regulon_targets,BHLHE40_regulon_targets,kegg,Human immunodeficiency virus 1 infection,221,209,2,0.00904977375565611,1.584836216415164,0.36018747324209527,AP1S2;ITPR2,0.4970867312582624
BHLHE40,second_tier,regulon_targets,BHLHE40_regulon_targets,kegg,Thyroid hormone synthesis,221,74,1,0.004524886877828055,2.2380457380457384,0.36149240397401367,ITPR2,0.4970867312582624
BHLHE40,second_tier,regulon_targets,BHLHE40_regulon_targets,kegg,Glioma,221,75,1,0.004524886877828055,2.2082051282051287,0.36535557857695805,BRAF,0.4970867312582624
BHLHE40,second_tier,regulon_targets,BHLHE40_regulon_targets,kegg,Chronic myeloid leukemia,221,76,1,0.004524886877828055,2.1791497975708505,0.36919548486657355,BRAF,0.4970867312582624
BHLHE40,second_tier,regulon_targets,BHLHE40_regulon_targets,kegg,Gastric acid secretion,221,76,1,0.004524886877828055,2.1791497975708505,0.36919548486657355,ITPR2,0.4970867312582624
BHLHE40,second_tier,regulon_targets,BHLHE40_regulon_targets,kegg,Pancreatic cancer,221,76,1,0.004524886877828055,2.1791497975708505,0.36919548486657355,BRAF,0.4970867312582624
BHLHE40,second_tier,regulon_targets,BHLHE40_regulon_targets,kegg,Pertussis,221,76,1,0.004524886877828055,2.1791497975708505,0.36919548486657355,ITGB1,0.4970867312582624
BHLHE40,second_tier,regulon_targets,BHLHE40_regulon_targets,kegg,Arrhythmogenic right ventricular cardiomyopathy,221,77,1,0.004524886877828055,2.150849150849151,0.37301226235718243,ITGB1,0.4989644548414258
BHLHE40,second_tier,regulon_targets,BHLHE40_regulon_targets,kegg,B cell receptor signaling pathway,221,79,1,0.004524886877828055,2.0963972736124634,0.3805769848400364,LYN,0.5057990895293386
BHLHE40,second_tier,regulon_targets,BHLHE40_regulon_targets,kegg,Human cytomegalovirus infection,221,222,2,0.00904977375565611,1.492030492030492,0.38815999533698836,GNA13;ITPR2,0.5125702502526898
BHLHE40,second_tier,regulon_targets,BHLHE40_regulon_targets,kegg,Peroxisome,221,82,1,0.004524886877828055,2.0196998123827394,0.39175404281252446,ACSL3,0.5140212281489175
BHLHE40,second_tier,regulon_targets,BHLHE40_regulon_targets,kegg,ErbB signaling pathway,221,84,1,0.004524886877828055,1.9716117216117217,0.399093643992607,BRAF,0.5203372826739053
BHLHE40,second_tier,regulon_targets,BHLHE40_regulon_targets,kegg,Complement and coagulation cascades,221,85,1,0.004524886877828055,1.9484162895927601,0.4027303147124807,F3,0.5217763825834656
BHLHE40,second_tier,regulon_targets,BHLHE40_regulon_targets,kegg,Parkinson disease,221,235,2,0.00904977375565611,1.40949263502455,0.4155850445328117,ITPR2;MAOB,0.5315401998695612
BHLHE40,second_tier,regulon_targets,BHLHE40_regulon_targets,kegg,Bile secretion,221,90,1,0.004524886877828055,1.8401709401709403,0.4205876338773713,EPHX1,0.5315401998695612
BHLHE40,second_tier,regulon_targets,BHLHE40_regulon_targets,kegg,Hypertrophic cardiomyopathy,221,90,1,0.004524886877828055,1.8401709401709403,0.4205876338773713,ITGB1,0.5315401998695612
BHLHE40,second_tier,regulon_targets,BHLHE40_regulon_targets,kegg,Th1 and Th2 cell differentiation,221,90,1,0.004524886877828055,1.8401709401709403,0.4205876338773713,PRKCQ,0.5315401998695612
BHLHE40,second_tier,regulon_targets,BHLHE40_regulon_targets,kegg,GnRH signaling pathway,221,92,1,0.004524886877828055,1.8001672240802677,0.42758083231626676,ITPR2,0.5370832405923839
BHLHE40,second_tier,regulon_targets,BHLHE40_regulon_targets,kegg,IL-17 signaling pathway,221,94,1,0.004524886877828055,1.7618657937806876,0.4344900039042229,MAPK4,0.539768518329676
BHLHE40,second_tier,regulon_targets,BHLHE40_regulon_targets,kegg,Dilated cardiomyopathy,221,95,1,0.004524886877828055,1.7433198380566803,0.43791339418929615,ITGB1,0.539768518329676
BHLHE40,second_tier,regulon_targets,BHLHE40_regulon_targets,kegg,Hematopoietic cell lineage,221,96,1,0.004524886877828055,1.7251602564102564,0.4413161537324992,TFRC,0.539768518329676
BHLHE40,second_tier,regulon_targets,BHLHE40_regulon_targets,kegg,Circadian entrainment,221,97,1,0.004524886877828055,1.7073750991276764,0.4446984063013283,PRKG1,0.539768518329676
BHLHE40,second_tier,regulon_targets,BHLHE40_regulon_targets,kegg,Progesterone-mediated oocyte maturation,221,97,1,0.004524886877828055,1.7073750991276764,0.4446984063013283,BRAF,0.539768518329676
BHLHE40,second_tier,regulon_targets,BHLHE40_regulon_targets,kegg,Aldosterone synthesis and secretion,221,98,1,0.004524886877828055,1.6899529042386188,0.4480602749241485,ITPR2,0.539768518329676
BHLHE40,second_tier,regulon_targets,BHLHE40_regulon_targets,kegg,Viral protein interaction with cytokine and cytokine receptor,221,98,1,0.004524886877828055,1.6899529042386188,0.4480602749241485,IL6ST,0.539768518329676
BHLHE40,second_tier,regulon_targets,BHLHE40_regulon_targets,kegg,Amoebiasis,221,101,1,0.004524886877828055,1.6397562833206398,0.45802479640527977,LAMC1,0.540683793291026
BHLHE40,second_tier,regulon_targets,BHLHE40_regulon_targets,kegg,Chagas disease,221,101,1,0.004524886877828055,1.6397562833206398,0.45802479640527977,CFLAR,0.540683793291026
BHLHE40,second_tier,regulon_targets,BHLHE40_regulon_targets,kegg,Melanogenesis,221,101,1,0.004524886877828055,1.6397562833206398,0.45802479640527977,MITF,0.540683793291026
BHLHE40,second_tier,regulon_targets,BHLHE40_regulon_targets,kegg,Longevity regulating pathway,221,102,1,0.004524886877828055,1.6236802413273002,0.46130634489827743,FOXO1,0.540683793291026
BHLHE40,second_tier,regulon_targets,BHLHE40_regulon_targets,kegg,Prion disease,221,258,2,0.00904977375565611,1.2838401908169352,0.4625353432608003,ITPR2;LAMC1,0.540683793291026
BHLHE40,second_tier,regulon_targets,BHLHE40_regulon_targets,kegg,T cell receptor signaling pathway,221,103,1,0.004524886877828055,1.6079163554891713,0.4645681136529689,PRKCQ,0.540683793291026
BHLHE40,second_tier,regulon_targets,BHLHE40_regulon_targets,kegg,C-type lectin receptor signaling pathway,221,104,1,0.004524886877828055,1.5924556213017753,0.46781022135428635,ITPR2,0.5413983460617022
BHLHE40,second_tier,regulon_targets,BHLHE40_regulon_targets,kegg,TNF signaling pathway,221,112,1,0.004524886877828055,1.4787087912087913,0.4930532952289031,CFLAR,0.5646490486636531
BHLHE40,second_tier,regulon_targets,BHLHE40_regulon_targets,kegg,Cholinergic synapse,221,113,1,0.004524886877828055,1.465622872702519,0.4961236786802,ITPR2,0.5646490486636531
BHLHE40,second_tier,regulon_targets,BHLHE40_regulon_targets,kegg,Glutamatergic synapse,221,113,1,0.004524886877828055,1.465622872702519,0.4961236786802,ITPR2,0.5646490486636531
BHLHE40,second_tier,regulon_targets,BHLHE40_regulon_targets,kegg,AMPK signaling pathway,221,119,1,0.004524886877828055,1.391725921137686,0.514161082596705,FOXO1,0.5756368642115285
BHLHE40,second_tier,regulon_targets,BHLHE40_regulon_targets,kegg,"Growth hormone synthesis, secretion and action",221,119,1,0.004524886877828055,1.391725921137686,0.514161082596705,ITPR2,0.5756368642115285
BHLHE40,second_tier,regulon_targets,BHLHE40_regulon_targets,kegg,Sphingolipid signaling pathway,221,119,1,0.004524886877828055,1.391725921137686,0.514161082596705,GNA13,0.5756368642115285
BHLHE40,second_tier,regulon_targets,BHLHE40_regulon_targets,kegg,Natural killer cell mediated cytotoxicity,221,122,1,0.004524886877828055,1.35750315258512,0.5229372622477937,BRAF,0.5822977082326783
BHLHE40,second_tier,regulon_targets,BHLHE40_regulon_targets,kegg,Cell cycle,221,124,1,0.004524886877828055,1.3356079404466503,0.5287001908676323,CDC14A,0.585549673756625
BHLHE40,second_tier,regulon_targets,BHLHE40_regulon_targets,kegg,Osteoclast differentiation,221,125,1,0.004524886877828055,1.324923076923077,0.531555613677027,MITF,0.5855639380613239
BHLHE40,second_tier,regulon_targets,BHLHE40_regulon_targets,kegg,Spliceosome,221,134,1,0.004524886877828055,1.23593570608496,0.5564917043747966,HNRNPU,0.609772825006426
BHLHE40,second_tier,regulon_targets,BHLHE40_regulon_targets,kegg,Fluid shear stress and atherosclerosis,221,136,1,0.004524886877828055,1.2177601809954752,0.5618510522369317,GPC1,0.6120438899129989
BHLHE40,second_tier,regulon_targets,BHLHE40_regulon_targets,kegg,Estrogen signaling pathway,221,137,1,0.004524886877828055,1.2088714205502527,0.5645065004051931,ITPR2,0.6120438899129989
BHLHE40,second_tier,regulon_targets,BHLHE40_regulon_targets,kegg,Measles,221,139,1,0.004524886877828055,1.1914775871610406,0.5697694292383513,RAB9A,0.6123919927817557
BHLHE40,second_tier,regulon_targets,BHLHE40_regulon_targets,kegg,Retrograde endocannabinoid signaling,221,140,1,0.004524886877828055,1.1829670329670332,0.5723771017779351,ITPR2,0.6123919927817557
BHLHE40,second_tier,regulon_targets,BHLHE40_regulon_targets,kegg,Herpes simplex virus 1 infection,221,493,3,0.013574660633484163,1.0078015290997036,0.5737458961498973,PPP1CC;ZNF160;ZNF707,0.6123919927817557
BHLHE40,second_tier,regulon_targets,BHLHE40_regulon_targets,kegg,Spinocerebellar ataxia,221,143,1,0.004524886877828055,1.1581495427649275,0.5801060911270286,ITPR2,0.6159889421245768
BHLHE40,second_tier,regulon_targets,BHLHE40_regulon_targets,kegg,Adrenergic signaling in cardiomyocytes,221,150,1,0.004524886877828055,1.1041025641025644,0.5976038503052395,PPP1CC,0.6313148367327146
BHLHE40,second_tier,regulon_targets,BHLHE40_regulon_targets,kegg,Neuroactive ligand-receptor interaction,221,341,2,0.00904977375565611,0.9713512294157456,0.6118656004593274,ADORA2B;LPAR1,0.6430832331358236
BHLHE40,second_tier,regulon_targets,BHLHE40_regulon_targets,kegg,Hepatitis B,221,161,1,0.004524886877828055,1.0286669851887245,0.6236451017837205,BRAF,0.651217609679387
BHLHE40,second_tier,regulon_targets,BHLHE40_regulon_targets,kegg,JAK-STAT signaling pathway,221,162,1,0.004524886877828055,1.0223171889838558,0.6259276054199934,IL6ST,0.651217609679387
BHLHE40,second_tier,regulon_targets,BHLHE40_regulon_targets,kegg,RNA transport,221,166,1,0.004524886877828055,0.9976830398517146,0.6349206398651268,EIF3J,0.6572545317196791
BHLHE40,second_tier,regulon_targets,BHLHE40_regulon_targets,kegg,Influenza A,221,170,1,0.004524886877828055,0.9742081447963801,0.643698428554687,DNAJC3,0.6630093814113276
BHLHE40,second_tier,regulon_targets,BHLHE40_regulon_targets,kegg,Diabetic cardiomyopathy,221,189,1,0.004524886877828055,0.8762718762718763,0.682607611488564,PPP1CC,0.6995879003315632
BHLHE40,second_tier,regulon_targets,BHLHE40_regulon_targets,kegg,Human T-cell leukemia virus 1 infection,221,217,1,0.004524886877828055,0.7632045373980858,0.7323678132962196,CRTC3,0.7468701462327784
BHLHE40,second_tier,regulon_targets,BHLHE40_regulon_targets,kegg,Coronavirus disease,221,228,1,0.004524886877828055,0.7263832658569501,0.7497186886535683,IL6ST,0.7607982751853943
BHLHE40,second_tier,regulon_targets,BHLHE40_regulon_targets,kegg,Cytokine-cytokine receptor interaction,221,293,1,0.004524886877828055,0.565240220530323,0.8316415985478337,IL6ST,0.8397949475532047
BHLHE40,second_tier,regulon_targets,BHLHE40_regulon_targets,kegg,Amyotrophic lateral sclerosis,221,348,1,0.004524886877828055,0.4759062776304156,0.8796930242619656,CHMP2B,0.8839842097461703
BHLHE40,second_tier,regulon_targets,BHLHE40_regulon_targets,kegg,Olfactory transduction,221,421,1,0.004524886877828055,0.39338571167549796,0.9230444482457086,PRKG1,0.9230444482457086
SOX2,reserved_lightweight,regulon_targets,SOX2_regulon_targets,kegg,Arachidonic acid metabolism,10,59,1,0.1,62.03559322033899,0.016005301767226036,PTGDS,0.07697286119401042
SOX2,reserved_lightweight,regulon_targets,SOX2_regulon_targets,kegg,Mineral absorption,10,60,1,0.1,61.001666666666665,0.01627457950195122,MT1X,0.07697286119401042
SOX2,reserved_lightweight,regulon_targets,SOX2_regulon_targets,kegg,Arrhythmogenic right ventricular cardiomyopathy,10,77,1,0.1,47.53376623376624,0.020842165451794455,ITGB4,0.07697286119401042
SOX2,reserved_lightweight,regulon_targets,SOX2_regulon_targets,kegg,ECM-receptor interaction,10,88,1,0.1,41.592045454545456,0.02378748202988722,ITGB4,0.07697286119401042
SOX2,reserved_lightweight,regulon_targets,SOX2_regulon_targets,kegg,Gap junction,10,88,1,0.1,41.592045454545456,0.02378748202988722,TUBB2B,0.07697286119401042
SOX2,reserved_lightweight,regulon_targets,SOX2_regulon_targets,kegg,Hypertrophic cardiomyopathy,10,90,1,0.1,40.66777777777778,0.024322136647452416,ITGB4,0.07697286119401042
SOX2,reserved_lightweight,regulon_targets,SOX2_regulon_targets,kegg,Salivary secretion,10,93,1,0.1,39.35591397849463,0.02512362444732946,CST3,0.07697286119401042
SOX2,reserved_lightweight,regulon_targets,SOX2_regulon_targets,kegg,Dilated cardiomyopathy,10,95,1,0.1,38.527368421052635,0.025657620398003473,ITGB4,0.07697286119401042
SOX2,reserved_lightweight,regulon_targets,SOX2_regulon_targets,kegg,Signaling pathways regulating pluripotency of stem cells,10,142,1,0.1,25.775352112676057,0.03813098649750701,SOX2,0.09107140869349047
SOX2,reserved_lightweight,regulon_targets,SOX2_regulon_targets,kegg,Phagosome,10,148,1,0.1,24.73040540540541,0.03971294251024521,TUBB2B,0.09107140869349047
SOX2,reserved_lightweight,regulon_targets,SOX2_regulon_targets,kegg,Hippo signaling pathway,10,161,1,0.1,22.73354037267081,0.04313248362340583,SOX2,0.09107140869349047
SOX2,reserved_lightweight,regulon_targets,SOX2_regulon_targets,kegg,Pathogenic Escherichia coli infection,10,196,1,0.1,18.673979591836737,0.05228453710494314,TUBB2B,0.09107140869349047
SOX2,reserved_lightweight,regulon_targets,SOX2_regulon_targets,kegg,Focal adhesion,10,200,1,0.1,18.3005,0.0533254535341433,ITGB4,0.09107140869349047
SOX2,reserved_lightweight,regulon_targets,SOX2_regulon_targets,kegg,cAMP signaling pathway,10,216,1,0.1,16.944907407407406,0.05747883761389834,SOX9,0.09107140869349047
SOX2,reserved_lightweight,regulon_targets,SOX2_regulon_targets,kegg,Regulation of actin cytoskeleton,10,217,1,0.1,16.866820276497695,0.05773787874688884,ITGB4,0.09107140869349047
SOX2,reserved_lightweight,regulon_targets,SOX2_regulon_targets,kegg,Parkinson disease,10,235,1,0.1,15.574893617021278,0.062389675650481445,TUBB2B,0.09107140869349047
SOX2,reserved_lightweight,regulon_targets,SOX2_regulon_targets,kegg,Salmonella infection,10,249,1,0.1,14.699196787148594,0.06599343921446035,TUBB2B,0.09107140869349047
SOX2,reserved_lightweight,regulon_targets,SOX2_regulon_targets,kegg,Prion disease,10,258,1,0.1,14.186434108527132,0.06830355652011785,TUBB2B,0.09107140869349047
SOX2,reserved_lightweight,regulon_targets,SOX2_regulon_targets,kegg,Huntington disease,10,291,1,0.1,12.57766323024055,0.07673005757444555,TUBB2B,0.09639276734613064
SOX2,reserved_lightweight,regulon_targets,SOX2_regulon_targets,kegg,Human papillomavirus infection,10,330,1,0.1,11.091212121212122,0.08660017809084371,ITGB4,0.09639276734613064
SOX2,reserved_lightweight,regulon_targets,SOX2_regulon_targets,kegg,Amyotrophic lateral sclerosis,10,348,1,0.1,10.517528735632185,0.09112350529357341,TUBB2B,0.09639276734613064
SOX2,reserved_lightweight,regulon_targets,SOX2_regulon_targets,kegg,PI3K-Akt signaling pathway,10,351,1,0.1,10.427635327635329,0.09187542999359156,ITGB4,0.09639276734613064
SOX2,reserved_lightweight,regulon_targets,SOX2_regulon_targets,kegg,Alzheimer disease,10,353,1,0.1,10.368555240793201,0.09237640204004186,TUBB2B,0.09639276734613064
SOX2,reserved_lightweight,regulon_targets,SOX2_regulon_targets,kegg,Pathways of neurodegeneration,10,458,1,0.1,7.991484716157205,0.1183307422586625,TUBB2B,0.11833074225866251
