compound,normalized_compound_name,associated_axis,axis_assignment_score,axis_assignment_margin,axis_counts,supporting_query_sets,support_count,support_count_main_axes,main_supporting_gene_set,main_supporting_gene_set_score,best_adjusted_p,best_combined_score,best_rank,best_term,best_library,indicative_mechanism,indicative_drug_class,mechanism_interpretability_score,translational_caution_category,translational_suitability_score,include_in_main_axis_pool,note,enrichment_support_score,cross_signature_score,axis_relevance_score,axis_assignment_confidence_score,final_score_prebbb,main_table_exclusion_reason,main_table_eligible,weak_fdr_retained_reason,final_priority_tier,BBB_layer,BBB_score,BBB_note,translational_interpretation,tool_compound_like,broad_epigenetic_modulator_like,weak_fdr_manual_review,low_cns_epilepsy_relevance,axis_preference,notes,was_v2_top_priority_clue,weighted_pre_penalty_score_v21,v21_component_enrichment_support_score,v21_component_cross_signature_score,v21_component_axis_relevance_score,v21_component_mechanism_interpretability_score,v21_component_translational_suitability_score,v21_component_axis_assignment_confidence_score,weak_fdr_penalty_value,single_signature_penalty_value,tool_compound_penalty_value,low_cns_epilepsy_relevance_penalty_value,total_penalty_v21,final_score_v21,v21_penalty_reasons,lead_layer_v21,v21_evidence_tier,v21_layer_reason
VALPROIC ACID,VALPROIC ACID,NFE2L2,0.8946882701719567,0.6097889110329164,NFE2L2:2;THRB:1;BHLHE40:1,BHLHE40_supplement_program;NFE2L2_core_program;NFE2L2_regulon_targets;THRB_core_program,4,3,NFE2L2_regulon_targets,0.6031417390724305,6.386993114410929e-42,420.8450474556488,1,VALPROIC ACID CTD 00006977,DSigDB,epigenetic/hdac,epigenetic/hdac,1.0,cns_or_neuroactive_known_drug,0.95,True,v2 自动聚合注释；仅代表 program-guided exploratory clue，不代表治疗推荐。,0.8015824342408494,1.0,1.0,1.0,0.9334747302722548,,True,,high_priority_prebbb,pending_manual_swissadme,,v2 pre-BBB 阶段不使用启发式 BBB；等待 SwissADME 手工复核。,围绕 NFE2L2 lesion-associated transcriptional/stress-adaptation program 的探索性候选线索，不解释为直接抑制或激活 NFE2L2。,False,False,False,False,NFE2L2,已知 CNS/抗癫痫相关药物背景；不按 pan-HDAC 工具化合物处理。,True,0.9473164868481698,0.1603164868481699,0.18,0.16,0.08,0.247,0.12,0.0,0.0,0.0,0.0,0.0,0.9473164868481698,none,primary_mechanism_direction_clues,primary_prebbb,NFE2L2 strict-FDR、多集合/清晰轴线支持，且未被工具化合物或低转化语境标签排除。
lobeline,lobeline,NFE2L2,0.6444511498605574,0.4952988585697161,NFE2L2:2;BHLHE40:1,BHLHE40_supplement_program;NFE2L2_core_program;NFE2L2_regulon_targets,3,2,NFE2L2_core_program,0.3220106679050101,2.3049767766116253e-16,188.88506668897176,6,lobeline HL60 DOWN,DSigDB,未自动识别；需人工核实,unknown,0.3,cns_or_neuroactive_known_drug,0.95,True,v2 自动聚合注释；仅代表 program-guided exploratory clue，不代表治疗推荐。,0.3091768368633452,1.0,1.0,0.9952988585697162,0.6873769597445809,,True,,medium_priority_prebbb,pending_manual_swissadme,,v2 pre-BBB 阶段不使用启发式 BBB；等待 SwissADME 手工复核。,围绕 NFE2L2 lesion-associated transcriptional/stress-adaptation program 的探索性候选线索，不解释为直接抑制或激活 NFE2L2。,False,False,False,False,NFE2L2,auto_v21_default,True,0.792271230401035,0.06183536737266904,0.18,0.16,0.024,0.247,0.11943586302836594,0.0,0.0,0.0,0.0,0.0,0.792271230401035,none,primary_mechanism_direction_clues,primary_prebbb,NFE2L2 strict-FDR、多集合/清晰轴线支持，且未被工具化合物或低转化语境标签排除。
(-)-Epigallocatechin gallate,(-)-Epigallocatechin gallate,NFE2L2,0.6308076315334321,0.4766691708989584,NFE2L2:2;BHLHE40:1,BHLHE40_supplement_program;NFE2L2_core_program;NFE2L2_regulon_targets,3,2,NFE2L2_regulon_targets,0.3290083050987076,5.327429586692158e-17,130.04092862558915,7,(-)-Epigallocatechin gallate CTD 00002033,DSigDB,redox/stress-adaptation,redox/stress-adaptation,1.0,mechanistically_interpretable_modulator,0.75,True,v2 自动聚合注释；仅代表 program-guided exploratory clue，不代表治疗推荐。,0.2895513676097324,1.0,1.0,0.9766691708989584,0.7499989439548364,,True,,high_priority_prebbb,pending_manual_swissadme,,v2 pre-BBB 阶段不使用启发式 BBB；等待 SwissADME 手工复核。,围绕 NFE2L2 lesion-associated transcriptional/stress-adaptation program 的探索性候选线索，不解释为直接抑制或激活 NFE2L2。,False,False,False,False,NFE2L2,auto_v21_default,True,0.7901105740298215,0.05791027352194648,0.18,0.16,0.08,0.195,0.11720030050787501,0.0,0.0,0.0,0.0,0.0,0.7901105740298215,none,primary_mechanism_direction_clues,primary_prebbb,NFE2L2 strict-FDR、多集合/清晰轴线支持，且未被工具化合物或低转化语境标签排除。
quercetin,quercetin,NFE2L2,0.3287718205533281,0.1390922396444607,NFE2L2:1;BHLHE40:1,BHLHE40_supplement_program;NFE2L2_core_program,2,1,NFE2L2_core_program,0.1119852195201732,7.351214134185998e-08,74.27742463572997,4,quercetin CTD 00006679,DSigDB,redox/stress-adaptation,redox/stress-adaptation,1.0,mechanistically_interpretable_modulator,0.75,True,v2 自动聚合注释；仅代表 program-guided exploratory clue，不代表治疗推荐。,0.1268724056978705,1.0,1.0,0.6390922396444607,0.674189100880918,,True,,medium_priority_prebbb,pending_manual_swissadme,,v2 pre-BBB 阶段不使用启发式 BBB；等待 SwissADME 手工复核。,围绕 NFE2L2 lesion-associated transcriptional/stress-adaptation program 的探索性候选线索，不解释为直接抑制或激活 NFE2L2。,False,False,False,False,NFE2L2,auto_v21_default,True,0.7170655498969094,0.025374481139574103,0.18,0.16,0.08,0.195,0.07669106875733528,0.0,0.0,0.0,0.0,0.0,0.7170655498969094,none,primary_mechanism_direction_clues,primary_prebbb,NFE2L2 strict-FDR、多集合/清晰轴线支持，且未被工具化合物或低转化语境标签排除。
scopolamine,scopolamine,NFE2L2,0.5424459279973791,0.5424459279973791,NFE2L2:2,NFE2L2_core_program;NFE2L2_regulon_targets,2,2,NFE2L2_regulon_targets,0.2185768004980337,5.831031791707027e-07,71.22752044955853,49,scopolamine PC3 DOWN,DSigDB,未自动识别；需人工核实,unknown,0.3,cns_or_neuroactive_known_drug,0.95,True,v2 自动聚合注释；仅代表 program-guided exploratory clue，不代表治疗推荐。,0.112066919625664,1.0,1.0,1.0,0.6286200758876991,,True,,medium_priority_prebbb,pending_manual_swissadme,,v2 pre-BBB 阶段不使用启发式 BBB；等待 SwissADME 手工复核。,围绕 NFE2L2 lesion-associated transcriptional/stress-adaptation program 的探索性候选线索，不解释为直接抑制或激活 NFE2L2。,False,False,False,False,NFE2L2,auto_v21_default,False,0.7534133839251328,0.0224133839251328,0.18,0.16,0.024,0.247,0.12,0.0,0.0,0.0,0.0,0.0,0.7534133839251328,none,retained_full_list,supplementary,保留在 supplementary/retained full list；未达到 v2.1 primary 或 supportive 门槛。
gabapentin,gabapentin,THRB,0.5805327727430847,0.5805327727430847,THRB:2,THRB_core_program;THRB_regulon_targets,2,2,THRB_core_program,0.1589990391098136,0.1520216827430066,318.3547328251434,11,gabapentin,DSigDB,calcium/synaptic,calcium/synaptic,1.0,cns_or_neuroactive_known_drug,0.95,True,v2 自动聚合注释；仅代表 program-guided exploratory clue，不代表治疗推荐。,0.153899985259403,1.0,1.0,1.0,0.7391699955778209,,True,THRB gene set 较小；FDR 较弱但具轴线/机制支持，保留为 manual_review_weak_fdr。,manual_review_weak_fdr,pending_manual_swissadme,,v2 pre-BBB 阶段不使用启发式 BBB；等待 SwissADME 手工复核。,围绕 THRB internal_control-associated synaptic/calcium/homeostatic-supportive program 的探索性候选线索，不解释为直接激动 THRB 即治疗。,False,False,True,False,THRB,THRB weak-FDR 或弱 FDR 手工复核候选。,False,0.8177799970518805,0.0307799970518806,0.18,0.16,0.08,0.247,0.12,0.12,0.0,0.0,0.0,0.12,0.6977799970518805,weak_fdr,retained_full_list,supplementary,保留在 supplementary/retained full list；未达到 v2.1 primary 或 supportive 门槛。
Pregabalin,Pregabalin,THRB,0.575331275388623,0.575331275388623,THRB:2,THRB_core_program;THRB_regulon_targets,2,2,THRB_core_program,0.1589990391098136,0.1520216827430066,301.441152263015,16,Pregabalin,DSigDB,calcium/synaptic,calcium/synaptic,1.0,cns_or_neuroactive_known_drug,0.95,True,v2 自动聚合注释；仅代表 program-guided exploratory clue，不代表治疗推荐。,0.1455549573638931,1.0,1.0,1.0,0.7366664872091679,,True,THRB gene set 较小；FDR 较弱但具轴线/机制支持，保留为 manual_review_weak_fdr。,manual_review_weak_fdr,pending_manual_swissadme,,v2 pre-BBB 阶段不使用启发式 BBB；等待 SwissADME 手工复核。,围绕 THRB internal_control-associated synaptic/calcium/homeostatic-supportive program 的探索性候选线索，不解释为直接激动 THRB 即治疗。,False,False,True,False,THRB,THRB weak-FDR 或弱 FDR 手工复核候选。,False,0.8161109914727785,0.02911099147277862,0.18,0.16,0.08,0.247,0.12,0.12,0.0,0.0,0.0,0.12,0.6961109914727786,weak_fdr,retained_full_list,supplementary,保留在 supplementary/retained full list；未达到 v2.1 primary 或 supportive 门槛。
rolipram,rolipram,THRB,0.575331275388623,0.575331275388623,THRB:2,THRB_core_program;THRB_regulon_targets,2,2,THRB_core_program,0.1589990391098136,0.1520216827430066,301.441152263015,15,rolipram BOSS,DSigDB,phosphodiesterase/cAMP,phosphodiesterase/cAMP,1.0,mechanistically_interpretable_modulator,0.75,True,v2 自动聚合注释；仅代表 program-guided exploratory clue，不代表治疗推荐。,0.1455549573638931,1.0,1.0,1.0,0.7086664872091679,,True,THRB gene set 较小；FDR 较弱但具轴线/机制支持，保留为 manual_review_weak_fdr。,manual_review_weak_fdr,pending_manual_swissadme,,v2 pre-BBB 阶段不使用启发式 BBB；等待 SwissADME 手工复核。,围绕 THRB internal_control-associated synaptic/calcium/homeostatic-supportive program 的探索性候选线索，不解释为直接激动 THRB 即治疗。,False,False,True,False,THRB,THRB weak-FDR 或弱 FDR 手工复核候选。,False,0.7641109914727786,0.02911099147277862,0.18,0.16,0.08,0.195,0.12,0.12,0.0,0.0,0.0,0.12,0.6441109914727786,weak_fdr,retained_full_list,supplementary,保留在 supplementary/retained full list；未达到 v2.1 primary 或 supportive 门槛。
pentoxifylline,pentoxifylline,THRB,0.5552799813714276,0.5552799813714276,THRB:2,THRB_core_program;THRB_regulon_targets,2,2,THRB_core_program,0.1589231065675257,0.1544573195618987,236.3979776770167,19,pentoxifylline,DSigDB,phosphodiesterase/cAMP,phosphodiesterase/cAMP,1.0,mechanistically_interpretable_modulator,0.75,True,v2 自动聚合注释；仅代表 program-guided exploratory clue，不代表治疗推荐。,0.1133610802804777,1.0,1.0,1.0,0.6990083240841433,,True,THRB gene set 较小；FDR 较弱但具轴线/机制支持，保留为 manual_review_weak_fdr。,manual_review_weak_fdr,pending_manual_swissadme,,v2 pre-BBB 阶段不使用启发式 BBB；等待 SwissADME 手工复核。,围绕 THRB internal_control-associated synaptic/calcium/homeostatic-supportive program 的探索性候选线索，不解释为直接激动 THRB 即治疗。,False,False,True,False,THRB,THRB weak-FDR 或弱 FDR 手工复核候选。,False,0.7576722160560956,0.02267221605609554,0.18,0.16,0.08,0.195,0.12,0.12,0.0,0.0,0.0,0.12,0.6376722160560956,weak_fdr,retained_full_list,supplementary,保留在 supplementary/retained full list；未达到 v2.1 primary 或 supportive 门槛。
MEMANTINE HYDROCHLORIDE,MEMANTINE HYDROCHLORIDE,THRB,0.5586355187615374,0.5586355187615374,THRB:2,THRB_core_program;THRB_regulon_targets,2,2,THRB_core_program,0.1589231065675257,0.1544573195618987,247.30909578576168,18,MEMANTINE HYDROCHLORIDE BOSS,DSigDB,未自动识别；需人工核实,unknown,0.3,cns_or_neuroactive_known_drug,0.95,True,v2 自动聚合注释；仅代表 program-guided exploratory clue，不代表治疗推荐。,0.1187445403145145,1.0,1.0,1.0,0.6306233620943543,,True,THRB gene set 较小；FDR 较弱但具轴线/机制支持，保留为 manual_review_weak_fdr。,manual_review_weak_fdr,pending_manual_swissadme,,v2 pre-BBB 阶段不使用启发式 BBB；等待 SwissADME 手工复核。,围绕 THRB internal_control-associated synaptic/calcium/homeostatic-supportive program 的探索性候选线索，不解释为直接激动 THRB 即治疗。,False,False,True,False,THRB,THRB weak-FDR 或弱 FDR 手工复核候选。,False,0.754748908062903,0.0237489080629029,0.18,0.16,0.024,0.247,0.12,0.12,0.0,0.0,0.0,0.12,0.634748908062903,weak_fdr,retained_full_list,supplementary,保留在 supplementary/retained full list；未达到 v2.1 primary 或 supportive 门槛。
nifedipine,nifedipine,THRB,0.5219778746119514,0.5219778746119514,THRB:2,THRB_core_program;THRB_regulon_targets,2,2,THRB_core_program,0.1579531900974611,0.1892268319389974,130.1173367501014,24,nifedipine TTD 00009669,DSigDB,calcium/synaptic,calcium/synaptic,1.0,mechanistically_interpretable_modulator,0.75,True,v2 自动聚合注释；仅代表 program-guided exploratory clue，不代表治疗推荐。,0.0596190706934628,1.0,1.0,1.0,0.6828857212080388,,True,THRB gene set 较小；FDR 较弱但具轴线/机制支持，保留为 manual_review_weak_fdr。,manual_review_weak_fdr,pending_manual_swissadme,,v2 pre-BBB 阶段不使用启发式 BBB；等待 SwissADME 手工复核。,围绕 THRB internal_control-associated synaptic/calcium/homeostatic-supportive program 的探索性候选线索，不解释为直接激动 THRB 即治疗。,False,False,True,False,THRB,THRB weak-FDR 或弱 FDR 手工复核候选。,False,0.7469238141386926,0.01192381413869256,0.18,0.16,0.08,0.195,0.12,0.12,0.0,0.0,0.0,0.12,0.6269238141386926,weak_fdr,retained_full_list,supplementary,保留在 supplementary/retained full list；未达到 v2.1 primary 或 supportive 门槛。
dipyridamole,dipyridamole,THRB,0.5052586774879089,0.5052586774879089,THRB:2,THRB_core_program;THRB_regulon_targets,2,2,THRB_core_program,0.1576989929327775,0.1995682971117345,76.2779330882361,33,dipyridamole,DSigDB,phosphodiesterase/cAMP,phosphodiesterase/cAMP,1.0,mechanistically_interpretable_modulator,0.75,True,v2 自动聚合注释；仅代表 program-guided exploratory clue，不代表治疗推荐。,0.0327133836408598,1.0,1.0,1.0,0.6748140150922579,,True,THRB gene set 较小；FDR 较弱但具轴线/机制支持，保留为 manual_review_weak_fdr。,manual_review_weak_fdr,pending_manual_swissadme,,v2 pre-BBB 阶段不使用启发式 BBB；等待 SwissADME 手工复核。,围绕 THRB internal_control-associated synaptic/calcium/homeostatic-supportive program 的探索性候选线索，不解释为直接激动 THRB 即治疗。,False,False,True,False,THRB,THRB weak-FDR 或弱 FDR 手工复核候选。,False,0.741542676728172,0.006542676728171961,0.18,0.16,0.08,0.195,0.12,0.12,0.0,0.0,0.0,0.12,0.621542676728172,weak_fdr,retained_full_list,supplementary,保留在 supplementary/retained full list；未达到 v2.1 primary 或 supportive 门槛。
Retinoic acid,Retinoic acid,NFE2L2,0.607688547995051,0.4179435048444733,NFE2L2:2;BHLHE40:1,BHLHE40_supplement_program;NFE2L2_core_program;NFE2L2_regulon_targets,3,2,NFE2L2_regulon_targets,0.3103048371278322,2.671978679034571e-15,93.56728768915856,12,Retinoic acid CTD 00006918,DSigDB,thyroid/hormone,thyroid/hormone,0.65,requires_manual_translational_review,0.45,True,v2 自动聚合注释；仅代表 program-guided exploratory clue，不代表治疗推荐。,0.2464102344723857,1.0,1.0,0.9179435048444732,0.6413585507292736,,True,,medium_priority_prebbb,pending_manual_swissadme,,v2 pre-BBB 阶段不使用启发式 BBB；等待 SwissADME 手工复核。,围绕 NFE2L2 lesion-associated transcriptional/stress-adaptation program 的探索性候选线索，不解释为直接抑制或激活 NFE2L2。,False,False,False,True,NFE2L2,CNS/epilepsy 转化语境不足或需人工核查。,False,0.6684352674758139,0.04928204689447714,0.18,0.16,0.052000000000000005,0.117,0.11015322058133678,0.0,0.0,0.0,0.18,0.18,0.48843526747581395,low_cns_epilepsy_relevance,retained_full_list,supplementary,保留在 supplementary/retained full list；未达到 v2.1 primary 或 supportive 门槛。
METHYL METHANESULFONATE,METHYL METHANESULFONATE,NFE2L2,0.5382521693624777,0.5382521693624777,NFE2L2:2,NFE2L2_core_program;NFE2L2_regulon_targets,2,2,NFE2L2_regulon_targets,0.2273280018504613,9.336447295725728e-08,39.48237373024344,38,METHYL METHANESULFONATE CTD 00006307,DSigDB,未自动识别；需人工核实,unknown,0.3,requires_manual_translational_review,0.45,True,v2 自动聚合注释；仅代表 program-guided exploratory clue，不代表治疗推荐。,0.1081694075323322,1.0,1.0,1.0,0.5574508222596997,,True,,medium_priority_prebbb,pending_manual_swissadme,,v2 pre-BBB 阶段不使用启发式 BBB；等待 SwissADME 手工复核。,围绕 NFE2L2 lesion-associated transcriptional/stress-adaptation program 的探索性候选线索，不解释为直接抑制或激活 NFE2L2。,False,False,False,True,NFE2L2,CNS/epilepsy 转化语境不足或需人工核查。,False,0.6226338815064665,0.021633881506466442,0.18,0.16,0.024,0.117,0.12,0.0,0.0,0.0,0.18,0.18,0.4426338815064665,low_cns_epilepsy_relevance,retained_full_list,supplementary,保留在 supplementary/retained full list；未达到 v2.1 primary 或 supportive 门槛。
hydrogen peroxide,hydrogen peroxide,NFE2L2,0.5330165830648812,0.5330165830648812,NFE2L2:2,NFE2L2_core_program;NFE2L2_regulon_targets,2,2,NFE2L2_regulon_targets,0.2199782423822768,4.3485212992669364e-07,37.66642155417259,48,hydrogen peroxide CTD 00006118,DSigDB,未自动识别；需人工核实,unknown,0.3,requires_manual_translational_review,0.45,True,v2 自动聚合注释；仅代表 program-guided exploratory clue，不代表治疗推荐。,0.0973922639901965,1.0,1.0,1.0,0.5542176791970589,,True,,medium_priority_prebbb,pending_manual_swissadme,,v2 pre-BBB 阶段不使用启发式 BBB；等待 SwissADME 手工复核。,围绕 NFE2L2 lesion-associated transcriptional/stress-adaptation program 的探索性候选线索，不解释为直接抑制或激活 NFE2L2。,False,False,False,True,NFE2L2,CNS/epilepsy 转化语境不足或需人工核查。,False,0.6204784527980394,0.0194784527980393,0.18,0.16,0.024,0.117,0.12,0.0,0.0,0.0,0.18,0.18,0.4404784527980394,low_cns_epilepsy_relevance,retained_full_list,supplementary,保留在 supplementary/retained full list；未达到 v2.1 primary 或 supportive 门槛。
resveratrol,resveratrol,BHLHE40,0.1453747560033708,0.1453747560033708,BHLHE40:1,BHLHE40_supplement_program,1,0,BHLHE40_supplement_program,0.1807831752255776,0.0015904848071954,28.88848632083977,30,resveratrol CTD 00002483,DSigDB,redox/stress-adaptation,redox/stress-adaptation,1.0,mechanistically_interpretable_modulator,0.75,False,v2 自动聚合注释；仅代表 program-guided exploratory clue，不代表治疗推荐。,0.0403666494981688,0.5,0.35,0.6453747560033709,0.4517399753297203,,False,,low_priority_retained,pending_manual_swissadme,,v2 pre-BBB 阶段不使用启发式 BBB；等待 SwissADME 手工复核。,BHLHE40 仅作为补充轴线索，不进入主文主药物推荐。,False,False,False,False,supplementary,auto_v21_default,False,0.5065183006200382,0.00807332989963376,0.09,0.055999999999999994,0.08,0.195,0.0774449707204045,0.0,0.1,0.0,0.0,0.1,0.40651830062003824,single_signature,retained_full_list,supplementary,保留在 supplementary/retained full list；未达到 v2.1 primary 或 supportive 门槛。
cyclosporin A,cyclosporin A,NFE2L2,0.3365140167833651,0.1675799195220783,NFE2L2:1;BHLHE40:1,BHLHE40_supplement_program;NFE2L2_regulon_targets,2,1,NFE2L2_regulon_targets,0.1257294656641774,1.3046773458148909e-07,37.13823358402146,42,cyclosporin A CTD 00007121,DSigDB,未自动识别；需人工核实,unknown,0.3,requires_manual_translational_review,0.45,True,v2 自动聚合注释；仅代表 program-guided exploratory clue，不代表治疗推荐。,0.1048637224312324,1.0,1.0,0.6675799195220784,0.5298655102911359,,True,,medium_priority_prebbb,pending_manual_swissadme,,v2 pre-BBB 阶段不使用启发式 BBB；等待 SwissADME 手工复核。,围绕 NFE2L2 lesion-associated transcriptional/stress-adaptation program 的探索性候选线索，不解释为直接抑制或激活 NFE2L2。,False,False,False,True,NFE2L2,CNS/epilepsy 转化语境不足或需人工核查。,False,0.5820823348288959,0.020972744486246482,0.18,0.16,0.024,0.117,0.0801095903426494,0.0,0.0,0.0,0.18,0.18,0.40208233482889594,low_cns_epilepsy_relevance,retained_full_list,supplementary,保留在 supplementary/retained full list；未达到 v2.1 primary 或 supportive 门槛。
DL-Glutamic acid,DL-Glutamic acid,THRB,0.6864215097399661,0.6864215097399661,THRB:2,THRB_core_program;THRB_regulon_targets,2,2,THRB_core_program,0.1589990391098136,0.1520216827430066,662.6705253310397,6,DL-Glutamic acid TTD 00007645,DSigDB,未自动识别；需人工核实,unknown,0.3,requires_manual_translational_review,0.45,True,v2 自动聚合注释；仅代表 program-guided exploratory clue，不代表治疗推荐。,0.3237826947644516,1.0,1.0,1.0,0.6221348084293354,,True,THRB gene set 较小；FDR 较弱但具轴线/机制支持，保留为 manual_review_weak_fdr。,manual_review_weak_fdr,pending_manual_swissadme,,v2 pre-BBB 阶段不使用启发式 BBB；等待 SwissADME 手工复核。,围绕 THRB internal_control-associated synaptic/calcium/homeostatic-supportive program 的探索性候选线索，不解释为直接激动 THRB 即治疗。,False,False,True,True,THRB,THRB weak-FDR 或弱 FDR 手工复核候选。 CNS/epilepsy 转化语境不足或需人工核查。,False,0.6657565389528903,0.06475653895289032,0.18,0.16,0.024,0.117,0.12,0.12,0.0,0.0,0.18,0.3,0.36575653895289034,weak_fdr;low_cns_epilepsy_relevance,retained_full_list,supplementary,保留在 supplementary/retained full list；未达到 v2.1 primary 或 supportive 门槛。
irinotecan,irinotecan,NFE2L2,0.9486306701019732,0.8038741070683717,NFE2L2:2;BHLHE40:1,BHLHE40_supplement_program;NFE2L2_core_program;NFE2L2_regulon_targets,3,2,NFE2L2_regulon_targets,0.6342822512664014,3.3097511323192323e-40,635.2731739728277,2,irinotecan PC3 DOWN,DSigDB,broad_cytotoxic/topoisomerase,broad_cytotoxic/topoisomerase,0.65,oncology_or_broad_cytotoxic_caution,0.15,True,v2 自动聚合注释；仅代表 program-guided exploratory clue，不代表治疗推荐。,0.8820245075914801,1.0,1.0,1.0,0.796607352277444,因毒性/广谱细胞毒性/滥用风险/工具化合物属性，仅保留在补充表，不进入 pre-BBB 主表。,False,,mechanistic_reference_only_excluded_from_main,pending_manual_swissadme,,v2 pre-BBB 阶段不使用启发式 BBB；等待 SwissADME 手工复核。,围绕 NFE2L2 lesion-associated transcriptional/stress-adaptation program 的探索性候选线索，不解释为直接抑制或激活 NFE2L2。,True,False,False,True,NFE2L2,工具化合物/高风险或需人工复核类别。 CNS/epilepsy 转化语境不足或需人工核查。,False,0.7274049015182961,0.17640490151829602,0.18,0.16,0.052000000000000005,0.039,0.12,0.0,0.0,0.2,0.18,0.38,0.34740490151829606,tool_or_broad_epigenetic;low_cns_epilepsy_relevance,retained_full_list,supplementary,保留在 supplementary/retained full list；未达到 v2.1 primary 或 supportive 门槛。
1-Methyl-5-(3-pyridinyl)-2-pyrrolidinone,1-Methyl-5-(3-pyridinyl)-2-pyrrolidinone,THRB,0.616694409794415,0.616694409794415,THRB:2,THRB_core_program;THRB_regulon_targets,2,2,THRB_core_program,0.1589990391098136,0.1520216827430066,435.94063546940737,10,1-Methyl-5-(3-pyridinyl)-2-pyrrolidinone CTD 00005713,DSigDB,未自动识别；需人工核实,unknown,0.3,requires_manual_translational_review,0.45,True,v2 自动聚合注释；仅代表 program-guided exploratory clue，不代表治疗推荐。,0.2119159466982393,1.0,1.0,1.0,0.5885747840094717,,True,THRB gene set 较小；FDR 较弱但具轴线/机制支持，保留为 manual_review_weak_fdr。,manual_review_weak_fdr,pending_manual_swissadme,,v2 pre-BBB 阶段不使用启发式 BBB；等待 SwissADME 手工复核。,围绕 THRB internal_control-associated synaptic/calcium/homeostatic-supportive program 的探索性候选线索，不解释为直接激动 THRB 即治疗。,False,False,True,True,THRB,THRB weak-FDR 或弱 FDR 手工复核候选。 CNS/epilepsy 转化语境不足或需人工核查。,False,0.6433831893396479,0.04238318933964786,0.18,0.16,0.024,0.117,0.12,0.12,0.0,0.0,0.18,0.3,0.3433831893396479,weak_fdr;low_cns_epilepsy_relevance,retained_full_list,supplementary,保留在 supplementary/retained full list；未达到 v2.1 primary 或 supportive 门槛。
inositol 1-phosphate,inositol 1-phosphate,THRB,0.575331275388623,0.575331275388623,THRB:2,THRB_core_program;THRB_regulon_targets,2,2,THRB_core_program,0.1589990391098136,0.1520216827430066,301.441152263015,14,inositol 1-phosphate BOSS,DSigDB,未自动识别；需人工核实,unknown,0.3,requires_manual_translational_review,0.45,True,v2 自动聚合注释；仅代表 program-guided exploratory clue，不代表治疗推荐。,0.1455549573638931,1.0,1.0,1.0,0.5686664872091679,,True,THRB gene set 较小；FDR 较弱但具轴线/机制支持，保留为 manual_review_weak_fdr。,manual_review_weak_fdr,pending_manual_swissadme,,v2 pre-BBB 阶段不使用启发式 BBB；等待 SwissADME 手工复核。,围绕 THRB internal_control-associated synaptic/calcium/homeostatic-supportive program 的探索性候选线索，不解释为直接激动 THRB 即治疗。,False,False,True,True,THRB,THRB weak-FDR 或弱 FDR 手工复核候选。 CNS/epilepsy 转化语境不足或需人工核查。,False,0.6301109914727786,0.02911099147277862,0.18,0.16,0.024,0.117,0.12,0.12,0.0,0.0,0.18,0.3,0.3301109914727786,weak_fdr;low_cns_epilepsy_relevance,retained_full_list,supplementary,保留在 supplementary/retained full list；未达到 v2.1 primary 或 supportive 门槛。
(+)-MK-801 hydrogen maleate,(+)-MK-801 hydrogen maleate,THRB,0.5150820702857148,0.5150820702857148,THRB:2,THRB_core_program;THRB_regulon_targets,2,2,THRB_core_program,0.1577554643413132,0.1972231028562379,108.10356363888964,27,(+)-MK-801 hydrogen maleate BOSS,DSigDB,未自动识别；需人工核实,unknown,0.3,requires_manual_translational_review,0.45,True,v2 自动聚合注释；仅代表 program-guided exploratory clue，不代表治疗推荐。,0.0484918212737146,1.0,1.0,1.0,0.5395475463821143,,True,THRB gene set 较小；FDR 较弱但具轴线/机制支持，保留为 manual_review_weak_fdr。,manual_review_weak_fdr,pending_manual_swissadme,,v2 pre-BBB 阶段不使用启发式 BBB；等待 SwissADME 手工复核。,围绕 THRB internal_control-associated synaptic/calcium/homeostatic-supportive program 的探索性候选线索，不解释为直接激动 THRB 即治疗。,False,False,True,True,THRB,THRB weak-FDR 或弱 FDR 手工复核候选。 CNS/epilepsy 转化语境不足或需人工核查。,False,0.6106983642547429,0.00969836425474292,0.18,0.16,0.024,0.117,0.12,0.12,0.0,0.0,0.18,0.3,0.3106983642547429,weak_fdr;low_cns_epilepsy_relevance,retained_full_list,supplementary,保留在 supplementary/retained full list；未达到 v2.1 primary 或 supportive 门槛。
kainic acid,kainic acid,THRB,0.5024185571060911,0.5024185571060911,THRB:2,THRB_core_program;THRB_regulon_targets,2,2,THRB_core_program,0.1576989929327775,0.1995682971117345,67.04278374363157,37,kainic acid BOSS,DSigDB,未自动识别；需人工核实,unknown,0.3,requires_manual_translational_review,0.45,True,v2 自动聚合注释；仅代表 program-guided exploratory clue，不代表治疗推荐。,0.0281568334404552,1.0,1.0,1.0,0.5334470500321365,,True,THRB gene set 较小；FDR 较弱但具轴线/机制支持，保留为 manual_review_weak_fdr。,manual_review_weak_fdr,pending_manual_swissadme,,v2 pre-BBB 阶段不使用启发式 BBB；等待 SwissADME 手工复核。,围绕 THRB internal_control-associated synaptic/calcium/homeostatic-supportive program 的探索性候选线索，不解释为直接激动 THRB 即治疗。,False,False,True,True,THRB,THRB weak-FDR 或弱 FDR 手工复核候选。 CNS/epilepsy 转化语境不足或需人工核查。,False,0.606631366688091,0.00563136668809104,0.18,0.16,0.024,0.117,0.12,0.12,0.0,0.0,0.18,0.3,0.30663136668809104,weak_fdr;low_cns_epilepsy_relevance,retained_full_list,supplementary,保留在 supplementary/retained full list；未达到 v2.1 primary 或 supportive 门槛。
2'-Deoxy cyclic AMP,2'-Deoxy cyclic AMP,THRB,0.5006950461591909,0.5006950461591909,THRB:2,THRB_core_program;THRB_regulon_targets,2,2,THRB_core_program,0.1576467770165661,0.2017615720214794,61.54653341446361,40,2'-Deoxy cyclic AMP BOSS,DSigDB,未自动识别；需人工核实,unknown,0.3,requires_manual_translational_review,0.45,True,v2 自动聚合注释；仅代表 program-guided exploratory clue，不代表治疗推荐。,0.0253748265218388,1.0,1.0,1.0,0.5326124479565516,,True,THRB gene set 较小；FDR 较弱但具轴线/机制支持，保留为 manual_review_weak_fdr。,manual_review_weak_fdr,pending_manual_swissadme,,v2 pre-BBB 阶段不使用启发式 BBB；等待 SwissADME 手工复核。,围绕 THRB internal_control-associated synaptic/calcium/homeostatic-supportive program 的探索性候选线索，不解释为直接激动 THRB 即治疗。,False,False,True,True,THRB,THRB weak-FDR 或弱 FDR 手工复核候选。 CNS/epilepsy 转化语境不足或需人工核查。,False,0.6060749653043678,0.005074965304367761,0.18,0.16,0.024,0.117,0.12,0.12,0.0,0.0,0.18,0.3,0.3060749653043678,weak_fdr;low_cns_epilepsy_relevance,retained_full_list,supplementary,保留在 supplementary/retained full list；未达到 v2.1 primary 或 supportive 门槛。
camptothecin,camptothecin,NFE2L2,0.7228489833855325,0.7228489833855325,NFE2L2:2,NFE2L2_core_program;NFE2L2_regulon_targets,2,2,NFE2L2_regulon_targets,0.4652669682990082,7.6704538927717135e-25,250.83896042359143,5,camptothecin PC3 DOWN,DSigDB,broad_cytotoxic/topoisomerase,broad_cytotoxic/topoisomerase,0.65,oncology_or_broad_cytotoxic_caution,0.15,True,v2 自动聚合注释；仅代表 program-guided exploratory clue，不代表治疗推荐。,0.4651200798635162,1.0,1.0,1.0,0.6715360239590549,因毒性/广谱细胞毒性/滥用风险/工具化合物属性，仅保留在补充表，不进入 pre-BBB 主表。,False,,mechanistic_reference_only_excluded_from_main,pending_manual_swissadme,,v2 pre-BBB 阶段不使用启发式 BBB；等待 SwissADME 手工复核。,围绕 NFE2L2 lesion-associated transcriptional/stress-adaptation program 的探索性候选线索，不解释为直接抑制或激活 NFE2L2。,True,False,False,True,NFE2L2,工具化合物/高风险或需人工复核类别。 CNS/epilepsy 转化语境不足或需人工核查。,False,0.6440240159727032,0.09302401597270325,0.18,0.16,0.052000000000000005,0.039,0.12,0.0,0.0,0.2,0.18,0.38,0.2640240159727032,tool_or_broad_epigenetic;low_cns_epilepsy_relevance,retained_full_list,supplementary,保留在 supplementary/retained full list；未达到 v2.1 primary 或 supportive 门槛。
Methaneseleninic acid,Methaneseleninic acid,NFE2L2,0.3572612764038275,0.3572612764038275,NFE2L2:1,NFE2L2_regulon_targets,1,1,NFE2L2_regulon_targets,0.2332937987918749,2.6781597173961163e-08,88.94910493827103,34,Methaneseleninic acid CTD 00000412,DSigDB,未自动识别；需人工核实,unknown,0.3,requires_manual_translational_review,0.45,True,v2 自动聚合注释；仅代表 program-guided exploratory clue，不代表治疗推荐。,0.1405964439059094,0.5,1.0,0.8572612764038274,0.4757598352840789,,True,,low_priority_retained,pending_manual_swissadme,,v2 pre-BBB 阶段不使用启发式 BBB；等待 SwissADME 手工复核。,围绕 NFE2L2 lesion-associated transcriptional/stress-adaptation program 的探索性候选线索，不解释为直接抑制或激活 NFE2L2。,False,False,False,True,NFE2L2,CNS/epilepsy 转化语境不足或需人工核查。,False,0.5219906419496412,0.02811928878118188,0.09,0.16,0.024,0.117,0.10287135316845929,0.0,0.1,0.0,0.18,0.28,0.24199064194964115,single_signature;low_cns_epilepsy_relevance,retained_full_list,supplementary,保留在 supplementary/retained full list；未达到 v2.1 primary 或 supportive 门槛。
ZINC,ZINC,NFE2L2,0.34086083518937,0.34086083518937,NFE2L2:1,NFE2L2_regulon_targets,1,1,NFE2L2_regulon_targets,0.2273280018504613,9.336447295725728e-08,47.96490801144781,39,ZINC CTD 00007011,DSigDB,未自动识别；需人工核实,unknown,0.3,requires_manual_translational_review,0.45,True,v2 自动聚合注释；仅代表 program-guided exploratory clue，不代表治疗推荐。,0.1123546233676929,0.5,1.0,0.84086083518937,0.4659752538254574,,True,,low_priority_retained,pending_manual_swissadme,,v2 pre-BBB 阶段不使用启发式 BBB；等待 SwissADME 手工复核。,围绕 NFE2L2 lesion-associated transcriptional/stress-adaptation program 的探索性候选线索，不解释为直接抑制或激活 NFE2L2。,False,False,False,True,NFE2L2,CNS/epilepsy 转化语境不足或需人工核查。,False,0.514374224896263,0.022470924673538582,0.09,0.16,0.024,0.117,0.1009033002227244,0.0,0.1,0.0,0.18,0.28,0.23437422489626303,single_signature;low_cns_epilepsy_relevance,retained_full_list,supplementary,保留在 supplementary/retained full list；未达到 v2.1 primary 或 supportive 门槛。
H-7,H-7,NFE2L2,0.3389095205442953,0.3389095205442953,NFE2L2:1,NFE2L2_regulon_targets,1,1,NFE2L2_regulon_targets,0.2240848533313515,1.840828516889049e-07,48.33074470103401,43,H-7 MCF7 DOWN,DSigDB,未自动识别；需人工核实,unknown,0.3,requires_manual_translational_review,0.45,True,v2 自动聚合注释；仅代表 program-guided exploratory clue，不代表治疗推荐。,0.1081749691008714,0.5,1.0,0.8389095205442954,0.464565252373805,,True,,low_priority_retained,pending_manual_swissadme,,v2 pre-BBB 阶段不使用启发式 BBB；等待 SwissADME 手工复核。,围绕 NFE2L2 lesion-associated transcriptional/stress-adaptation program 的探索性候选线索，不解释为直接抑制或激活 NFE2L2。,False,False,False,True,NFE2L2,CNS/epilepsy 转化语境不足或需人工核查。,False,0.5133041362854898,0.02163499382017428,0.09,0.16,0.024,0.117,0.10066914246531544,0.0,0.1,0.0,0.18,0.28,0.23330413628548974,single_signature;low_cns_epilepsy_relevance,retained_full_list,supplementary,保留在 supplementary/retained full list；未达到 v2.1 primary 或 supportive 门槛。
VITAMIN E,VITAMIN E,NFE2L2,0.3326165963304103,0.3326165963304103,NFE2L2:1,NFE2L2_regulon_targets,1,1,NFE2L2_regulon_targets,0.2174818711558017,7.333046524445683e-07,41.53140555369291,52,VITAMIN E CTD 00006994,DSigDB,未自动识别；需人工核实,unknown,0.3,requires_manual_translational_review,0.45,True,v2 自动聚合注释；仅代表 program-guided exploratory clue，不代表治疗推荐。,0.0959430442113923,0.5,1.0,0.8326165963304104,0.4603922409698505,,True,,low_priority_retained,pending_manual_swissadme,,v2 pre-BBB 阶段不使用启发式 BBB；等待 SwissADME 手工复核。,围绕 NFE2L2 lesion-associated transcriptional/stress-adaptation program 的探索性候选线索，不解释为直接抑制或激活 NFE2L2。,False,False,False,True,NFE2L2,CNS/epilepsy 转化语境不足或需人工核查。,False,0.5101026004019278,0.01918860884227846,0.09,0.16,0.024,0.117,0.09991399155964925,0.0,0.1,0.0,0.18,0.28,0.23010260040192776,single_signature;low_cns_epilepsy_relevance,retained_full_list,supplementary,保留在 supplementary/retained full list；未达到 v2.1 primary 或 supportive 门槛。
GW-8510,GW-8510,NFE2L2,0.5672439621754672,0.5672439621754672,NFE2L2:2,NFE2L2_core_program;NFE2L2_regulon_targets,2,2,NFE2L2_regulon_targets,0.3051452404608167,2.7627512004502316e-10,76.19350743775541,20,GW-8510 MCF7 DOWN,DSigDB,mapk/kinase,mapk/kinase,0.65,identifier_or_tool_compound_manual_review,0.25,True,v2 自动聚合注释；仅代表 program-guided exploratory clue，不代表治疗推荐。,0.163680457437801,1.0,1.0,1.0,0.5951041372313403,因毒性/广谱细胞毒性/滥用风险/工具化合物属性，仅保留在补充表，不进入 pre-BBB 主表。,False,,mechanistic_reference_only_excluded_from_main,pending_manual_swissadme,,v2 pre-BBB 阶段不使用启发式 BBB；等待 SwissADME 手工复核。,围绕 NFE2L2 lesion-associated transcriptional/stress-adaptation program 的探索性候选线索，不解释为直接抑制或激活 NFE2L2。,True,False,False,True,NFE2L2,工具化合物/高风险或需人工复核类别。 CNS/epilepsy 转化语境不足或需人工核查。,False,0.6097360914875603,0.0327360914875602,0.18,0.16,0.052000000000000005,0.065,0.12,0.0,0.0,0.2,0.18,0.38,0.22973609148756025,tool_or_broad_epigenetic;low_cns_epilepsy_relevance,retained_full_list,supplementary,保留在 supplementary/retained full list；未达到 v2.1 primary 或 supportive 门槛。
pregnenolone,pregnenolone,NFE2L2,0.5661471282139413,0.5661471282139413,NFE2L2:2,NFE2L2_core_program;NFE2L2_regulon_targets,2,2,NFE2L2_core_program,0.2192867987999541,1.1985489742801266e-08,105.07504761669642,30,pregnenolone PC3 DOWN,DSigDB,thyroid/hormone,thyroid/hormone,0.65,identifier_or_tool_compound_manual_review,0.25,True,v2 自动聚合注释；仅代表 program-guided exploratory clue，不代表治疗推荐。,0.1537167597309913,1.0,1.0,1.0,0.5921150279192974,因毒性/广谱细胞毒性/滥用风险/工具化合物属性，仅保留在补充表，不进入 pre-BBB 主表。,False,,mechanistic_reference_only_excluded_from_main,pending_manual_swissadme,,v2 pre-BBB 阶段不使用启发式 BBB；等待 SwissADME 手工复核。,围绕 NFE2L2 lesion-associated transcriptional/stress-adaptation program 的探索性候选线索，不解释为直接抑制或激活 NFE2L2。,True,False,False,True,NFE2L2,工具化合物/高风险或需人工复核类别。 CNS/epilepsy 转化语境不足或需人工核查。,False,0.6077433519461982,0.03074335194619826,0.18,0.16,0.052000000000000005,0.065,0.12,0.0,0.0,0.2,0.18,0.38,0.2277433519461982,tool_or_broad_epigenetic;low_cns_epilepsy_relevance,retained_full_list,supplementary,保留在 supplementary/retained full list；未达到 v2.1 primary 或 supportive 门槛。
alsterpaullone,alsterpaullone,NFE2L2,0.5574226056206343,0.5574226056206343,NFE2L2:2,NFE2L2_core_program;NFE2L2_regulon_targets,2,2,NFE2L2_regulon_targets,0.2452835813038499,2.1769890525482155e-09,64.66386253383548,23,alsterpaullone MCF7 DOWN,DSigDB,mapk/kinase,mapk/kinase,0.65,identifier_or_tool_compound_manual_review,0.25,True,v2 自动聚合注释；仅代表 program-guided exploratory clue，不代表治疗推荐。,0.1447336048155189,1.0,1.0,1.0,0.5894200814446556,因毒性/广谱细胞毒性/滥用风险/工具化合物属性，仅保留在补充表，不进入 pre-BBB 主表。,False,,mechanistic_reference_only_excluded_from_main,pending_manual_swissadme,,v2 pre-BBB 阶段不使用启发式 BBB；等待 SwissADME 手工复核。,围绕 NFE2L2 lesion-associated transcriptional/stress-adaptation program 的探索性候选线索，不解释为直接抑制或激活 NFE2L2。,True,False,False,True,NFE2L2,工具化合物/高风险或需人工复核类别。 CNS/epilepsy 转化语境不足或需人工核查。,False,0.6059467209631038,0.02894672096310378,0.18,0.16,0.052000000000000005,0.065,0.12,0.0,0.0,0.2,0.18,0.38,0.22594672096310375,tool_or_broad_epigenetic;low_cns_epilepsy_relevance,retained_full_list,supplementary,保留在 supplementary/retained full list；未达到 v2.1 primary 或 supportive 门槛。
COUMESTROL,COUMESTROL,NFE2L2,0.5552105123474883,0.5552105123474883,NFE2L2:2,NFE2L2_core_program;NFE2L2_regulon_targets,2,2,NFE2L2_regulon_targets,0.2442149353946597,2.7227381289744067e-09,59.68214677213295,25,COUMESTROL CTD 00005717,DSigDB,thyroid/hormone,thyroid/hormone,0.65,identifier_or_tool_compound_manual_review,0.25,True,v2 自动聚合注释；仅代表 program-guided exploratory clue，不代表治疗推荐。,0.1408389559370586,1.0,1.0,1.0,0.5882516867811176,因毒性/广谱细胞毒性/滥用风险/工具化合物属性，仅保留在补充表，不进入 pre-BBB 主表。,False,,mechanistic_reference_only_excluded_from_main,pending_manual_swissadme,,v2 pre-BBB 阶段不使用启发式 BBB；等待 SwissADME 手工复核。,围绕 NFE2L2 lesion-associated transcriptional/stress-adaptation program 的探索性候选线索，不解释为直接抑制或激活 NFE2L2。,True,False,False,True,NFE2L2,工具化合物/高风险或需人工复核类别。 CNS/epilepsy 转化语境不足或需人工核查。,False,0.6051677911874117,0.028167791187411723,0.18,0.16,0.052000000000000005,0.065,0.12,0.0,0.0,0.2,0.18,0.38,0.2251677911874117,tool_or_broad_epigenetic;low_cns_epilepsy_relevance,retained_full_list,supplementary,保留在 supplementary/retained full list；未达到 v2.1 primary 或 supportive 门槛。
captopril,captopril,NFE2L2,0.5614579449893824,0.4202378775108675,NFE2L2:2;BHLHE40:1,BHLHE40_supplement_program;NFE2L2_core_program;NFE2L2_regulon_targets,3,2,NFE2L2_regulon_targets,0.2452835813038499,2.1769890525482155e-09,77.78547595738253,24,captopril PC3 DOWN,DSigDB,metabolic/homeostatic,metabolic/homeostatic,0.65,identifier_or_tool_compound_manual_review,0.25,True,v2 自动聚合注释；仅代表 program-guided exploratory clue，不代表治疗推荐。,0.1512077058878123,1.0,1.0,0.9202378775108676,0.5849813419672132,因毒性/广谱细胞毒性/滥用风险/工具化合物属性，仅保留在补充表，不进入 pre-BBB 主表。,False,,mechanistic_reference_only_excluded_from_main,pending_manual_swissadme,,v2 pre-BBB 阶段不使用启发式 BBB；等待 SwissADME 手工复核。,围绕 NFE2L2 lesion-associated transcriptional/stress-adaptation program 的探索性候选线索，不解释为直接抑制或激活 NFE2L2。,True,False,False,True,NFE2L2,工具化合物/高风险或需人工复核类别。 CNS/epilepsy 转化语境不足或需人工核查。,False,0.5976700864788665,0.03024154117756246,0.18,0.16,0.052000000000000005,0.065,0.11042854530130411,0.0,0.0,0.2,0.18,0.38,0.21767008647886654,tool_or_broad_epigenetic;low_cns_epilepsy_relevance,retained_full_list,supplementary,保留在 supplementary/retained full list；未达到 v2.1 primary 或 supportive 门槛。
Torcetrapib,Torcetrapib,NFE2L2,0.6165412100869847,0.463226339006705,NFE2L2:2;BHLHE40:1,BHLHE40_supplement_program;NFE2L2_core_program;NFE2L2_regulon_targets,3,2,NFE2L2_regulon_targets,0.2802596149886417,1.4395170701440577e-12,184.52428420823244,15,Torcetrapib CTD 00004291,DSigDB,未自动识别；需人工核实,unknown,0.3,identifier_or_tool_compound_manual_review,0.25,True,v2 自动聚合注释；仅代表 program-guided exploratory clue，不代表治疗推荐。,0.2508942913233036,1.0,1.0,0.9632263390067052,0.5693263945175274,因毒性/广谱细胞毒性/滥用风险/工具化合物属性，仅保留在补充表，不进入 pre-BBB 主表。,False,,mechanistic_reference_only_excluded_from_main,pending_manual_swissadme,,v2 pre-BBB 阶段不使用启发式 BBB；等待 SwissADME 手工复核。,围绕 NFE2L2 lesion-associated transcriptional/stress-adaptation program 的探索性候选线索，不解释为直接抑制或激活 NFE2L2。,True,False,False,True,NFE2L2,工具化合物/高风险或需人工复核类别。 CNS/epilepsy 转化语境不足或需人工核查。,False,0.5947660189454653,0.050178858264660724,0.18,0.16,0.024,0.065,0.11558716068080462,0.0,0.0,0.2,0.18,0.38,0.21476601894546532,tool_or_broad_epigenetic;low_cns_epilepsy_relevance,retained_full_list,supplementary,保留在 supplementary/retained full list；未达到 v2.1 primary 或 supportive 门槛。
MPEP,MPEP,THRB,0.6385837777714615,0.6385837777714615,THRB:2,THRB_core_program;THRB_regulon_targets,2,2,THRB_core_program,0.1589990391098136,0.1520216827430066,507.11775303850175,9,MPEP CTD 00003723,DSigDB,calcium/synaptic,calcium/synaptic,1.0,requires_manual_translational_review,0.45,True,v2 自动聚合注释；仅代表 program-guided exploratory clue，不代表治疗推荐。,0.2470341778412098,1.0,1.0,1.0,0.697110253352363,,True,THRB gene set 较小；FDR 较弱但具轴线/机制支持，保留为 manual_review_weak_fdr。,manual_review_weak_fdr,pending_manual_swissadme,,v2 pre-BBB 阶段不使用启发式 BBB；等待 SwissADME 手工复核。,围绕 THRB internal_control-associated synaptic/calcium/homeostatic-supportive program 的探索性候选线索，不解释为直接激动 THRB 即治疗。,True,False,True,True,THRB,工具化合物/高风险或需人工复核类别。 THRB weak-FDR 或弱 FDR 手工复核候选。 CNS/epilepsy 转化语境不足或需人工核查。,False,0.706406835568242,0.049406835568241964,0.18,0.16,0.08,0.117,0.12,0.12,0.0,0.2,0.18,0.5,0.20640683556824202,weak_fdr;tool_or_broad_epigenetic;low_cns_epilepsy_relevance,retained_full_list,supplementary,保留在 supplementary/retained full list；未达到 v2.1 primary 或 supportive 门槛。
0175029-0000,0175029-0000,NFE2L2,0.5775542379105384,0.5775542379105384,NFE2L2:2,NFE2L2_core_program;NFE2L2_regulon_targets,2,2,NFE2L2_regulon_targets,0.2736684679671987,5.720210396504677e-12,71.39002640006903,16,0175029-0000 PC3 DOWN,DSigDB,未自动识别；需人工核实,unknown,0.3,identifier_or_tool_compound_manual_review,0.25,True,v2 自动聚合注释；仅代表 program-guided exploratory clue，不代表治疗推荐。,0.1862134636073174,1.0,1.0,1.0,0.5528640390821952,因毒性/广谱细胞毒性/滥用风险/工具化合物属性，仅保留在补充表，不进入 pre-BBB 主表。,False,,mechanistic_reference_only_excluded_from_main,pending_manual_swissadme,,v2 pre-BBB 阶段不使用启发式 BBB；等待 SwissADME 手工复核。,围绕 NFE2L2 lesion-associated transcriptional/stress-adaptation program 的探索性候选线索，不解释为直接抑制或激活 NFE2L2。,True,False,False,True,NFE2L2,工具化合物/高风险或需人工复核类别。 CNS/epilepsy 转化语境不足或需人工核查。,False,0.5862426927214635,0.03724269272146348,0.18,0.16,0.024,0.065,0.12,0.0,0.0,0.2,0.18,0.38,0.20624269272146345,tool_or_broad_epigenetic;low_cns_epilepsy_relevance,retained_full_list,supplementary,保留在 supplementary/retained full list；未达到 v2.1 primary 或 supportive 门槛。
nocodazole,nocodazole,NFE2L2,0.6479764981373035,0.4757563609775376,NFE2L2:2;BHLHE40:1,BHLHE40_supplement_program;NFE2L2_core_program;NFE2L2_regulon_targets,3,2,NFE2L2_regulon_targets,0.3088742889943214,3.604813648457598e-15,227.5307795270741,13,nocodazole HL60 UP,DSigDB,broad_cytotoxic/topoisomerase,broad_cytotoxic/topoisomerase,0.65,high_caution_toxic_or_research_chemical,0.05,True,v2 自动聚合注释；仅代表 program-guided exploratory clue，不代表治疗推荐。,0.3105835116953818,1.0,1.0,0.9757563609775376,0.6092355623868175,因毒性/广谱细胞毒性/滥用风险/工具化合物属性，仅保留在补充表，不进入 pre-BBB 主表。,False,,mechanistic_reference_only_excluded_from_main,pending_manual_swissadme,,v2 pre-BBB 阶段不使用启发式 BBB；等待 SwissADME 手工复核。,围绕 NFE2L2 lesion-associated transcriptional/stress-adaptation program 的探索性候选线索，不解释为直接抑制或激活 NFE2L2。,True,False,False,True,NFE2L2,工具化合物/高风险或需人工复核类别。 CNS/epilepsy 转化语境不足或需人工核查。,False,0.5842074656563809,0.06211670233907636,0.18,0.16,0.052000000000000005,0.013000000000000001,0.1170907633173045,0.0,0.0,0.2,0.18,0.38,0.20420746565638093,tool_or_broad_epigenetic;low_cns_epilepsy_relevance,retained_full_list,supplementary,保留在 supplementary/retained full list；未达到 v2.1 primary 或 supportive 门槛。
daunorubicin,daunorubicin,NFE2L2,0.5663050341971969,0.5663050341971969,NFE2L2:2,NFE2L2_core_program;NFE2L2_regulon_targets,2,2,NFE2L2_regulon_targets,0.2919539727317116,4.370669158854371e-09,64.11781193667892,27,daunorubicin MCF7 DOWN,DSigDB,broad_cytotoxic/topoisomerase,broad_cytotoxic/topoisomerase,0.65,oncology_or_broad_cytotoxic_caution,0.15,True,v2 自动聚合注释；仅代表 program-guided exploratory clue，不代表治疗推荐。,0.1399877938546685,1.0,1.0,1.0,0.5739963381564006,因毒性/广谱细胞毒性/滥用风险/工具化合物属性，仅保留在补充表，不进入 pre-BBB 主表。,False,,mechanistic_reference_only_excluded_from_main,pending_manual_swissadme,,v2 pre-BBB 阶段不使用启发式 BBB；等待 SwissADME 手工复核。,围绕 NFE2L2 lesion-associated transcriptional/stress-adaptation program 的探索性候选线索，不解释为直接抑制或激活 NFE2L2。,True,False,False,True,NFE2L2,工具化合物/高风险或需人工复核类别。 CNS/epilepsy 转化语境不足或需人工核查。,False,0.5789975587709337,0.0279975587709337,0.18,0.16,0.052000000000000005,0.039,0.12,0.0,0.0,0.2,0.18,0.38,0.19899755877093372,tool_or_broad_epigenetic;low_cns_epilepsy_relevance,retained_full_list,supplementary,保留在 supplementary/retained full list；未达到 v2.1 primary 或 supportive 门槛。
sanguinarine,sanguinarine,NFE2L2,0.5642853164147028,0.5642853164147028,NFE2L2:2,NFE2L2_core_program;NFE2L2_regulon_targets,2,2,NFE2L2_core_program,0.2230636921101945,2.1486214026629922e-08,93.60297893925708,32,sanguinarine MCF7 DOWN,DSigDB,未自动识别；需人工核实,unknown,0.3,identifier_or_tool_compound_manual_review,0.25,True,v2 自动聚合注释；仅代表 program-guided exploratory clue，不代表治疗推荐。,0.1443075538174336,1.0,1.0,1.0,0.5402922661452301,因毒性/广谱细胞毒性/滥用风险/工具化合物属性，仅保留在补充表，不进入 pre-BBB 主表。,False,,mechanistic_reference_only_excluded_from_main,pending_manual_swissadme,,v2 pre-BBB 阶段不使用启发式 BBB；等待 SwissADME 手工复核。,围绕 NFE2L2 lesion-associated transcriptional/stress-adaptation program 的探索性候选线索，不解释为直接抑制或激活 NFE2L2。,True,False,False,True,NFE2L2,工具化合物/高风险或需人工复核类别。 CNS/epilepsy 转化语境不足或需人工核查。,False,0.5778615107634868,0.02886151076348672,0.18,0.16,0.024,0.065,0.12,0.0,0.0,0.2,0.18,0.38,0.1978615107634868,tool_or_broad_epigenetic;low_cns_epilepsy_relevance,retained_full_list,supplementary,保留在 supplementary/retained full list；未达到 v2.1 primary 或 supportive 门槛。
formaldehyde,formaldehyde,NFE2L2,0.6165411493780691,0.6165411493780691,NFE2L2:2,NFE2L2_core_program;NFE2L2_regulon_targets,2,2,NFE2L2_regulon_targets,0.3180239936113055,5.30996293847308e-16,106.3802245329171,9,formaldehyde CTD 00006001,DSigDB,environmental_toxicant,environmental_toxicant,0.65,high_caution_toxic_or_research_chemical,0.05,True,v2 自动聚合注释；仅代表 program-guided exploratory clue，不代表治疗推荐。,0.2631098288393256,1.0,1.0,1.0,0.5969329486517977,因毒性/广谱细胞毒性/滥用风险/工具化合物属性，仅保留在补充表，不进入 pre-BBB 主表。,False,,mechanistic_reference_only_excluded_from_main,pending_manual_swissadme,,v2 pre-BBB 阶段不使用启发式 BBB；等待 SwissADME 手工复核。,围绕 NFE2L2 lesion-associated transcriptional/stress-adaptation program 的探索性候选线索，不解释为直接抑制或激活 NFE2L2。,True,False,False,True,NFE2L2,工具化合物/高风险或需人工复核类别。 CNS/epilepsy 转化语境不足或需人工核查。,False,0.5776219657678652,0.052621965767865125,0.18,0.16,0.052000000000000005,0.013000000000000001,0.12,0.0,0.0,0.2,0.18,0.38,0.19762196576786517,tool_or_broad_epigenetic;low_cns_epilepsy_relevance,retained_full_list,supplementary,保留在 supplementary/retained full list；未达到 v2.1 primary 或 supportive 门槛。
POTASSIUM CHROMATE,POTASSIUM CHROMATE,NFE2L2,0.6250342093672057,0.4693417366221731,NFE2L2:2;BHLHE40:1,BHLHE40_supplement_program;NFE2L2_core_program;NFE2L2_regulon_targets,3,2,NFE2L2_regulon_targets,0.3214836324767401,2.5738241158442616e-16,126.83804751185632,8,POTASSIUM CHROMATE CTD 00001284,DSigDB,environmental_toxicant,environmental_toxicant,0.65,high_caution_toxic_or_research_chemical,0.05,True,v2 自动聚合注释；仅代表 program-guided exploratory clue，不代表治疗推荐。,0.2778547673933379,1.0,1.0,0.969341736622173,0.5989037691477752,因毒性/广谱细胞毒性/滥用风险/工具化合物属性，仅保留在补充表，不进入 pre-BBB 主表。,False,,mechanistic_reference_only_excluded_from_main,pending_manual_swissadme,,v2 pre-BBB 阶段不使用启发式 BBB；等待 SwissADME 手工复核。,围绕 NFE2L2 lesion-associated transcriptional/stress-adaptation program 的探索性候选线索，不解释为直接抑制或激活 NFE2L2。,True,False,False,True,NFE2L2,工具化合物/高风险或需人工复核类别。 CNS/epilepsy 转化语境不足或需人工核查。,False,0.5768919618733284,0.055570953478667584,0.18,0.16,0.052000000000000005,0.013000000000000001,0.11632100839466077,0.0,0.0,0.2,0.18,0.38,0.19689196187332836,tool_or_broad_epigenetic;low_cns_epilepsy_relevance,retained_full_list,supplementary,保留在 supplementary/retained full list；未达到 v2.1 primary 或 supportive 门槛。
anisomycin,anisomycin,NFE2L2,0.6273076829231732,0.4537426941772387,NFE2L2:2;BHLHE40:1,BHLHE40_supplement_program;NFE2L2_core_program;NFE2L2_regulon_targets,3,2,NFE2L2_regulon_targets,0.4164436076869082,7.3920166691097655e-16,144.65970621947218,11,anisomycin HL60 UP,DSigDB,broad_cytotoxic/topoisomerase,broad_cytotoxic/topoisomerase,0.65,high_caution_toxic_or_research_chemical,0.05,True,v2 自动聚合注释；仅代表 program-guided exploratory clue，不代表治疗推荐。,0.2798719214811527,1.0,1.0,0.9537426941772388,0.5982609919785249,因毒性/广谱细胞毒性/滥用风险/工具化合物属性，仅保留在补充表，不进入 pre-BBB 主表。,False,,mechanistic_reference_only_excluded_from_main,pending_manual_swissadme,,v2 pre-BBB 阶段不使用启发式 BBB；等待 SwissADME 手工复核。,围绕 NFE2L2 lesion-associated transcriptional/stress-adaptation program 的探索性候选线索，不解释为直接抑制或激活 NFE2L2。,True,False,False,True,NFE2L2,工具化合物/高风险或需人工复核类别。 CNS/epilepsy 转化语境不足或需人工核查。,False,0.5754235075974992,0.05597438429623054,0.18,0.16,0.052000000000000005,0.013000000000000001,0.11444912330126865,0.0,0.0,0.2,0.18,0.38,0.19542350759749916,tool_or_broad_epigenetic;low_cns_epilepsy_relevance,retained_full_list,supplementary,保留在 supplementary/retained full list；未达到 v2.1 primary 或 supportive 门槛。
lycorine,lycorine,NFE2L2,0.5768165817416196,0.4272278151153556,NFE2L2:2;BHLHE40:1,BHLHE40_supplement_program;NFE2L2_core_program;NFE2L2_regulon_targets,3,2,NFE2L2_core_program,0.2467144253891832,3.1242795817324067e-10,87.36700518068184,21,lycorine HL60 UP,DSigDB,未自动识别；需人工核实,unknown,0.3,identifier_or_tool_compound_manual_review,0.25,True,v2 自动聚合注释；仅代表 program-guided exploratory clue，不代表治疗推荐。,0.1684035409478821,1.0,1.0,0.9272278151153556,0.5416992874935931,因毒性/广谱细胞毒性/滥用风险/工具化合物属性，仅保留在补充表，不进入 pre-BBB 主表。,False,,mechanistic_reference_only_excluded_from_main,pending_manual_swissadme,,v2 pre-BBB 阶段不使用启发式 BBB；等待 SwissADME 手工复核。,围绕 NFE2L2 lesion-associated transcriptional/stress-adaptation program 的探索性候选线索，不解释为直接抑制或激活 NFE2L2。,True,False,False,True,NFE2L2,工具化合物/高风险或需人工复核类别。 CNS/epilepsy 转化语境不足或需人工核查。,False,0.5739480460034191,0.03368070818957642,0.18,0.16,0.024,0.065,0.11126733781384267,0.0,0.0,0.2,0.18,0.38,0.19394804600341908,tool_or_broad_epigenetic;low_cns_epilepsy_relevance,retained_full_list,supplementary,保留在 supplementary/retained full list；未达到 v2.1 primary 或 supportive 门槛。
sulpiride,sulpiride,NFE2L2,0.5424132896025802,0.5424132896025802,NFE2L2:2,NFE2L2_core_program;NFE2L2_regulon_targets,2,2,NFE2L2_core_program,0.2146866130365015,7.498902065400344e-07,55.79761877064136,53,sulpiride PC3 DOWN,DSigDB,未自动识别；需人工核实,unknown,0.3,identifier_or_tool_compound_manual_review,0.25,True,v2 自动聚合注释；仅代表 program-guided exploratory clue，不代表治疗推荐。,0.1028382363523979,1.0,1.0,1.0,0.5278514709057194,因毒性/广谱细胞毒性/滥用风险/工具化合物属性，仅保留在补充表，不进入 pre-BBB 主表。,False,,mechanistic_reference_only_excluded_from_main,pending_manual_swissadme,,v2 pre-BBB 阶段不使用启发式 BBB；等待 SwissADME 手工复核。,围绕 NFE2L2 lesion-associated transcriptional/stress-adaptation program 的探索性候选线索，不解释为直接抑制或激活 NFE2L2。,True,False,False,True,NFE2L2,工具化合物/高风险或需人工复核类别。 CNS/epilepsy 转化语境不足或需人工核查。,False,0.5695676472704796,0.02056764727047958,0.18,0.16,0.024,0.065,0.12,0.0,0.0,0.2,0.18,0.38,0.1895676472704796,tool_or_broad_epigenetic;low_cns_epilepsy_relevance,retained_full_list,supplementary,保留在 supplementary/retained full list；未达到 v2.1 primary 或 supportive 门槛。
clindamycin,clindamycin,NFE2L2,0.5339915873680915,0.5339915873680915,NFE2L2:2,NFE2L2_core_program;NFE2L2_regulon_targets,2,2,NFE2L2_core_program,0.2072467049151706,5.89979969648324e-07,41.47931811761255,50,clindamycin HL60 DOWN,DSigDB,未自动识别；需人工核实,unknown,0.3,identifier_or_tool_compound_manual_review,0.25,True,v2 自动聚合注释；仅代表 program-guided exploratory clue，不代表治疗推荐。,0.0973140885094888,1.0,1.0,1.0,0.5261942265528465,因毒性/广谱细胞毒性/滥用风险/工具化合物属性，仅保留在补充表，不进入 pre-BBB 主表。,False,,mechanistic_reference_only_excluded_from_main,pending_manual_swissadme,,v2 pre-BBB 阶段不使用启发式 BBB；等待 SwissADME 手工复核。,围绕 NFE2L2 lesion-associated transcriptional/stress-adaptation program 的探索性候选线索，不解释为直接抑制或激活 NFE2L2。,True,False,False,True,NFE2L2,工具化合物/高风险或需人工复核类别。 CNS/epilepsy 转化语境不足或需人工核查。,False,0.5684628177018978,0.019462817701897762,0.18,0.16,0.024,0.065,0.12,0.0,0.0,0.2,0.18,0.38,0.18846281770189777,tool_or_broad_epigenetic;low_cns_epilepsy_relevance,retained_full_list,supplementary,保留在 supplementary/retained full list；未达到 v2.1 primary 或 supportive 门槛。
estradiol,estradiol,NFE2L2,0.3502482188338781,0.1875597539195697,NFE2L2:1;BHLHE40:1,BHLHE40_supplement_program;NFE2L2_regulon_targets,2,1,NFE2L2_regulon_targets,0.2421781474017275,4.170310754469081e-09,47.76099877215996,26,estradiol CTD 00005920,DSigDB,thyroid/hormone,thyroid/hormone,0.65,identifier_or_tool_compound_manual_review,0.25,True,v2 自动聚合注释；仅代表 program-guided exploratory clue，不代表治疗推荐。,0.1322188556356764,1.0,1.0,0.6875597539195697,0.5606704370042686,因毒性/广谱细胞毒性/滥用风险/工具化合物属性，仅保留在补充表，不进入 pre-BBB 主表。,False,,mechanistic_reference_only_excluded_from_main,pending_manual_swissadme,,v2 pre-BBB 阶段不使用启发式 BBB；等待 SwissADME 手工复核。,围绕 NFE2L2 lesion-associated transcriptional/stress-adaptation program 的探索性候选线索，不解释为直接抑制或激活 NFE2L2。,True,False,False,True,NFE2L2,工具化合物/高风险或需人工复核类别。 CNS/epilepsy 转化语境不足或需人工核查。,False,0.5659509415974836,0.02644377112713528,0.18,0.16,0.052000000000000005,0.065,0.08250717047034836,0.0,0.0,0.2,0.18,0.38,0.1859509415974836,tool_or_broad_epigenetic;low_cns_epilepsy_relevance,retained_full_list,supplementary,保留在 supplementary/retained full list；未达到 v2.1 primary 或 supportive 门槛。
Quisqualate,Quisqualate,THRB,0.7357266612516996,0.7357266612516996,THRB:2,THRB_core_program;THRB_regulon_targets,2,2,THRB_core_program,0.1589990391098136,0.1520216827430066,822.994869532877,2,Quisqualate TTD 00010472,DSigDB,calcium/synaptic,calcium/synaptic,1.0,identifier_or_tool_compound_manual_review,0.25,True,v2 自动聚合注释；仅代表 program-guided exploratory clue，不代表治疗推荐。,0.4028854678159135,1.0,1.0,1.0,0.7158656403447741,因毒性/广谱细胞毒性/滥用风险/工具化合物属性，仅保留在补充表，不进入 pre-BBB 主表。,False,THRB gene set 较小；FDR 较弱但具轴线/机制支持，保留为 manual_review_weak_fdr。,manual_review_weak_fdr,pending_manual_swissadme,,v2 pre-BBB 阶段不使用启发式 BBB；等待 SwissADME 手工复核。,围绕 THRB internal_control-associated synaptic/calcium/homeostatic-supportive program 的探索性候选线索，不解释为直接激动 THRB 即治疗。,True,False,True,True,THRB,工具化合物/高风险或需人工复核类别。 THRB weak-FDR 或弱 FDR 手工复核候选。 CNS/epilepsy 转化语境不足或需人工核查。,False,0.6855770935631827,0.08057709356318271,0.18,0.16,0.08,0.065,0.12,0.12,0.0,0.2,0.18,0.5,0.18557709356318275,weak_fdr;tool_or_broad_epigenetic;low_cns_epilepsy_relevance,retained_full_list,supplementary,保留在 supplementary/retained full list；未达到 v2.1 primary 或 supportive 门槛。
etifenin,etifenin,NFE2L2,0.5444488033582771,0.4016457603482619,NFE2L2:2;BHLHE40:1,BHLHE40_supplement_program;NFE2L2_core_program;NFE2L2_regulon_targets,3,2,NFE2L2_core_program,0.2102727502532722,1.9643116753085386e-07,63.16859678549113,44,etifenin PC3 DOWN,DSigDB,未自动识别；需人工核实,unknown,0.3,identifier_or_tool_compound_manual_review,0.25,True,v2 自动聚合注释；仅代表 program-guided exploratory clue，不代表治疗推荐。,0.1150788530442189,1.0,1.0,0.901645760348262,0.5236553167411265,因毒性/广谱细胞毒性/滥用风险/工具化合物属性，仅保留在补充表，不进入 pre-BBB 主表。,False,,mechanistic_reference_only_excluded_from_main,pending_manual_swissadme,,v2 pre-BBB 阶段不使用启发式 BBB；等待 SwissADME 手工复核。,围绕 NFE2L2 lesion-associated transcriptional/stress-adaptation program 的探索性候选线索，不解释为直接抑制或激活 NFE2L2。,True,False,False,True,NFE2L2,工具化合物/高风险或需人工复核类别。 CNS/epilepsy 转化语境不足或需人工核查。,False,0.5602132618506352,0.023015770608843782,0.18,0.16,0.024,0.065,0.10819749124179144,0.0,0.0,0.2,0.18,0.38,0.18021326185063524,tool_or_broad_epigenetic;low_cns_epilepsy_relevance,retained_full_list,supplementary,保留在 supplementary/retained full list；未达到 v2.1 primary 或 supportive 门槛。
Caspan,Caspan,NFE2L2,0.5387328541627856,0.394724613286914,NFE2L2:2;BHLHE40:1,BHLHE40_supplement_program;NFE2L2_core_program;NFE2L2_regulon_targets,3,2,NFE2L2_core_program,0.2126660587430323,8.575077294143032e-07,49.805464831682535,55,Caspan CTD 00000180,DSigDB,未自动识别；需人工核实,unknown,0.3,identifier_or_tool_compound_manual_review,0.25,True,v2 自动聚合注释；仅代表 program-guided exploratory clue，不代表治疗推荐。,0.0990204597615886,1.0,1.0,0.894724613286914,0.5182841069914297,因毒性/广谱细胞毒性/滥用风险/工具化合物属性，仅保留在补充表，不进入 pre-BBB 主表。,False,,mechanistic_reference_only_excluded_from_main,pending_manual_swissadme,,v2 pre-BBB 阶段不使用启发式 BBB；等待 SwissADME 手工复核。,围绕 NFE2L2 lesion-associated transcriptional/stress-adaptation program 的探索性候选线索，不解释为直接抑制或激活 NFE2L2。,True,False,False,True,NFE2L2,工具化合物/高风险或需人工复核类别。 CNS/epilepsy 转化语境不足或需人工核查。,False,0.5561710455467475,0.01980409195231772,0.18,0.16,0.024,0.065,0.10736695359442967,0.0,0.0,0.2,0.18,0.38,0.17617104554674745,tool_or_broad_epigenetic;low_cns_epilepsy_relevance,retained_full_list,supplementary,保留在 supplementary/retained full list；未达到 v2.1 primary 或 supportive 门槛。
tamoxifen,tamoxifen,NFE2L2,0.5439329617689503,0.3628537155725558,NFE2L2:2;BHLHE40:1,BHLHE40_supplement_program;NFE2L2_core_program;NFE2L2_regulon_targets,3,2,NFE2L2_regulon_targets,0.126490466632642,1.1125542964243241e-07,59.68753419811334,40,tamoxifen CTD 00006827,DSigDB,未自动识别；需人工核实,unknown,0.3,identifier_or_tool_compound_manual_review,0.25,True,v2 自动聚合注释；仅代表 program-guided exploratory clue，不代表治疗推荐。,0.1170124756366012,1.0,1.0,0.8628537155725557,0.5211320399367848,因毒性/广谱细胞毒性/滥用风险/工具化合物属性，仅保留在补充表，不进入 pre-BBB 主表。,False,,mechanistic_reference_only_excluded_from_main,pending_manual_swissadme,,v2 pre-BBB 阶段不使用启发式 BBB；等待 SwissADME 手工复核。,围绕 NFE2L2 lesion-associated transcriptional/stress-adaptation program 的探索性候选线索，不解释为直接抑制或激活 NFE2L2。,True,False,False,True,NFE2L2,工具化合物/高风险或需人工复核类别。 CNS/epilepsy 转化语境不足或需人工核查。,False,0.555944940996027,0.02340249512732024,0.18,0.16,0.024,0.065,0.10354244586870669,0.0,0.0,0.2,0.18,0.38,0.17594494099602698,tool_or_broad_epigenetic;low_cns_epilepsy_relevance,retained_full_list,supplementary,保留在 supplementary/retained full list；未达到 v2.1 primary 或 supportive 门槛。
Copper sulfate,Copper sulfate,NFE2L2,0.5840241693699343,0.4123367730133803,NFE2L2:2;BHLHE40:1,BHLHE40_supplement_program;NFE2L2_core_program;NFE2L2_regulon_targets,3,2,NFE2L2_regulon_targets,0.2837856757299657,6.88122633468184e-13,71.49313161891983,14,Copper sulfate CTD 00007279,DSigDB,environmental_toxicant,environmental_toxicant,0.65,high_caution_toxic_or_research_chemical,0.05,True,v2 自动聚合注释；仅代表 program-guided exploratory clue，不代表治疗推荐。,0.1998661160090214,1.0,1.0,0.9123367730133802,0.5709467766437769,因毒性/广谱细胞毒性/滥用风险/工具化合物属性，仅保留在补充表，不进入 pre-BBB 主表。,False,,mechanistic_reference_only_excluded_from_main,pending_manual_swissadme,,v2 pre-BBB 阶段不使用启发式 BBB；等待 SwissADME 手工复核。,围绕 NFE2L2 lesion-associated transcriptional/stress-adaptation program 的探索性候选线索，不解释为直接抑制或激活 NFE2L2。,True,False,False,True,NFE2L2,工具化合物/高风险或需人工复核类别。 CNS/epilepsy 转化语境不足或需人工核查。,False,0.5544536359634099,0.039973223201804284,0.18,0.16,0.052000000000000005,0.013000000000000001,0.10948041276160562,0.0,0.0,0.2,0.18,0.38,0.1744536359634099,tool_or_broad_epigenetic;low_cns_epilepsy_relevance,retained_full_list,supplementary,保留在 supplementary/retained full list；未达到 v2.1 primary 或 supportive 门槛。
8-azaguanine,8-azaguanine,NFE2L2,0.5827317037017395,0.4288849952809666,NFE2L2:2;BHLHE40:1,BHLHE40_supplement_program;NFE2L2_core_program;NFE2L2_regulon_targets,3,2,NFE2L2_regulon_targets,0.2570419695491723,1.8574274486474108e-10,122.62981154560106,19,8-azaguanine HL60 UP,DSigDB,broad_cytotoxic/topoisomerase,broad_cytotoxic/topoisomerase,0.65,high_caution_toxic_or_research_chemical,0.05,True,v2 自动聚合注释；仅代表 program-guided exploratory clue，不代表治疗推荐。,0.1891417667984169,1.0,1.0,0.9288849952809666,0.5690533296620024,因毒性/广谱细胞毒性/滥用风险/工具化合物属性，仅保留在补充表，不进入 pre-BBB 主表。,False,,mechanistic_reference_only_excluded_from_main,pending_manual_swissadme,,v2 pre-BBB 阶段不使用启发式 BBB；等待 SwissADME 手工复核。,围绕 NFE2L2 lesion-associated transcriptional/stress-adaptation program 的探索性候选线索，不解释为直接抑制或激活 NFE2L2。,True,False,False,True,NFE2L2,工具化合物/高风险或需人工复核类别。 CNS/epilepsy 转化语境不足或需人工核查。,False,0.5542945527933993,0.03782835335968338,0.18,0.16,0.052000000000000005,0.013000000000000001,0.11146619943371598,0.0,0.0,0.2,0.18,0.38,0.17429455279339934,tool_or_broad_epigenetic;low_cns_epilepsy_relevance,retained_full_list,supplementary,保留在 supplementary/retained full list；未达到 v2.1 primary 或 supportive 门槛。
benzene,benzene,NFE2L2,0.5467971467932428,0.5467971467932428,NFE2L2:2,NFE2L2_core_program;NFE2L2_regulon_targets,2,2,NFE2L2_regulon_targets,0.2273280018504613,9.336447295725728e-08,67.26786593141638,37,benzene CTD 00005481,DSigDB,environmental_toxicant,environmental_toxicant,0.65,high_caution_toxic_or_research_chemical,0.05,True,v2 自动聚合注释；仅代表 program-guided exploratory clue，不代表治疗推荐。,0.1218785512974583,1.0,1.0,1.0,0.5545635653892376,因毒性/广谱细胞毒性/滥用风险/工具化合物属性，仅保留在补充表，不进入 pre-BBB 主表。,False,,mechanistic_reference_only_excluded_from_main,pending_manual_swissadme,,v2 pre-BBB 阶段不使用启发式 BBB；等待 SwissADME 手工复核。,围绕 NFE2L2 lesion-associated transcriptional/stress-adaptation program 的探索性候选线索，不解释为直接抑制或激活 NFE2L2。,True,False,False,True,NFE2L2,工具化合物/高风险或需人工复核类别。 CNS/epilepsy 转化语境不足或需人工核查。,False,0.5493757102594916,0.02437571025949166,0.18,0.16,0.052000000000000005,0.013000000000000001,0.12,0.0,0.0,0.2,0.18,0.38,0.1693757102594916,tool_or_broad_epigenetic;low_cns_epilepsy_relevance,retained_full_list,supplementary,保留在 supplementary/retained full list；未达到 v2.1 primary 或 supportive 门槛。
NICKEL SULFATE,NICKEL SULFATE,NFE2L2,0.5402188752587135,0.5402188752587135,NFE2L2:2,NFE2L2_core_program;NFE2L2_regulon_targets,2,2,NFE2L2_regulon_targets,0.2201855068132329,4.163891271762971e-07,60.65705581649635,47,NICKEL SULFATE CTD 00001417,DSigDB,environmental_toxicant,environmental_toxicant,0.65,high_caution_toxic_or_research_chemical,0.05,True,v2 自动聚合注释；仅代表 program-guided exploratory clue，不代表治疗推荐。,0.1090143130241254,1.0,1.0,1.0,0.5507042939072376,因毒性/广谱细胞毒性/滥用风险/工具化合物属性，仅保留在补充表，不进入 pre-BBB 主表。,False,,mechanistic_reference_only_excluded_from_main,pending_manual_swissadme,,v2 pre-BBB 阶段不使用启发式 BBB；等待 SwissADME 手工复核。,围绕 NFE2L2 lesion-associated transcriptional/stress-adaptation program 的探索性候选线索，不解释为直接抑制或激活 NFE2L2。,True,False,False,True,NFE2L2,工具化合物/高风险或需人工复核类别。 CNS/epilepsy 转化语境不足或需人工核查。,False,0.5468028626048251,0.02180286260482508,0.18,0.16,0.052000000000000005,0.013000000000000001,0.12,0.0,0.0,0.2,0.18,0.38,0.16680286260482513,tool_or_broad_epigenetic;low_cns_epilepsy_relevance,retained_full_list,supplementary,保留在 supplementary/retained full list；未达到 v2.1 primary 或 supportive 门槛。
benzo[a]pyrene,benzo[a]pyrene,NFE2L2,0.5647320231007723,0.4046581880343138,NFE2L2:2;BHLHE40:1,BHLHE40_supplement_program;NFE2L2_core_program;NFE2L2_regulon_targets,3,2,NFE2L2_regulon_targets,0.2596614538448338,1.0734378957687779e-10,58.68033195566488,18,benzo[a]pyrene CTD 00005488,DSigDB,environmental_toxicant,environmental_toxicant,0.65,high_caution_toxic_or_research_chemical,0.05,True,v2 自动聚合注释；仅代表 program-guided exploratory clue，不代表治疗推荐。,0.1611112837819822,1.0,1.0,0.904658188034314,0.5587060401773398,因毒性/广谱细胞毒性/滥用风险/工具化合物属性，仅保留在补充表，不进入 pre-BBB 主表。,False,,mechanistic_reference_only_excluded_from_main,pending_manual_swissadme,,v2 pre-BBB 阶段不使用启发式 BBB；等待 SwissADME 手工复核。,围绕 NFE2L2 lesion-associated transcriptional/stress-adaptation program 的探索性候选线索，不解释为直接抑制或激活 NFE2L2。,True,False,False,True,NFE2L2,工具化合物/高风险或需人工复核类别。 CNS/epilepsy 转化语境不足或需人工核查。,False,0.5457812393205141,0.03222225675639644,0.18,0.16,0.052000000000000005,0.013000000000000001,0.10855898256411767,0.0,0.0,0.2,0.18,0.38,0.16578123932051414,tool_or_broad_epigenetic;low_cns_epilepsy_relevance,retained_full_list,supplementary,保留在 supplementary/retained full list；未达到 v2.1 primary 或 supportive 门槛。
trequinsin,trequinsin,THRB,0.6385837777714615,0.6385837777714615,THRB:2,THRB_core_program;THRB_regulon_targets,2,2,THRB_core_program,0.1589990391098136,0.1520216827430066,507.11775303850175,8,trequinsin CTD 00001702,DSigDB,phosphodiesterase/cAMP,phosphodiesterase/cAMP,1.0,identifier_or_tool_compound_manual_review,0.25,True,v2 自动聚合注释；仅代表 program-guided exploratory clue，不代表治疗推荐。,0.2470341778412098,1.0,1.0,1.0,0.669110253352363,因毒性/广谱细胞毒性/滥用风险/工具化合物属性，仅保留在补充表，不进入 pre-BBB 主表。,False,THRB gene set 较小；FDR 较弱但具轴线/机制支持，保留为 manual_review_weak_fdr。,manual_review_weak_fdr,pending_manual_swissadme,,v2 pre-BBB 阶段不使用启发式 BBB；等待 SwissADME 手工复核。,围绕 THRB internal_control-associated synaptic/calcium/homeostatic-supportive program 的探索性候选线索，不解释为直接激动 THRB 即治疗。,True,False,True,True,THRB,工具化合物/高风险或需人工复核类别。 THRB weak-FDR 或弱 FDR 手工复核候选。 CNS/epilepsy 转化语境不足或需人工核查。,False,0.654406835568242,0.049406835568241964,0.18,0.16,0.08,0.065,0.12,0.12,0.0,0.2,0.18,0.5,0.15440683556824197,weak_fdr;tool_or_broad_epigenetic;low_cns_epilepsy_relevance,retained_full_list,supplementary,保留在 supplementary/retained full list；未达到 v2.1 primary 或 supportive 门槛。
5-Fluorouracil,5-Fluorouracil,NFE2L2,0.3326754548325821,0.1849009800935804,NFE2L2:1;BHLHE40:1,BHLHE40_supplement_program;NFE2L2_core_program,2,1,NFE2L2_core_program,0.211942066415557,2.3383152019986185e-06,53.1860237804107,29,5-Fluorouracil CTD 00005987,DSigDB,broad_cytotoxic/topoisomerase,broad_cytotoxic/topoisomerase,0.65,oncology_or_broad_cytotoxic_caution,0.15,True,v2 自动聚合注释；仅代表 program-guided exploratory clue，不代表治疗推荐。,0.0942455145407963,1.0,1.0,0.6849009800935805,0.5350657327697254,因毒性/广谱细胞毒性/滥用风险/工具化合物属性，仅保留在补充表，不进入 pre-BBB 主表。,False,,mechanistic_reference_only_excluded_from_main,pending_manual_swissadme,,v2 pre-BBB 阶段不使用启发式 BBB；等待 SwissADME 手工复核。,围绕 NFE2L2 lesion-associated transcriptional/stress-adaptation program 的探索性候选线索，不解释为直接抑制或激活 NFE2L2。,True,False,False,True,NFE2L2,工具化合物/高风险或需人工复核类别。 CNS/epilepsy 转化语境不足或需人工核查。,False,0.532037220519389,0.018849102908159263,0.18,0.16,0.052000000000000005,0.039,0.08218811761122966,0.0,0.0,0.2,0.18,0.38,0.15203722051938895,tool_or_broad_epigenetic;low_cns_epilepsy_relevance,retained_full_list,supplementary,保留在 supplementary/retained full list；未达到 v2.1 primary 或 supportive 门槛。
mebendazole,mebendazole,NFE2L2,0.3316021747727051,0.1809923442141132,NFE2L2:1;BHLHE40:1,BHLHE40_supplement_program;NFE2L2_core_program,2,1,NFE2L2_core_program,0.2018253396864852,1.943593701716684e-05,70.63008133715563,44,mebendazole HL60 UP,DSigDB,未自动识别；需人工核实,unknown,0.3,identifier_or_tool_compound_manual_review,0.25,True,v2 自动聚合注释；仅代表 program-guided exploratory clue，不代表治疗推荐。,0.0892511412373128,1.0,1.0,0.6809923442141133,0.4982547299083229,因毒性/广谱细胞毒性/滥用风险/工具化合物属性，仅保留在补充表，不进入 pre-BBB 主表。,False,,mechanistic_reference_only_excluded_from_main,pending_manual_swissadme,,v2 pre-BBB 阶段不使用启发式 BBB；等待 SwissADME 手工复核。,围绕 NFE2L2 lesion-associated transcriptional/stress-adaptation program 的探索性候选线索，不解释为直接抑制或激活 NFE2L2。,True,False,False,True,NFE2L2,工具化合物/高风险或需人工复核类别。 CNS/epilepsy 转化语境不足或需人工核查。,False,0.5285693095531562,0.01785022824746256,0.18,0.16,0.024,0.065,0.0817190813056936,0.0,0.0,0.2,0.18,0.38,0.14856930955315617,tool_or_broad_epigenetic;low_cns_epilepsy_relevance,retained_full_list,supplementary,保留在 supplementary/retained full list；未达到 v2.1 primary 或 supportive 门槛。
menadione,menadione,NFE2L2,0.3268894136412321,0.1664816114438899,NFE2L2:1;BHLHE40:1,BHLHE40_supplement_program;NFE2L2_core_program,2,1,NFE2L2_core_program,0.0976898859262832,4.6190836249356725e-05,63.86299141852705,54,menadione HL60 UP,DSigDB,未自动识别；需人工核实,unknown,0.3,identifier_or_tool_compound_manual_review,0.25,True,v2 自动聚合注释；仅代表 program-guided exploratory clue，不代表治疗推荐。,0.0803525235469092,1.0,1.0,0.6664816114438898,0.4944242859795839,因毒性/广谱细胞毒性/滥用风险/工具化合物属性，仅保留在补充表，不进入 pre-BBB 主表。,False,,mechanistic_reference_only_excluded_from_main,pending_manual_swissadme,,v2 pre-BBB 阶段不使用启发式 BBB；等待 SwissADME 手工复核。,围绕 NFE2L2 lesion-associated transcriptional/stress-adaptation program 的探索性候选线索，不解释为直接抑制或激活 NFE2L2。,True,False,False,True,NFE2L2,工具化合物/高风险或需人工复核类别。 CNS/epilepsy 转化语境不足或需人工核查。,False,0.5250482980826486,0.01607050470938184,0.18,0.16,0.024,0.065,0.07997779337326678,0.0,0.0,0.2,0.18,0.38,0.14504829808264863,tool_or_broad_epigenetic;low_cns_epilepsy_relevance,retained_full_list,supplementary,保留在 supplementary/retained full list；未达到 v2.1 primary 或 supportive 门槛。
7646-79-9,7646-79-9,NFE2L2,0.574092275083224,0.4124300203593676,NFE2L2:2;BHLHE40:1,BHLHE40_supplement_program;NFE2L2_core_program;NFE2L2_regulon_targets,3,2,NFE2L2_regulon_targets,0.2692169982312057,1.4524161517640386e-11,69.34404185794389,17,7646-79-9 CTD 00000928,DSigDB,未自动识别；需人工核实,unknown,0.3,high_caution_toxic_or_research_chemical,0.05,True,v2 自动聚合注释；仅代表 program-guided exploratory clue，不代表治疗推荐。,0.179219343910994,1.0,1.0,0.9124300203593676,0.5157602048020477,因毒性/广谱细胞毒性/滥用风险/工具化合物属性，仅保留在补充表，不进入 pre-BBB 主表。,False,,mechanistic_reference_only_excluded_from_main,pending_manual_swissadme,,v2 pre-BBB 阶段不使用启发式 BBB；等待 SwissADME 手工复核。,围绕 NFE2L2 lesion-associated transcriptional/stress-adaptation program 的探索性候选线索，不解释为直接抑制或激活 NFE2L2。,True,False,False,True,NFE2L2,工具化合物/高风险或需人工复核类别。 CNS/epilepsy 转化语境不足或需人工核查。,False,0.522335471225323,0.0358438687821988,0.18,0.16,0.024,0.013000000000000001,0.10949160244312411,0.0,0.0,0.2,0.18,0.38,0.14233547122532297,tool_or_broad_epigenetic;low_cns_epilepsy_relevance,retained_full_list,supplementary,保留在 supplementary/retained full list；未达到 v2.1 primary 或 supportive 门槛。
TERT-BUTYL HYDROPEROXIDE,TERT-BUTYL HYDROPEROXIDE,NFE2L2,0.3377909641738005,0.16273785302802,NFE2L2:1;BHLHE40:1,BHLHE40_supplement_program;NFE2L2_core_program,2,1,NFE2L2_core_program,0.1178816306464856,6.744389886888516e-07,57.52956825593981,24,TERT-BUTYL HYDROPEROXIDE CTD 00007349,DSigDB,environmental_toxicant,environmental_toxicant,0.65,high_caution_toxic_or_research_chemical,0.05,True,v2 自动聚合注释；仅代表 program-guided exploratory clue，不代表治疗推荐。,0.1043738569575353,1.0,1.0,0.6627378530280201,0.5223311853295023,因毒性/广谱细胞毒性/滥用风险/工具化合物属性，仅保留在补充表，不进入 pre-BBB 主表。,False,,mechanistic_reference_only_excluded_from_main,pending_manual_swissadme,,v2 pre-BBB 阶段不使用启发式 BBB；等待 SwissADME 手工复核。,围绕 NFE2L2 lesion-associated transcriptional/stress-adaptation program 的探索性候选线索，不解释为直接抑制或激活 NFE2L2。,True,False,False,True,NFE2L2,工具化合物/高风险或需人工复核类别。 CNS/epilepsy 转化语境不足或需人工核查。,False,0.5054033137548695,0.020874771391507063,0.18,0.16,0.052000000000000005,0.013000000000000001,0.07952854236336242,0.0,0.0,0.2,0.18,0.38,0.12540331375486946,tool_or_broad_epigenetic;low_cns_epilepsy_relevance,retained_full_list,supplementary,保留在 supplementary/retained full list；未达到 v2.1 primary 或 supportive 门槛。
dinoprost,dinoprost,THRB,0.5010138992281804,0.5010138992281804,THRB:2,THRB_core_program;THRB_regulon_targets,2,2,THRB_core_program,0.1576467770165661,0.2017615720214794,62.58334006884147,39,dinoprost HL60 UP,DSigDB,redox/stress-adaptation,redox/stress-adaptation,1.0,identifier_or_tool_compound_manual_review,0.25,True,v2 自动聚合注释；仅代表 program-guided exploratory clue，不代表治疗推荐。,0.0258863787872655,1.0,1.0,1.0,0.6027659136361797,因毒性/广谱细胞毒性/滥用风险/工具化合物属性，仅保留在补充表，不进入 pre-BBB 主表。,False,THRB gene set 较小；FDR 较弱但具轴线/机制支持，保留为 manual_review_weak_fdr。,manual_review_weak_fdr,pending_manual_swissadme,,v2 pre-BBB 阶段不使用启发式 BBB；等待 SwissADME 手工复核。,围绕 THRB internal_control-associated synaptic/calcium/homeostatic-supportive program 的探索性候选线索，不解释为直接激动 THRB 即治疗。,True,False,True,True,THRB,工具化合物/高风险或需人工复核类别。 THRB weak-FDR 或弱 FDR 手工复核候选。 CNS/epilepsy 转化语境不足或需人工核查。,False,0.6101772757574531,0.0051772757574531005,0.18,0.16,0.08,0.065,0.12,0.12,0.0,0.2,0.18,0.5,0.11017727575745306,weak_fdr;tool_or_broad_epigenetic;low_cns_epilepsy_relevance,retained_full_list,supplementary,保留在 supplementary/retained full list；未达到 v2.1 primary 或 supportive 门槛。
thapsigargin,thapsigargin,THRB,0.4891872317439056,0.164016214500492,THRB:2;NFE2L2:1,NFE2L2_core_program;THRB_core_program;THRB_regulon_targets,3,3,THRB_core_program,0.0576989929327775,3.649153482521449e-05,55.94534976697327,48,thapsigargin PC3 UP,DSigDB,未自动识别；需人工核实,unknown,0.3,high_caution_toxic_or_research_chemical,0.05,True,v2 自动聚合注释；仅代表 program-guided exploratory clue，不代表治疗推荐。,0.0779598396015032,1.0,1.0,0.664016214500492,0.4655092490404903,因毒性/广谱细胞毒性/滥用风险/工具化合物属性，仅保留在补充表，不进入 pre-BBB 主表。,False,,mechanistic_reference_only_excluded_from_main,pending_manual_swissadme,,v2 pre-BBB 阶段不使用启发式 BBB；等待 SwissADME 手工复核。,围绕 THRB internal_control-associated synaptic/calcium/homeostatic-supportive program 的探索性候选线索，不解释为直接激动 THRB 即治疗。,True,False,False,True,THRB,工具化合物/高风险或需人工复核类别。 CNS/epilepsy 转化语境不足或需人工核查。,False,0.47227391366035976,0.01559196792030064,0.18,0.16,0.024,0.013000000000000001,0.07968194574005903,0.0,0.0,0.2,0.18,0.38,0.09227391366035975,tool_or_broad_epigenetic;low_cns_epilepsy_relevance,retained_full_list,supplementary,保留在 supplementary/retained full list；未达到 v2.1 primary 或 supportive 门槛。
ethaverine,ethaverine,THRB,0.5805327727430847,0.5805327727430847,THRB:2,THRB_core_program;THRB_regulon_targets,2,2,THRB_core_program,0.1589990391098136,0.1520216827430066,318.3547328251434,13,ethaverine PC3 UP,DSigDB,未自动识别；需人工核实,unknown,0.3,identifier_or_tool_compound_manual_review,0.25,True,v2 自动聚合注释；仅代表 program-guided exploratory clue，不代表治疗推荐。,0.153899985259403,1.0,1.0,1.0,0.5431699955778209,因毒性/广谱细胞毒性/滥用风险/工具化合物属性，仅保留在补充表，不进入 pre-BBB 主表。,False,THRB gene set 较小；FDR 较弱但具轴线/机制支持，保留为 manual_review_weak_fdr。,manual_review_weak_fdr,pending_manual_swissadme,,v2 pre-BBB 阶段不使用启发式 BBB；等待 SwissADME 手工复核。,围绕 THRB internal_control-associated synaptic/calcium/homeostatic-supportive program 的探索性候选线索，不解释为直接激动 THRB 即治疗。,True,False,True,True,THRB,工具化合物/高风险或需人工复核类别。 THRB weak-FDR 或弱 FDR 手工复核候选。 CNS/epilepsy 转化语境不足或需人工核查。,False,0.5797799970518807,0.0307799970518806,0.18,0.16,0.024,0.065,0.12,0.12,0.0,0.2,0.18,0.5,0.07977999705188066,weak_fdr;tool_or_broad_epigenetic;low_cns_epilepsy_relevance,retained_full_list,supplementary,保留在 supplementary/retained full list；未达到 v2.1 primary 或 supportive 门槛。
etilefrine,etilefrine,THRB,0.5332774887829073,0.5332774887829073,THRB:2,THRB_core_program;THRB_regulon_targets,2,2,THRB_core_program,0.1579863792952348,0.1879167611881415,166.7913365695687,20,etilefrine PC3 UP,DSigDB,未自动识别；需人工核实,unknown,0.3,identifier_or_tool_compound_manual_review,0.25,True,v2 自动聚合注释；仅代表 program-guided exploratory clue，不代表治疗推荐。,0.0777583545884832,1.0,1.0,1.0,0.5203275063765449,因毒性/广谱细胞毒性/滥用风险/工具化合物属性，仅保留在补充表，不进入 pre-BBB 主表。,False,THRB gene set 较小；FDR 较弱但具轴线/机制支持，保留为 manual_review_weak_fdr。,manual_review_weak_fdr,pending_manual_swissadme,,v2 pre-BBB 阶段不使用启发式 BBB；等待 SwissADME 手工复核。,围绕 THRB internal_control-associated synaptic/calcium/homeostatic-supportive program 的探索性候选线索，不解释为直接激动 THRB 即治疗。,True,False,True,True,THRB,工具化合物/高风险或需人工复核类别。 THRB weak-FDR 或弱 FDR 手工复核候选。 CNS/epilepsy 转化语境不足或需人工核查。,False,0.5645516709176966,0.01555167091769664,0.18,0.16,0.024,0.065,0.12,0.12,0.0,0.2,0.18,0.5,0.06455167091769665,weak_fdr;tool_or_broad_epigenetic;low_cns_epilepsy_relevance,retained_full_list,supplementary,保留在 supplementary/retained full list；未达到 v2.1 primary 或 supportive 门槛。
1-butanol,1-butanol,THRB,0.5284636818232609,0.5284636818232609,THRB:2,THRB_core_program;THRB_regulon_targets,2,2,THRB_core_program,0.1579863792952348,0.1879167611881415,151.13839929513645,22,1-butanol CTD 00007334,DSigDB,未自动识别；需人工核实,unknown,0.3,identifier_or_tool_compound_manual_review,0.25,True,v2 自动聚合注释；仅代表 program-guided exploratory clue，不代表治疗推荐。,0.0700353181963968,1.0,1.0,1.0,0.5180105954589189,因毒性/广谱细胞毒性/滥用风险/工具化合物属性，仅保留在补充表，不进入 pre-BBB 主表。,False,THRB gene set 较小；FDR 较弱但具轴线/机制支持，保留为 manual_review_weak_fdr。,manual_review_weak_fdr,pending_manual_swissadme,,v2 pre-BBB 阶段不使用启发式 BBB；等待 SwissADME 手工复核。,围绕 THRB internal_control-associated synaptic/calcium/homeostatic-supportive program 的探索性候选线索，不解释为直接激动 THRB 即治疗。,True,False,True,True,THRB,工具化合物/高风险或需人工复核类别。 THRB weak-FDR 或弱 FDR 手工复核候选。 CNS/epilepsy 转化语境不足或需人工核查。,False,0.5630070636392794,0.01400706363927936,0.18,0.16,0.024,0.065,0.12,0.12,0.0,0.2,0.18,0.5,0.06300706363927944,weak_fdr;tool_or_broad_epigenetic;low_cns_epilepsy_relevance,retained_full_list,supplementary,保留在 supplementary/retained full list；未达到 v2.1 primary 或 supportive 门槛。
phenoxybenzamine,phenoxybenzamine,THRB,0.520870406175676,0.520870406175676,THRB:2,THRB_core_program;THRB_regulon_targets,2,2,THRB_core_program,0.1579531900974611,0.1892268319389974,126.5162089708299,25,phenoxybenzamine MCF7 DOWN,DSigDB,未自动识别；需人工核实,unknown,0.3,identifier_or_tool_compound_manual_review,0.25,True,v2 自动聚合注释；仅代表 program-guided exploratory clue，不代表治疗推荐。,0.0578423025122412,1.0,1.0,1.0,0.5143526907536723,因毒性/广谱细胞毒性/滥用风险/工具化合物属性，仅保留在补充表，不进入 pre-BBB 主表。,False,THRB gene set 较小；FDR 较弱但具轴线/机制支持，保留为 manual_review_weak_fdr。,manual_review_weak_fdr,pending_manual_swissadme,,v2 pre-BBB 阶段不使用启发式 BBB；等待 SwissADME 手工复核。,围绕 THRB internal_control-associated synaptic/calcium/homeostatic-supportive program 的探索性候选线索，不解释为直接激动 THRB 即治疗。,True,False,True,True,THRB,工具化合物/高风险或需人工复核类别。 THRB weak-FDR 或弱 FDR 手工复核候选。 CNS/epilepsy 转化语境不足或需人工核查。,False,0.5605684605024484,0.01156846050244824,0.18,0.16,0.024,0.065,0.12,0.12,0.0,0.2,0.18,0.5,0.06056846050244835,weak_fdr;tool_or_broad_epigenetic;low_cns_epilepsy_relevance,retained_full_list,supplementary,保留在 supplementary/retained full list；未达到 v2.1 primary 或 supportive 门槛。
chlorpromazine,chlorpromazine,THRB,0.5039645975123643,0.5039645975123643,THRB:2,THRB_core_program;THRB_regulon_targets,2,2,THRB_core_program,0.1576989929327775,0.1995682971117345,72.0700051727417,35,chlorpromazine PC3 UP,DSigDB,未自动识别；需人工核实,unknown,0.3,identifier_or_tool_compound_manual_review,0.25,True,v2 自动聚合注释；仅代表 program-guided exploratory clue，不代表治疗推荐。,0.0306372250351697,1.0,1.0,1.0,0.5061911675105508,因毒性/广谱细胞毒性/滥用风险/工具化合物属性，仅保留在补充表，不进入 pre-BBB 主表。,False,THRB gene set 较小；FDR 较弱但具轴线/机制支持，保留为 manual_review_weak_fdr。,manual_review_weak_fdr,pending_manual_swissadme,,v2 pre-BBB 阶段不使用启发式 BBB；等待 SwissADME 手工复核。,围绕 THRB internal_control-associated synaptic/calcium/homeostatic-supportive program 的探索性候选线索，不解释为直接激动 THRB 即治疗。,True,False,True,True,THRB,工具化合物/高风险或需人工复核类别。 THRB weak-FDR 或弱 FDR 手工复核候选。 CNS/epilepsy 转化语境不足或需人工核查。,False,0.555127445007034,0.006127445007033941,0.18,0.16,0.024,0.065,0.12,0.12,0.0,0.2,0.18,0.5,0.05512744500703404,weak_fdr;tool_or_broad_epigenetic;low_cns_epilepsy_relevance,retained_full_list,supplementary,保留在 supplementary/retained full list；未达到 v2.1 primary 或 supportive 门槛。
cefalotin,cefalotin,THRB,0.5035600088055333,0.5035600088055333,THRB:2,THRB_core_program;THRB_regulon_targets,2,2,THRB_core_program,0.1576989929327775,0.1995682971117345,70.7544140609547,36,cefalotin HL60 UP,DSigDB,未自动识别；需人工核实,unknown,0.3,identifier_or_tool_compound_manual_review,0.25,True,v2 自动聚合注释；仅代表 program-guided exploratory clue，不代表治疗推荐。,0.0299881227066225,1.0,1.0,1.0,0.5059964368119867,因毒性/广谱细胞毒性/滥用风险/工具化合物属性，仅保留在补充表，不进入 pre-BBB 主表。,False,THRB gene set 较小；FDR 较弱但具轴线/机制支持，保留为 manual_review_weak_fdr。,manual_review_weak_fdr,pending_manual_swissadme,,v2 pre-BBB 阶段不使用启发式 BBB；等待 SwissADME 手工复核。,围绕 THRB internal_control-associated synaptic/calcium/homeostatic-supportive program 的探索性候选线索，不解释为直接激动 THRB 即治疗。,True,False,True,True,THRB,工具化合物/高风险或需人工复核类别。 THRB weak-FDR 或弱 FDR 手工复核候选。 CNS/epilepsy 转化语境不足或需人工核查。,False,0.5549976245413245,0.0059976245413245,0.18,0.16,0.024,0.065,0.12,0.12,0.0,0.2,0.18,0.5,0.05499762454132451,weak_fdr;tool_or_broad_epigenetic;low_cns_epilepsy_relevance,retained_full_list,supplementary,保留在 supplementary/retained full list；未达到 v2.1 primary 或 supportive 门槛。
AC1L1FUW,AC1L1FUW,THRB,0.5024185571060911,0.5024185571060911,THRB:2,THRB_core_program;THRB_regulon_targets,2,2,THRB_core_program,0.1576989929327775,0.1995682971117345,67.04278374363157,38,AC1L1FUW CTD 00002630,DSigDB,未自动识别；需人工核实,unknown,0.3,identifier_or_tool_compound_manual_review,0.25,True,v2 自动聚合注释；仅代表 program-guided exploratory clue，不代表治疗推荐。,0.0281568334404552,1.0,1.0,1.0,0.5054470500321365,因毒性/广谱细胞毒性/滥用风险/工具化合物属性，仅保留在补充表，不进入 pre-BBB 主表。,False,THRB gene set 较小；FDR 较弱但具轴线/机制支持，保留为 manual_review_weak_fdr。,manual_review_weak_fdr,pending_manual_swissadme,,v2 pre-BBB 阶段不使用启发式 BBB；等待 SwissADME 手工复核。,围绕 THRB internal_control-associated synaptic/calcium/homeostatic-supportive program 的探索性候选线索，不解释为直接激动 THRB 即治疗。,True,False,True,True,THRB,工具化合物/高风险或需人工复核类别。 THRB weak-FDR 或弱 FDR 手工复核候选。 CNS/epilepsy 转化语境不足或需人工核查。,False,0.5546313666880911,0.00563136668809104,0.18,0.16,0.024,0.065,0.12,0.12,0.0,0.2,0.18,0.5,0.0546313666880911,weak_fdr;tool_or_broad_epigenetic;low_cns_epilepsy_relevance,retained_full_list,supplementary,保留在 supplementary/retained full list；未达到 v2.1 primary 或 supportive 门槛。
zardaverine,zardaverine,THRB,0.4972882838124326,0.4972882838124326,THRB:2,THRB_core_program;THRB_regulon_targets,2,2,THRB_core_program,0.1573604219257898,0.2142252873387509,51.06138805719774,42,zardaverine HL60 UP,DSigDB,未自动识别；需人工核实,unknown,0.3,identifier_or_tool_compound_manual_review,0.25,True,v2 自动聚合注释；仅代表 program-guided exploratory clue，不代表治疗推荐。,0.0198165564575975,1.0,1.0,0.9972882838124326,0.5027280296422738,因毒性/广谱细胞毒性/滥用风险/工具化合物属性，仅保留在补充表，不进入 pre-BBB 主表。,False,THRB gene set 较小；FDR 较弱但具轴线/机制支持，保留为 manual_review_weak_fdr。,manual_review_weak_fdr,pending_manual_swissadme,,v2 pre-BBB 阶段不使用启发式 BBB；等待 SwissADME 手工复核。,围绕 THRB internal_control-associated synaptic/calcium/homeostatic-supportive program 的探索性候选线索，不解释为直接激动 THRB 即治疗。,True,False,True,True,THRB,工具化合物/高风险或需人工复核类别。 THRB weak-FDR 或弱 FDR 手工复核候选。 CNS/epilepsy 转化语境不足或需人工核查。,False,0.5526379053490114,0.0039633112915195,0.18,0.16,0.024,0.065,0.11967459405749191,0.12,0.0,0.2,0.18,0.5,0.05263790534901136,weak_fdr;tool_or_broad_epigenetic;low_cns_epilepsy_relevance,retained_full_list,supplementary,保留在 supplementary/retained full list；未达到 v2.1 primary 或 supportive 门槛。
levodopa,levodopa,THRB,0.4970616539408079,0.4970616539408079,THRB:2,THRB_core_program;THRB_regulon_targets,2,2,THRB_core_program,0.1573604219257898,0.2142252873387509,50.32446129740212,43,levodopa BOSS,DSigDB,未自动识别；需人工核实,unknown,0.3,identifier_or_tool_compound_manual_review,0.25,True,v2 自动聚合注释；仅代表 program-guided exploratory clue，不代表治疗推荐。,0.0194529625784155,1.0,1.0,0.997061653940808,0.5026008210887892,因毒性/广谱细胞毒性/滥用风险/工具化合物属性，仅保留在补充表，不进入 pre-BBB 主表。,False,THRB gene set 较小；FDR 较弱但具轴线/机制支持，保留为 manual_review_weak_fdr。,manual_review_weak_fdr,pending_manual_swissadme,,v2 pre-BBB 阶段不使用启发式 BBB；等待 SwissADME 手工复核。,围绕 THRB internal_control-associated synaptic/calcium/homeostatic-supportive program 的探索性候选线索，不解释为直接激动 THRB 即治疗。,True,False,True,True,THRB,工具化合物/高风险或需人工复核类别。 THRB weak-FDR 或弱 FDR 手工复核候选。 CNS/epilepsy 转化语境不足或需人工核查。,False,0.5525379909885801,0.0038905925156831004,0.18,0.16,0.024,0.065,0.11964739847289696,0.12,0.0,0.2,0.18,0.5,0.05253799098858014,weak_fdr;tool_or_broad_epigenetic;low_cns_epilepsy_relevance,retained_full_list,supplementary,保留在 supplementary/retained full list；未达到 v2.1 primary 或 supportive 门槛。
valinomycin,valinomycin,THRB,0.49684046537931,0.49684046537931,THRB:2,THRB_core_program;THRB_regulon_targets,2,2,THRB_core_program,0.1573604219257898,0.2142252873387509,49.60522791144115,44,valinomycin PC3 UP,DSigDB,未自动识别；需人工核实,unknown,0.3,identifier_or_tool_compound_manual_review,0.25,True,v2 自动聚合注释；仅代表 program-guided exploratory clue，不代表治疗推荐。,0.0190980984710091,1.0,1.0,0.99684046537931,0.5024766667716475,因毒性/广谱细胞毒性/滥用风险/工具化合物属性，仅保留在补充表，不进入 pre-BBB 主表。,False,THRB gene set 较小；FDR 较弱但具轴线/机制支持，保留为 manual_review_weak_fdr。,manual_review_weak_fdr,pending_manual_swissadme,,v2 pre-BBB 阶段不使用启发式 BBB；等待 SwissADME 手工复核。,围绕 THRB internal_control-associated synaptic/calcium/homeostatic-supportive program 的探索性候选线索，不解释为直接激动 THRB 即治疗。,True,False,True,True,THRB,工具化合物/高风险或需人工复核类别。 THRB weak-FDR 或弱 FDR 手工复核候选。 CNS/epilepsy 转化语境不足或需人工核查。,False,0.5524404755397191,0.0038196196942018204,0.18,0.16,0.024,0.065,0.1196208558455172,0.12,0.0,0.2,0.18,0.5,0.05244047553971909,weak_fdr;tool_or_broad_epigenetic;low_cns_epilepsy_relevance,retained_full_list,supplementary,保留在 supplementary/retained full list；未达到 v2.1 primary 或 supportive 门槛。
GDC-0941,GDC-0941,THRB,0.4881298445420059,0.4881298445420059,THRB:2,THRB_core_program;THRB_regulon_targets,2,2,THRB_core_program,0.1576989929327775,0.1995682971117345,20.580529778539493,34,GDC-0941 CTD 00004868,DSigDB,未自动识别；需人工核实,unknown,0.3,identifier_or_tool_compound_manual_review,0.25,True,v2 自动聚合注释；仅代表 program-guided exploratory clue，不代表治疗推荐。,0.0052327220139764,1.0,1.0,0.988129844542006,0.4976202041675533,因毒性/广谱细胞毒性/滥用风险/工具化合物属性，仅保留在补充表，不进入 pre-BBB 主表。,False,THRB gene set 较小；FDR 较弱但具轴线/机制支持，保留为 manual_review_weak_fdr。,manual_review_weak_fdr,pending_manual_swissadme,,v2 pre-BBB 阶段不使用启发式 BBB；等待 SwissADME 手工复核。,围绕 THRB internal_control-associated synaptic/calcium/homeostatic-supportive program 的探索性候选线索，不解释为直接激动 THRB 即治疗。,True,False,True,True,THRB,工具化合物/高风险或需人工复核类别。 THRB weak-FDR 或弱 FDR 手工复核候选。 CNS/epilepsy 转化语境不足或需人工核查。,False,0.548622125747836,0.0010465444027952801,0.18,0.16,0.024,0.065,0.11857558134504072,0.12,0.0,0.2,0.18,0.5,0.048622125747835976,weak_fdr;tool_or_broad_epigenetic;low_cns_epilepsy_relevance,retained_full_list,supplementary,保留在 supplementary/retained full list；未达到 v2.1 primary 或 supportive 门槛。
BARIUM,BARIUM,THRB,0.525665706021557,0.525665706021557,THRB:2,THRB_core_program;THRB_regulon_targets,2,2,THRB_core_program,0.1579740638278921,0.1884018255115205,142.06577419675818,23,BARIUM CTD 00005464,DSigDB,environmental_toxicant,environmental_toxicant,0.65,high_caution_toxic_or_research_chemical,0.05,True,v2 自动聚合注释；仅代表 program-guided exploratory clue，不代表治疗推荐。,0.065542399017188,1.0,1.0,1.0,0.5376627197051564,因毒性/广谱细胞毒性/滥用风险/工具化合物属性，仅保留在补充表，不进入 pre-BBB 主表。,False,THRB gene set 较小；FDR 较弱但具轴线/机制支持，保留为 manual_review_weak_fdr。,manual_review_weak_fdr,pending_manual_swissadme,,v2 pre-BBB 阶段不使用启发式 BBB；等待 SwissADME 手工复核。,围绕 THRB internal_control-associated synaptic/calcium/homeostatic-supportive program 的探索性候选线索，不解释为直接激动 THRB 即治疗。,True,False,True,True,THRB,工具化合物/高风险或需人工复核类别。 THRB weak-FDR 或弱 FDR 手工复核候选。 CNS/epilepsy 转化语境不足或需人工核查。,False,0.5381084798034377,0.0131084798034376,0.18,0.16,0.052000000000000005,0.013000000000000001,0.12,0.12,0.0,0.2,0.18,0.5,0.03810847980343768,weak_fdr;tool_or_broad_epigenetic;low_cns_epilepsy_relevance,retained_full_list,supplementary,保留在 supplementary/retained full list；未达到 v2.1 primary 或 supportive 门槛。
METHAMPHETAMINE,METHAMPHETAMINE,THRB,0.5530150383882105,0.5530150383882105,THRB:2,THRB_core_program;THRB_regulon_targets,2,2,THRB_core_program,0.1589990391098136,0.1520216827430066,228.8759952267877,1,METHAMPHETAMINE CTD 00006286,DSigDB,未自动识别；需人工核实,unknown,0.3,controlled_or_abuse_liability_caution,0.1,True,v2 自动聚合注释；仅代表 program-guided exploratory clue，不代表治疗推荐。,0.1097518784424912,1.0,1.0,1.0,0.5089255635327474,因毒性/广谱细胞毒性/滥用风险/工具化合物属性，仅保留在补充表，不进入 pre-BBB 主表。,False,THRB gene set 较小；FDR 较弱但具轴线/机制支持，保留为 manual_review_weak_fdr。,manual_review_weak_fdr,pending_manual_swissadme,,v2 pre-BBB 阶段不使用启发式 BBB；等待 SwissADME 手工复核。,围绕 THRB internal_control-associated synaptic/calcium/homeostatic-supportive program 的探索性候选线索，不解释为直接激动 THRB 即治疗。,True,False,True,True,THRB,工具化合物/高风险或需人工复核类别。 THRB weak-FDR 或弱 FDR 手工复核候选。 CNS/epilepsy 转化语境不足或需人工核查。,False,0.5319503756884982,0.02195037568849824,0.18,0.16,0.024,0.026000000000000002,0.12,0.12,0.0,0.2,0.18,0.5,0.031950375688498234,weak_fdr;tool_or_broad_epigenetic;low_cns_epilepsy_relevance,retained_full_list,supplementary,保留在 supplementary/retained full list；未达到 v2.1 primary 或 supportive 门槛。
vorinostat,vorinostat,NFE2L2,0.3240302687049899,0.3240302687049899,NFE2L2:1,NFE2L2_core_program,1,1,NFE2L2_core_program,0.1979844979838393,4.342830813124115e-05,53.95635500980094,52,vorinostat MCF7 DOWN,DSigDB,epigenetic/hdac,epigenetic/hdac,1.0,identifier_or_tool_compound_manual_review,0.25,True,v2 自动聚合注释；仅代表 program-guided exploratory clue，不代表治疗推荐。,0.0758607493769422,0.5,1.0,0.82403026870499,0.5236806463094819,因毒性/广谱细胞毒性/滥用风险/工具化合物属性，仅保留在补充表，不进入 pre-BBB 主表。,False,,mechanistic_reference_only_excluded_from_main,pending_manual_swissadme,,v2 pre-BBB 阶段不使用启发式 BBB；等待 SwissADME 手工复核。,围绕 NFE2L2 lesion-associated transcriptional/stress-adaptation program 的探索性候选线索，不解释为直接抑制或激活 NFE2L2。,True,True,False,True,NFE2L2,工具化合物/高风险或需人工复核类别。 HDAC/表观遗传调节倾向，作为机制线索保守后移。 CNS/epilepsy 转化语境不足或需人工核查。,False,0.5090557821199873,0.015172149875388442,0.09,0.16,0.08,0.065,0.0988836322445988,0.0,0.1,0.2,0.18,0.48000000000000004,0.029055782119987217,single_signature;tool_or_broad_epigenetic;low_cns_epilepsy_relevance,retained_full_list,supplementary,保留在 supplementary/retained full list；未达到 v2.1 primary 或 supportive 门槛。
Chlorpyrifos oxon,Chlorpyrifos oxon,THRB,0.4943342897719035,0.4943342897719035,THRB:2,THRB_core_program;THRB_regulon_targets,2,2,THRB_core_program,0.1570203180503462,0.2300325364251407,42.15971778727455,45,Chlorpyrifos oxon CTD 00000500,DSigDB,environmental_toxicant,environmental_toxicant,0.65,high_caution_toxic_or_research_chemical,0.05,True,v2 自动聚合注释；仅代表 program-guided exploratory clue，不代表治疗推荐。,0.0149672996071253,1.0,1.0,0.9943342897719036,0.5220369330638899,因毒性/广谱细胞毒性/滥用风险/工具化合物属性，仅保留在补充表，不进入 pre-BBB 主表。,False,THRB gene set 较小；FDR 较弱但具轴线/机制支持，保留为 manual_review_weak_fdr。,manual_review_weak_fdr,pending_manual_swissadme,,v2 pre-BBB 阶段不使用启发式 BBB；等待 SwissADME 手工复核。,围绕 THRB internal_control-associated synaptic/calcium/homeostatic-supportive program 的探索性候选线索，不解释为直接激动 THRB 即治疗。,True,False,True,True,THRB,工具化合物/高风险或需人工复核类别。 THRB weak-FDR 或弱 FDR 手工复核候选。 CNS/epilepsy 转化语境不足或需人工核查。,False,0.5273135746940535,0.00299345992142506,0.18,0.16,0.052000000000000005,0.013000000000000001,0.11932011477262844,0.12,0.0,0.2,0.18,0.5,0.02731357469405349,weak_fdr;tool_or_broad_epigenetic;low_cns_epilepsy_relevance,retained_full_list,supplementary,保留在 supplementary/retained full list；未达到 v2.1 primary 或 supportive 门槛。
Diacetylmorphine,Diacetylmorphine,THRB,0.5284636818232609,0.5284636818232609,THRB:2,THRB_core_program;THRB_regulon_targets,2,2,THRB_core_program,0.1579863792952348,0.1879167611881415,151.13839929513645,21,Diacetylmorphine CTD 00005784,DSigDB,未自动识别；需人工核实,unknown,0.3,controlled_or_abuse_liability_caution,0.1,True,v2 自动聚合注释；仅代表 program-guided exploratory clue，不代表治疗推荐。,0.0700353181963968,1.0,1.0,1.0,0.497010595458919,因毒性/广谱细胞毒性/滥用风险/工具化合物属性，仅保留在补充表，不进入 pre-BBB 主表。,False,THRB gene set 较小；FDR 较弱但具轴线/机制支持，保留为 manual_review_weak_fdr。,manual_review_weak_fdr,pending_manual_swissadme,,v2 pre-BBB 阶段不使用启发式 BBB；等待 SwissADME 手工复核。,围绕 THRB internal_control-associated synaptic/calcium/homeostatic-supportive program 的探索性候选线索，不解释为直接激动 THRB 即治疗。,True,False,True,True,THRB,工具化合物/高风险或需人工复核类别。 THRB weak-FDR 或弱 FDR 手工复核候选。 CNS/epilepsy 转化语境不足或需人工核查。,False,0.5240070636392794,0.01400706363927936,0.18,0.16,0.024,0.026000000000000002,0.12,0.12,0.0,0.2,0.18,0.5,0.024007063639279402,weak_fdr;tool_or_broad_epigenetic;low_cns_epilepsy_relevance,retained_full_list,supplementary,保留在 supplementary/retained full list；未达到 v2.1 primary 或 supportive 门槛。
DL-Methamphetamine,DL-Methamphetamine,THRB,0.5088377820937173,0.5088377820937173,THRB:2,THRB_core_program;THRB_regulon_targets,2,2,THRB_core_program,0.1576989929327775,0.1995682971117345,87.91601919409594,30,DL-Methamphetamine BOSS,DSigDB,未自动识别；需人工核实,unknown,0.3,controlled_or_abuse_liability_caution,0.1,True,v2 自动聚合注释；仅代表 program-guided exploratory clue，不代表治疗推荐。,0.0384555239787377,1.0,1.0,1.0,0.4875366571936214,因毒性/广谱细胞毒性/滥用风险/工具化合物属性，仅保留在补充表，不进入 pre-BBB 主表。,False,THRB gene set 较小；FDR 较弱但具轴线/机制支持，保留为 manual_review_weak_fdr。,manual_review_weak_fdr,pending_manual_swissadme,,v2 pre-BBB 阶段不使用启发式 BBB；等待 SwissADME 手工复核。,围绕 THRB internal_control-associated synaptic/calcium/homeostatic-supportive program 的探索性候选线索，不解释为直接激动 THRB 即治疗。,True,False,True,True,THRB,工具化合物/高风险或需人工复核类别。 THRB weak-FDR 或弱 FDR 手工复核候选。 CNS/epilepsy 转化语境不足或需人工核查。,False,0.5176911047957475,0.007691104795747541,0.18,0.16,0.024,0.026000000000000002,0.12,0.12,0.0,0.2,0.18,0.5,0.017691104795747536,weak_fdr;tool_or_broad_epigenetic;low_cns_epilepsy_relevance,retained_full_list,supplementary,保留在 supplementary/retained full list；未达到 v2.1 primary 或 supportive 门槛。
ketamine,ketamine,THRB,0.5061948592177985,0.5061948592177985,THRB:2,THRB_core_program;THRB_regulon_targets,2,2,THRB_core_program,0.1576989929327775,0.1995682971117345,79.3220921121178,32,ketamine BOSS,DSigDB,未自动识别；需人工核实,unknown,0.3,controlled_or_abuse_liability_caution,0.1,True,v2 自动聚合注释；仅代表 program-guided exploratory clue，不代表治疗推荐。,0.0342153478097917,1.0,1.0,1.0,0.4862646043429375,因毒性/广谱细胞毒性/滥用风险/工具化合物属性，仅保留在补充表，不进入 pre-BBB 主表。,False,THRB gene set 较小；FDR 较弱但具轴线/机制支持，保留为 manual_review_weak_fdr。,manual_review_weak_fdr,pending_manual_swissadme,,v2 pre-BBB 阶段不使用启发式 BBB；等待 SwissADME 手工复核。,围绕 THRB internal_control-associated synaptic/calcium/homeostatic-supportive program 的探索性候选线索，不解释为直接激动 THRB 即治疗。,True,False,True,True,THRB,工具化合物/高风险或需人工复核类别。 THRB weak-FDR 或弱 FDR 手工复核候选。 CNS/epilepsy 转化语境不足或需人工核查。,False,0.5168430695619584,0.00684306956195834,0.18,0.16,0.024,0.026000000000000002,0.12,0.12,0.0,0.2,0.18,0.5,0.016843069561958357,weak_fdr;tool_or_broad_epigenetic;low_cns_epilepsy_relevance,retained_full_list,supplementary,保留在 supplementary/retained full list；未达到 v2.1 primary 或 supportive 门槛。
dextroamphetamine,dextroamphetamine,THRB,0.4980027989496751,0.4980027989496751,THRB:2,THRB_core_program;THRB_regulon_targets,2,2,THRB_core_program,0.1573604219257898,0.2142252873387509,53.384759293029546,41,dextroamphetamine BOSS,DSigDB,未自动识别；需人工核实,unknown,0.3,controlled_or_abuse_liability_caution,0.1,True,v2 自动聚合注释；仅代表 program-guided exploratory clue，不代表治疗推荐。,0.0209628895893328,1.0,1.0,0.9980027989496753,0.4821290907927738,因毒性/广谱细胞毒性/滥用风险/工具化合物属性，仅保留在补充表，不进入 pre-BBB 主表。,False,THRB gene set 较小；FDR 较弱但具轴线/机制支持，保留为 manual_review_weak_fdr。,manual_review_weak_fdr,pending_manual_swissadme,,v2 pre-BBB 阶段不使用启发式 BBB；等待 SwissADME 手工复核。,围绕 THRB internal_control-associated synaptic/calcium/homeostatic-supportive program 的探索性候选线索，不解释为直接激动 THRB 即治疗。,True,False,True,True,THRB,工具化合物/高风险或需人工复核类别。 THRB weak-FDR 或弱 FDR 手工复核候选。 CNS/epilepsy 转化语境不足或需人工核查。,False,0.5139529137918276,0.00419257791786656,0.18,0.16,0.024,0.026000000000000002,0.11976033587396102,0.12,0.0,0.2,0.18,0.5,0.013952913791827615,weak_fdr;tool_or_broad_epigenetic;low_cns_epilepsy_relevance,retained_full_list,supplementary,保留在 supplementary/retained full list；未达到 v2.1 primary 或 supportive 门槛。
MPTP,MPTP,THRB,0.5094256376051407,0.5094256376051407,THRB:2,THRB_core_program;THRB_regulon_targets,2,2,THRB_core_program,0.1576989929327775,0.1995682971117345,89.82753445091376,29,MPTP BOSS,DSigDB,未自动识别；需人工核实,unknown,0.3,high_caution_toxic_or_research_chemical,0.05,True,v2 自动聚合注释；仅代表 program-guided exploratory clue，不代表治疗推荐。,0.0393986506030644,1.0,1.0,1.0,0.4808195951809193,因毒性/广谱细胞毒性/滥用风险/工具化合物属性，仅保留在补充表，不进入 pre-BBB 主表。,False,THRB gene set 较小；FDR 较弱但具轴线/机制支持，保留为 manual_review_weak_fdr。,manual_review_weak_fdr,pending_manual_swissadme,,v2 pre-BBB 阶段不使用启发式 BBB；等待 SwissADME 手工复核。,围绕 THRB internal_control-associated synaptic/calcium/homeostatic-supportive program 的探索性候选线索，不解释为直接激动 THRB 即治疗。,True,False,True,True,THRB,工具化合物/高风险或需人工复核类别。 THRB weak-FDR 或弱 FDR 手工复核候选。 CNS/epilepsy 转化语境不足或需人工核查。,False,0.5048797301206129,0.00787973012061288,0.18,0.16,0.024,0.013000000000000001,0.12,0.12,0.0,0.2,0.18,0.5,0.004879730120612935,weak_fdr;tool_or_broad_epigenetic;low_cns_epilepsy_relevance,retained_full_list,supplementary,保留在 supplementary/retained full list；未达到 v2.1 primary 或 supportive 门槛。
doxorubicin,doxorubicin,NFE2L2,0.3544793818296634,0.3544793818296634,NFE2L2:1,NFE2L2_regulon_targets,1,1,NFE2L2_regulon_targets,0.239491603572781,7.318122503696737e-09,67.07849230561108,28,doxorubicin PC3 DOWN,DSigDB,broad_cytotoxic/topoisomerase,broad_cytotoxic/topoisomerase,0.65,oncology_or_broad_cytotoxic_caution,0.15,True,v2 自动聚合注释；仅代表 program-guided exploratory clue，不代表治疗推荐。,0.1381381108375934,0.5,1.0,0.8544793818296634,0.4817997837976511,因毒性/广谱细胞毒性/滥用风险/工具化合物属性，仅保留在补充表，不进入 pre-BBB 主表。,False,,mechanistic_reference_only_excluded_from_main,pending_manual_swissadme,,v2 pre-BBB 阶段不使用启发式 BBB；等待 SwissADME 手工复核。,围绕 NFE2L2 lesion-associated transcriptional/stress-adaptation program 的探索性候选线索，不解释为直接抑制或激活 NFE2L2。,True,False,False,True,NFE2L2,工具化合物/高风险或需人工复核类别。 CNS/epilepsy 转化语境不足或需人工核查。,False,0.47116514798707826,0.02762762216751868,0.09,0.16,0.052000000000000005,0.039,0.1025375258195596,0.0,0.1,0.2,0.18,0.48000000000000004,0.0,single_signature;tool_or_broad_epigenetic;low_cns_epilepsy_relevance,retained_full_list,supplementary,保留在 supplementary/retained full list；未达到 v2.1 primary 或 supportive 门槛。
acetaminophen,acetaminophen,NFE2L2,0.3441573119894651,0.3441573119894651,NFE2L2:1,NFE2L2_regulon_targets,1,1,NFE2L2_regulon_targets,0.2346590067528161,2.0124572281229413e-08,43.51431354285575,31,acetaminophen CTD 00005295,DSigDB,未自动识别；需人工核实,unknown,0.3,identifier_or_tool_compound_manual_review,0.25,True,v2 自动聚合注释；仅代表 program-guided exploratory clue，不代表治疗推荐。,0.1200146879591759,0.5,1.0,0.8441573119894652,0.44053699134691,因毒性/广谱细胞毒性/滥用风险/工具化合物属性，仅保留在补充表，不进入 pre-BBB 主表。,False,,mechanistic_reference_only_excluded_from_main,pending_manual_swissadme,,v2 pre-BBB 阶段不使用启发式 BBB；等待 SwissADME 手工复核。,围绕 NFE2L2 lesion-associated transcriptional/stress-adaptation program 的探索性候选线索，不解释为直接抑制或激活 NFE2L2。,True,False,False,True,NFE2L2,工具化合物/高风险或需人工复核类别。 CNS/epilepsy 转化语境不足或需人工核查。,False,0.46430181503057105,0.02400293759183518,0.09,0.16,0.024,0.065,0.10129887743873582,0.0,0.1,0.2,0.18,0.48000000000000004,0.0,single_signature;tool_or_broad_epigenetic;low_cns_epilepsy_relevance,retained_full_list,supplementary,保留在 supplementary/retained full list；未达到 v2.1 primary 或 supportive 门槛。
Bisphenol A,Bisphenol A,NFE2L2,0.3475115812453377,0.3475115812453377,NFE2L2:1,NFE2L2_regulon_targets,1,1,NFE2L2_regulon_targets,0.2333814297684799,2.629480903092372e-08,57.06493162027592,33,Bisphenol A CTD 00000312,DSigDB,environmental_toxicant,environmental_toxicant,0.65,high_caution_toxic_or_research_chemical,0.05,True,v2 自动聚合注释；仅代表 program-guided exploratory clue，不代表治疗推荐。,0.1249828559258041,0.5,1.0,0.8475115812453378,0.4632957832773683,因毒性/广谱细胞毒性/滥用风险/工具化合物属性，仅保留在补充表，不进入 pre-BBB 主表。,False,,mechanistic_reference_only_excluded_from_main,pending_manual_swissadme,,v2 pre-BBB 阶段不使用启发式 BBB；等待 SwissADME 手工复核。,围绕 NFE2L2 lesion-associated transcriptional/stress-adaptation program 的探索性候选线索，不解释为直接抑制或激活 NFE2L2。,True,False,False,True,NFE2L2,工具化合物/高风险或需人工复核类别。 CNS/epilepsy 转化语境不足或需人工核查。,False,0.4416979609346014,0.024996571185160823,0.09,0.16,0.052000000000000005,0.013000000000000001,0.10170138974944053,0.0,0.1,0.2,0.18,0.48000000000000004,0.0,single_signature;tool_or_broad_epigenetic;low_cns_epilepsy_relevance,retained_full_list,supplementary,保留在 supplementary/retained full list；未达到 v2.1 primary 或 supportive 门槛。
podophyllotoxin,podophyllotoxin,NFE2L2,0.3574899760872975,0.3574899760872975,NFE2L2:1,NFE2L2_regulon_targets,1,1,NFE2L2_regulon_targets,0.230131241101709,5.19208409510357e-08,96.2368780061074,36,podophyllotoxin HL60 UP,DSigDB,未自动识别；需人工核实,unknown,0.3,identifier_or_tool_compound_manual_review,0.25,True,v2 自动聚合注释；仅代表 program-guided exploratory clue，不代表治疗推荐。,0.1399403666773599,0.5,1.0,0.8574899760872975,0.4475813080901917,因毒性/广谱细胞毒性/滥用风险/工具化合物属性，仅保留在补充表，不进入 pre-BBB 主表。,False,,mechanistic_reference_only_excluded_from_main,pending_manual_swissadme,,v2 pre-BBB 阶段不使用启发式 BBB；等待 SwissADME 手工复核。,围绕 NFE2L2 lesion-associated transcriptional/stress-adaptation program 的探索性候选线索，不解释为直接抑制或激活 NFE2L2。,True,False,False,True,NFE2L2,工具化合物/高风险或需人工复核类别。 CNS/epilepsy 转化语境不足或需人工核查。,False,0.4698868704659477,0.027988073335471982,0.09,0.16,0.024,0.065,0.1028987971304757,0.0,0.1,0.2,0.18,0.48000000000000004,0.0,single_signature;tool_or_broad_epigenetic;low_cns_epilepsy_relevance,retained_full_list,supplementary,保留在 supplementary/retained full list；未达到 v2.1 primary 或 supportive 门槛。
4-Hydroxytamoxifen,4-Hydroxytamoxifen,NFE2L2,0.3382537471589457,0.3382537471589457,NFE2L2:1,NFE2L2_regulon_targets,1,1,NFE2L2_regulon_targets,0.2183527186237036,6.111059169735387e-07,58.05959044472868,51,4-Hydroxytamoxifen CTD 00000850,DSigDB,未自动识别；需人工核实,unknown,0.3,identifier_or_tool_compound_manual_review,0.25,True,v2 自动聚合注释；仅代表 program-guided exploratory clue，不代表治疗推荐。,0.1052687060595439,0.5,1.0,0.8382537471589457,0.4356409115905788,因毒性/广谱细胞毒性/滥用风险/工具化合物属性，仅保留在补充表，不进入 pre-BBB 主表。,False,,mechanistic_reference_only_excluded_from_main,pending_manual_swissadme,,v2 pre-BBB 阶段不使用启发式 BBB；等待 SwissADME 手工复核。,围绕 NFE2L2 lesion-associated transcriptional/stress-adaptation program 的探索性候选线索，不解释为直接抑制或激活 NFE2L2。,True,False,False,True,NFE2L2,工具化合物/高风险或需人工复核类别。 CNS/epilepsy 转化语境不足或需人工核查。,False,0.4606441908709823,0.021053741211908783,0.09,0.16,0.024,0.065,0.10059044965907349,0.0,0.1,0.2,0.18,0.48000000000000004,0.0,single_signature;tool_or_broad_epigenetic;low_cns_epilepsy_relevance,retained_full_list,supplementary,保留在 supplementary/retained full list；未达到 v2.1 primary 或 supportive 门槛。
zalcitabine,zalcitabine,NFE2L2,0.3353092573538228,0.3353092573538228,NFE2L2:1,NFE2L2_regulon_targets,1,1,NFE2L2_regulon_targets,0.2167343815228014,8.575077294143032e-07,51.83380631754573,54,zalcitabine PC3 DOWN,DSigDB,未自动识别；需人工核实,unknown,0.3,identifier_or_tool_compound_manual_review,0.25,True,v2 自动聚合注释；仅代表 program-guided exploratory clue，不代表治疗推荐。,0.100021227530363,0.5,1.0,0.8353092573538228,0.4338311088474147,因毒性/广谱细胞毒性/滥用风险/工具化合物属性，仅保留在补充表，不进入 pre-BBB 主表。,False,,mechanistic_reference_only_excluded_from_main,pending_manual_swissadme,,v2 pre-BBB 阶段不使用启发式 BBB；等待 SwissADME 手工复核。,围绕 NFE2L2 lesion-associated transcriptional/stress-adaptation program 的探索性候选线索，不解释为直接抑制或激活 NFE2L2。,True,False,False,True,NFE2L2,工具化合物/高风险或需人工复核类别。 CNS/epilepsy 转化语境不足或需人工核查。,False,0.45924135638853136,0.0200042455060726,0.09,0.16,0.024,0.065,0.10023711088245874,0.0,0.1,0.2,0.18,0.48000000000000004,0.0,single_signature;tool_or_broad_epigenetic;low_cns_epilepsy_relevance,retained_full_list,supplementary,保留在 supplementary/retained full list；未达到 v2.1 primary 或 supportive 门槛。
atovaquone,atovaquone,NFE2L2,0.3373365961832881,0.3373365961832881,NFE2L2:1,NFE2L2_core_program,1,1,NFE2L2_core_program,0.2065923537716208,7.16540209254826e-06,79.4124238736978,34,atovaquone MCF7 DOWN,DSigDB,未自动识别；需人工核实,unknown,0.3,identifier_or_tool_compound_manual_review,0.25,True,v2 自动聚合注释；仅代表 program-guided exploratory clue，不代表治疗推荐。,0.0999931513731985,0.5,1.0,0.8373365961832882,0.4339848731066226,因毒性/广谱细胞毒性/滥用风险/工具化合物属性，仅保留在补充表，不进入 pre-BBB 主表。,False,,mechanistic_reference_only_excluded_from_main,pending_manual_swissadme,,v2 pre-BBB 阶段不使用启发式 BBB；等待 SwissADME 手工复核。,围绕 NFE2L2 lesion-associated transcriptional/stress-adaptation program 的探索性候选线索，不解释为直接抑制或激活 NFE2L2。,True,False,False,True,NFE2L2,工具化合物/高风险或需人工复核类别。 CNS/epilepsy 转化语境不足或需人工核查。,False,0.4594790218166343,0.019998630274639703,0.09,0.16,0.024,0.065,0.10048039154199458,0.0,0.1,0.2,0.18,0.48000000000000004,0.0,single_signature;tool_or_broad_epigenetic;low_cns_epilepsy_relevance,retained_full_list,supplementary,保留在 supplementary/retained full list；未达到 v2.1 primary 或 supportive 门槛。
carbamazepine,carbamazepine,NFE2L2,0.3338812384516906,0.3338812384516906,NFE2L2:1,NFE2L2_core_program,1,1,NFE2L2_core_program,0.2056661898924175,8.698358089497906e-06,70.09318511365832,36,carbamazepine CTD 00005574,DSigDB,未自动识别；需人工核实,unknown,0.3,identifier_or_tool_compound_manual_review,0.25,True,v2 自动聚合注释；仅代表 program-guided exploratory clue，不代表治疗推荐。,0.0941499584483974,0.5,1.0,0.8338812384516906,0.4319554866106544,因毒性/广谱细胞毒性/滥用风险/工具化合物属性，仅保留在补充表，不进入 pre-BBB 主表。,False,,mechanistic_reference_only_excluded_from_main,pending_manual_swissadme,,v2 pre-BBB 阶段不使用启发式 BBB；等待 SwissADME 手工复核。,围绕 NFE2L2 lesion-associated transcriptional/stress-adaptation program 的探索性候选线索，不解释为直接抑制或激活 NFE2L2。,True,False,False,True,NFE2L2,工具化合物/高风险或需人工复核类别。 CNS/epilepsy 转化语境不足或需人工核查。,False,0.45789574030388236,0.01882999168967948,0.09,0.16,0.024,0.065,0.10006574861420287,0.0,0.1,0.2,0.18,0.48000000000000004,0.0,single_signature;tool_or_broad_epigenetic;low_cns_epilepsy_relevance,retained_full_list,supplementary,保留在 supplementary/retained full list；未达到 v2.1 primary 或 supportive 门槛。
Irinotecan hydrochloride,Irinotecan hydrochloride,NFE2L2,0.3305625317469455,0.3305625317469455,NFE2L2:1,NFE2L2_core_program,1,1,NFE2L2_core_program,0.2048360533137494,1.0349139576205549e-05,61.01958683196402,37,Irinotecan hydrochloride CTD 00002224,DSigDB,broad_cytotoxic/topoisomerase,broad_cytotoxic/topoisomerase,0.65,oncology_or_broad_cytotoxic_caution,0.15,True,v2 自动聚合注释；仅代表 program-guided exploratory clue，不代表治疗推荐。,0.0885570636749759,0.5,1.0,0.8305625317469456,0.4650121216422485,因毒性/广谱细胞毒性/滥用风险/工具化合物属性，仅保留在补充表，不进入 pre-BBB 主表。,False,,mechanistic_reference_only_excluded_from_main,pending_manual_swissadme,,v2 pre-BBB 阶段不使用启发式 BBB；等待 SwissADME 手工复核。,围绕 NFE2L2 lesion-associated transcriptional/stress-adaptation program 的探索性候选线索，不解释为直接抑制或激活 NFE2L2。,True,False,False,True,NFE2L2,工具化合物/高风险或需人工复核类别。 CNS/epilepsy 转化语境不足或需人工核查。,False,0.45837891654462865,0.017711412734995182,0.09,0.16,0.052000000000000005,0.039,0.09966750380963348,0.0,0.1,0.2,0.18,0.48000000000000004,0.0,single_signature;tool_or_broad_epigenetic;low_cns_epilepsy_relevance,retained_full_list,supplementary,保留在 supplementary/retained full list；未达到 v2.1 primary 或 supportive 门槛。
luteolin,luteolin,NFE2L2,0.337380547727373,0.337380547727373,NFE2L2:1,NFE2L2_core_program,1,1,NFE2L2_core_program,0.2048360533137494,1.0349139576205549e-05,83.18956111060596,38,luteolin HL60 DOWN,DSigDB,未自动识别；需人工核实,unknown,0.3,identifier_or_tool_compound_manual_review,0.25,True,v2 自动聚合注释；仅代表 program-guided exploratory clue，不代表治疗推荐。,0.0994955549730433,0.5,1.0,0.837380547727373,0.4338391103101028,因毒性/广谱细胞毒性/滥用风险/工具化合物属性，仅保留在补充表，不进入 pre-BBB 主表。,False,,mechanistic_reference_only_excluded_from_main,pending_manual_swissadme,,v2 pre-BBB 阶段不使用启发式 BBB；等待 SwissADME 手工复核。,围绕 NFE2L2 lesion-associated transcriptional/stress-adaptation program 的探索性候选线索，不解释为直接抑制或激活 NFE2L2。,True,False,False,True,NFE2L2,工具化合物/高风险或需人工复核类别。 CNS/epilepsy 转化语境不足或需人工核查。,False,0.4593847767218935,0.01989911099460866,0.09,0.16,0.024,0.065,0.10048566572728476,0.0,0.1,0.2,0.18,0.48000000000000004,0.0,single_signature;tool_or_broad_epigenetic;low_cns_epilepsy_relevance,retained_full_list,supplementary,保留在 supplementary/retained full list；未达到 v2.1 primary 或 supportive 门槛。
chlorzoxazone,chlorzoxazone,NFE2L2,0.3254413268547914,0.3254413268547914,NFE2L2:1,NFE2L2_core_program,1,1,NFE2L2_core_program,0.2048360533137494,1.0349139576205549e-05,44.36709128771109,39,chlorzoxazone HL60 DOWN,DSigDB,未自动识别；需人工核实,unknown,0.3,identifier_or_tool_compound_manual_review,0.25,True,v2 自动聚合注释；仅代表 program-guided exploratory clue，不代表治疗推荐。,0.0803408530780426,0.5,1.0,0.8254413268547913,0.427137562071796,因毒性/广谱细胞毒性/滥用风险/工具化合物属性，仅保留在补充表，不进入 pre-BBB 主表。,False,,mechanistic_reference_only_excluded_from_main,pending_manual_swissadme,,v2 pre-BBB 阶段不使用启发式 BBB；等待 SwissADME 手工复核。,围绕 NFE2L2 lesion-associated transcriptional/stress-adaptation program 的探索性候选线索，不解释为直接抑制或激活 NFE2L2。,True,False,False,True,NFE2L2,工具化合物/高风险或需人工复核类别。 CNS/epilepsy 转化语境不足或需人工核查。,False,0.4541211298381835,0.016068170615608522,0.09,0.16,0.024,0.065,0.09905295922257495,0.0,0.1,0.2,0.18,0.48000000000000004,0.0,single_signature;tool_or_broad_epigenetic;low_cns_epilepsy_relevance,retained_full_list,supplementary,保留在 supplementary/retained full list；未达到 v2.1 primary 或 supportive 门槛。
parthenolide,parthenolide,NFE2L2,0.3388601603688027,0.3388601603688027,NFE2L2:1,NFE2L2_core_program,1,1,NFE2L2_core_program,0.2006990468051321,2.4603434987471232e-05,96.56127316819756,45,parthenolide HL60 DOWN,DSigDB,未自动识别；需人工核实,unknown,0.3,identifier_or_tool_compound_manual_review,0.25,True,v2 自动聚合注释；仅代表 program-guided exploratory clue，不代表治疗推荐。,0.1005311765625255,0.5,1.0,0.8388601603688026,0.4342681657982619,因毒性/广谱细胞毒性/滥用风险/工具化合物属性，仅保留在补充表，不进入 pre-BBB 主表。,False,,mechanistic_reference_only_excluded_from_main,pending_manual_swissadme,,v2 pre-BBB 阶段不使用启发式 BBB；等待 SwissADME 手工复核。,围绕 NFE2L2 lesion-associated transcriptional/stress-adaptation program 的探索性候选线索，不解释为直接抑制或激活 NFE2L2。,True,False,False,True,NFE2L2,工具化合物/高风险或需人工复核类别。 CNS/epilepsy 转化语境不足或需人工核查。,False,0.45976945455676144,0.020106235312505102,0.09,0.16,0.024,0.065,0.10066321924425631,0.0,0.1,0.2,0.18,0.48000000000000004,0.0,single_signature;tool_or_broad_epigenetic;low_cns_epilepsy_relevance,retained_full_list,supplementary,保留在 supplementary/retained full list；未达到 v2.1 primary 或 supportive 门槛。
danazol,danazol,NFE2L2,0.3216457992212895,0.3216457992212895,NFE2L2:1,NFE2L2_core_program,1,1,NFE2L2_core_program,0.200641364964742,2.4902305037986376e-05,40.70511794515639,46,danazol HL60 DOWN,DSigDB,未自动识别；需人工核实,unknown,0.3,identifier_or_tool_compound_manual_review,0.25,True,v2 自动聚合注释；仅代表 program-guided exploratory clue，不代表治疗推荐。,0.0728946393413473,0.5,1.0,0.8216457992212896,0.4246000557401073,因毒性/广谱细胞毒性/滥用风险/工具化合物属性，仅保留在补充表，不进入 pre-BBB 主表。,False,,mechanistic_reference_only_excluded_from_main,pending_manual_swissadme,,v2 pre-BBB 阶段不使用启发式 BBB；等待 SwissADME 手工复核。,围绕 NFE2L2 lesion-associated transcriptional/stress-adaptation program 的探索性候选线索，不解释为直接抑制或激活 NFE2L2。,True,False,False,True,NFE2L2,工具化合物/高风险或需人工复核类别。 CNS/epilepsy 转化语境不足或需人工核查。,False,0.45217642377482425,0.01457892786826946,0.09,0.16,0.024,0.065,0.09859749590655474,0.0,0.1,0.2,0.18,0.48000000000000004,0.0,single_signature;tool_or_broad_epigenetic;low_cns_epilepsy_relevance,retained_full_list,supplementary,保留在 supplementary/retained full list；未达到 v2.1 primary 或 supportive 门槛。
primaquine,primaquine,NFE2L2,0.323424264391373,0.323424264391373,NFE2L2:1,NFE2L2_core_program,1,1,NFE2L2_core_program,0.1979844979838393,4.342830813124115e-05,51.98582574084631,53,primaquine PC3 DOWN,DSigDB,未自动识别；需人工核实,unknown,0.3,identifier_or_tool_compound_manual_review,0.25,True,v2 自动聚合注释；仅代表 program-guided exploratory clue，不代表治疗推荐。,0.0748885057022253,0.5,1.0,0.8234242643913731,0.4253404928619774,因毒性/广谱细胞毒性/滥用风险/工具化合物属性，仅保留在补充表，不进入 pre-BBB 主表。,False,,mechanistic_reference_only_excluded_from_main,pending_manual_swissadme,,v2 pre-BBB 阶段不使用启发式 BBB；等待 SwissADME 手工复核。,围绕 NFE2L2 lesion-associated transcriptional/stress-adaptation program 的探索性候选线索，不解释为直接抑制或激活 NFE2L2。,True,False,False,True,NFE2L2,工具化合物/高风险或需人工复核类别。 CNS/epilepsy 转化语境不足或需人工核查。,False,0.45278861286740985,0.014977701140445061,0.09,0.16,0.024,0.065,0.09881091172696477,0.0,0.1,0.2,0.18,0.48000000000000004,0.0,single_signature;tool_or_broad_epigenetic;low_cns_epilepsy_relevance,retained_full_list,supplementary,保留在 supplementary/retained full list；未达到 v2.1 primary 或 supportive 门槛。
atrazine,atrazine,THRB,0.2856133078541347,0.2856133078541347,THRB:1,THRB_core_program,1,1,THRB_core_program,0.1577554643413132,0.1972231028562379,12.280716199541082,26,atrazine CTD 00005450,DSigDB,environmental_toxicant,environmental_toxicant,0.65,high_caution_toxic_or_research_chemical,0.05,True,v2 自动聚合注释；仅代表 program-guided exploratory clue，不代表治疗推荐。,0.0012135804558565,0.5,1.0,0.7856133078541347,0.4212131387650877,因毒性/广谱细胞毒性/滥用风险/工具化合物属性，仅保留在补充表，不进入 pre-BBB 主表。,False,THRB gene set 较小；FDR 较弱但具轴线/机制支持，保留为 manual_review_weak_fdr。,manual_review_weak_fdr,pending_manual_swissadme,,v2 pre-BBB 阶段不使用启发式 BBB；等待 SwissADME 手工复核。,围绕 THRB internal_control-associated synaptic/calcium/homeostatic-supportive program 的探索性候选线索，不解释为直接激动 THRB 即治疗。,True,False,True,True,THRB,工具化合物/高风险或需人工复核类别。 THRB weak-FDR 或弱 FDR 手工复核候选。 CNS/epilepsy 转化语境不足或需人工核查。,False,0.4095163130336675,0.00024271609117130003,0.09,0.16,0.052000000000000005,0.013000000000000001,0.09427359694249617,0.12,0.1,0.2,0.18,0.6000000000000001,0.0,weak_fdr;single_signature;tool_or_broad_epigenetic;low_cns_epilepsy_relevance,retained_full_list,supplementary,保留在 supplementary/retained full list；未达到 v2.1 primary 或 supportive 门槛。
Silica,Silica,THRB,0.2858463200987016,0.2858463200987016,THRB:1,THRB_regulon_targets,1,1,THRB_regulon_targets,0.1568527850876122,0.2382426644538736,14.90626354052444,25,Silica CTD 00006678,DSigDB,environmental_toxicant,environmental_toxicant,0.65,high_caution_toxic_or_research_chemical,0.05,True,v2 自动聚合注释；仅代表 program-guided exploratory clue，不代表治疗推荐。,0.0012954244502519,0.5,1.0,0.7858463200987016,0.4212563329429717,因毒性/广谱细胞毒性/滥用风险/工具化合物属性，仅保留在补充表，不进入 pre-BBB 主表。,False,THRB gene set 较小；FDR 较弱但具轴线/机制支持，保留为 manual_review_weak_fdr。,manual_review_weak_fdr,pending_manual_swissadme,,v2 pre-BBB 阶段不使用启发式 BBB；等待 SwissADME 手工复核。,围绕 THRB internal_control-associated synaptic/calcium/homeostatic-supportive program 的探索性候选线索，不解释为直接激动 THRB 即治疗。,True,False,True,True,THRB,工具化合物/高风险或需人工复核类别。 THRB weak-FDR 或弱 FDR 手工复核候选。 CNS/epilepsy 转化语境不足或需人工核查。,False,0.40956064330189457,0.00025908489005038005,0.09,0.16,0.052000000000000005,0.013000000000000001,0.09430155841184419,0.12,0.1,0.2,0.18,0.6000000000000001,0.0,weak_fdr;single_signature;tool_or_broad_epigenetic;low_cns_epilepsy_relevance,retained_full_list,supplementary,保留在 supplementary/retained full list；未达到 v2.1 primary 或 supportive 门槛。
EXEMESTANE,EXEMESTANE,THRB,0.318257336597783,0.318257336597783,THRB:1,THRB_regulon_targets,1,1,THRB_regulon_targets,0.1568527850876122,0.2382426644538736,120.29636590931148,20,EXEMESTANE CTD 00002383,DSigDB,未自动识别；需人工核实,unknown,0.3,identifier_or_tool_compound_manual_review,0.25,True,v2 自动聚合注释；仅代表 program-guided exploratory clue，不代表治疗推荐。,0.0532940737573916,0.5,1.0,0.818257336597783,0.4184488090550401,因毒性/广谱细胞毒性/滥用风险/工具化合物属性，仅保留在补充表，不进入 pre-BBB 主表。,False,THRB gene set 较小；FDR 较弱但具轴线/机制支持，保留为 manual_review_weak_fdr。,manual_review_weak_fdr,pending_manual_swissadme,,v2 pre-BBB 阶段不使用启发式 BBB；等待 SwissADME 手工复核。,围绕 THRB internal_control-associated synaptic/calcium/homeostatic-supportive program 的探索性候选线索，不解释为直接激动 THRB 即治疗。,True,False,True,True,THRB,工具化合物/高风险或需人工复核类别。 THRB weak-FDR 或弱 FDR 手工复核候选。 CNS/epilepsy 转化语境不足或需人工核查。,False,0.4478496951432123,0.01065881475147832,0.09,0.16,0.024,0.065,0.09819088039173396,0.12,0.1,0.2,0.18,0.6000000000000001,0.0,weak_fdr;single_signature;tool_or_broad_epigenetic;low_cns_epilepsy_relevance,retained_full_list,supplementary,保留在 supplementary/retained full list；未达到 v2.1 primary 或 supportive 门槛。
Gabapentin enacarbil,Gabapentin enacarbil,THRB,0.5805327727430847,0.5805327727430847,THRB:2,THRB_core_program;THRB_regulon_targets,2,2,THRB_core_program,0.1589990391098136,0.1520216827430066,318.3547328251434,12,Gabapentin enacarbil,DSigDB,calcium/synaptic,calcium/synaptic,1.0,cns_or_neuroactive_known_drug,0.95,True,v2 自动聚合注释；仅代表 program-guided exploratory clue，不代表治疗推荐。,0.153899985259403,1.0,1.0,1.0,0.7391699955778209,,True,THRB gene set 较小；FDR 较弱但具轴线/机制支持，保留为 manual_review_weak_fdr。,manual_review_weak_fdr,pending_manual_swissadme,,v2 pre-BBB 阶段不使用启发式 BBB；等待 SwissADME 手工复核。,围绕 THRB internal_control-associated synaptic/calcium/homeostatic-supportive program 的探索性候选线索，不解释为直接激动 THRB 即治疗。,False,False,True,False,THRB,THRB weak-FDR 或弱 FDR 手工复核候选。,True,0.8177799970518805,0.0307799970518806,0.18,0.16,0.08,0.247,0.12,0.12,0.0,0.0,0.0,0.12,0.6977799970518805,weak_fdr,supportive_manual_review_clues,manual_review_weak_fdr,THRB weak-FDR 候选；保留为 supportive/manual-review，不与 NFE2L2 强证据候选混为同一层级。
S-(+)-Rolipram,S-(+)-Rolipram,THRB,0.7086705865838903,0.7086705865838903,THRB:2,THRB_core_program;THRB_regulon_targets,2,2,THRB_core_program,0.1589990391098136,0.1520216827430066,735.0172993440868,3,S-(+)-Rolipram TTD 00010743,DSigDB,phosphodiesterase/cAMP,phosphodiesterase/cAMP,1.0,mechanistically_interpretable_modulator,0.75,True,v2 自动聚合注释；仅代表 program-guided exploratory clue，不代表治疗推荐。,0.3594780252162938,1.0,1.0,1.0,0.7728434075648881,,True,THRB gene set 较小；FDR 较弱但具轴线/机制支持，保留为 manual_review_weak_fdr。,manual_review_weak_fdr,pending_manual_swissadme,,v2 pre-BBB 阶段不使用启发式 BBB；等待 SwissADME 手工复核。,围绕 THRB internal_control-associated synaptic/calcium/homeostatic-supportive program 的探索性候选线索，不解释为直接激动 THRB 即治疗。,False,False,True,False,THRB,THRB weak-FDR 或弱 FDR 手工复核候选。,True,0.8068956050432587,0.07189560504325876,0.18,0.16,0.08,0.195,0.12,0.12,0.0,0.0,0.0,0.12,0.6868956050432588,weak_fdr,supportive_manual_review_clues,manual_review_weak_fdr,THRB weak-FDR 候选；保留为 supportive/manual-review，不与 NFE2L2 强证据候选混为同一层级。
Roflumilast,Roflumilast,THRB,0.6864215097399661,0.6864215097399661,THRB:2,THRB_core_program;THRB_regulon_targets,2,2,THRB_core_program,0.1589990391098136,0.1520216827430066,662.6705253310397,5,Roflumilast CTD 00003916,DSigDB,phosphodiesterase/cAMP,phosphodiesterase/cAMP,1.0,mechanistically_interpretable_modulator,0.75,True,v2 自动聚合注释；仅代表 program-guided exploratory clue，不代表治疗推荐。,0.3237826947644516,1.0,1.0,1.0,0.7621348084293355,,True,THRB gene set 较小；FDR 较弱但具轴线/机制支持，保留为 manual_review_weak_fdr。,manual_review_weak_fdr,pending_manual_swissadme,,v2 pre-BBB 阶段不使用启发式 BBB；等待 SwissADME 手工复核。,围绕 THRB internal_control-associated synaptic/calcium/homeostatic-supportive program 的探索性候选线索，不解释为直接激动 THRB 即治疗。,False,False,True,False,THRB,THRB weak-FDR 或弱 FDR 手工复核候选。,True,0.7997565389528903,0.06475653895289032,0.18,0.16,0.08,0.195,0.12,0.12,0.0,0.0,0.0,0.12,0.6797565389528903,weak_fdr,supportive_manual_review_clues,manual_review_weak_fdr,THRB weak-FDR 候选；保留为 supportive/manual-review，不与 NFE2L2 强证据候选混为同一层级。
zaprinast,zaprinast,THRB,0.6864215097399661,0.6864215097399661,THRB:2,THRB_core_program;THRB_regulon_targets,2,2,THRB_core_program,0.1589990391098136,0.1520216827430066,662.6705253310397,4,zaprinast TTD 00011899,DSigDB,phosphodiesterase/cAMP,phosphodiesterase/cAMP,1.0,mechanistically_interpretable_modulator,0.75,True,v2 自动聚合注释；仅代表 program-guided exploratory clue，不代表治疗推荐。,0.3237826947644516,1.0,1.0,1.0,0.7621348084293355,,True,THRB gene set 较小；FDR 较弱但具轴线/机制支持，保留为 manual_review_weak_fdr。,manual_review_weak_fdr,pending_manual_swissadme,,v2 pre-BBB 阶段不使用启发式 BBB；等待 SwissADME 手工复核。,围绕 THRB internal_control-associated synaptic/calcium/homeostatic-supportive program 的探索性候选线索，不解释为直接激动 THRB 即治疗。,False,False,True,False,THRB,THRB weak-FDR 或弱 FDR 手工复核候选。,True,0.7997565389528903,0.06475653895289032,0.18,0.16,0.08,0.195,0.12,0.12,0.0,0.0,0.0,0.12,0.6797565389528903,weak_fdr,supportive_manual_review_clues,manual_review_weak_fdr,THRB weak-FDR 候选；保留为 supportive/manual-review，不与 NFE2L2 强证据候选混为同一层级。
papaverine,papaverine,THRB,0.6678293697275418,0.6678293697275418,THRB:2,THRB_core_program;THRB_regulon_targets,2,2,THRB_core_program,0.1589990391098136,0.1520216827430066,602.2149225510485,7,papaverine TTD 00010035,DSigDB,phosphodiesterase/cAMP,phosphodiesterase/cAMP,1.0,mechanistically_interpretable_modulator,0.75,True,v2 自动聚合注释；仅代表 program-guided exploratory clue，不代表治疗推荐。,0.2939543748657935,1.0,1.0,1.0,0.753186312459738,,True,THRB gene set 较小；FDR 较弱但具轴线/机制支持，保留为 manual_review_weak_fdr。,manual_review_weak_fdr,pending_manual_swissadme,,v2 pre-BBB 阶段不使用启发式 BBB；等待 SwissADME 手工复核。,围绕 THRB internal_control-associated synaptic/calcium/homeostatic-supportive program 的探索性候选线索，不解释为直接激动 THRB 即治疗。,False,False,True,False,THRB,THRB weak-FDR 或弱 FDR 手工复核候选。,True,0.7937908749731587,0.058790874973158706,0.18,0.16,0.08,0.195,0.12,0.12,0.0,0.0,0.0,0.12,0.6737908749731587,weak_fdr,supportive_manual_review_clues,manual_review_weak_fdr,THRB weak-FDR 候选；保留为 supportive/manual-review，不与 NFE2L2 强证据候选混为同一层级。
trichostatin A,trichostatin A,NFE2L2,0.7627814757346018,0.2753398893377261,NFE2L2:2;THRB:2;BHLHE40:1,BHLHE40_supplement_program;NFE2L2_core_program;NFE2L2_regulon_targets;THRB_core_program;THRB_regulon_targets,5,4,NFE2L2_regulon_targets,0.4758874030182371,2.3652249570962733e-30,255.24775114433743,4,trichostatin A CTD 00000660,DSigDB,metabolic/homeostatic; epigenetic/hdac,metabolic/homeostatic,1.0,mechanistically_interpretable_modulator,0.75,True,v2 自动聚合注释；仅代表 program-guided exploratory clue，不代表治疗推荐。,0.5487946952214672,1.0,1.0,0.7753398893377261,0.8116655997134582,,True,,high_priority_prebbb,pending_manual_swissadme,,v2 pre-BBB 阶段不使用启发式 BBB；等待 SwissADME 手工复核。,围绕 NFE2L2 lesion-associated transcriptional/stress-adaptation program 的探索性候选线索，不解释为直接抑制或激活 NFE2L2。,False,True,False,False,NFE2L2,HDAC/表观遗传调节倾向，作为机制线索保守后移。,True,0.8177997257648206,0.10975893904429344,0.18,0.16,0.08,0.195,0.09304078672052714,0.0,0.0,0.2,0.0,0.2,0.6177997257648207,tool_or_broad_epigenetic,supportive_manual_review_clues,supportive_prebbb,NFE2L2 候选具一定支持，但因工具/机制/语境标签或排序未进入 primary。
MS-275,MS-275,NFE2L2,0.3483707186389,0.2013094546706476,NFE2L2:1;BHLHE40:1,BHLHE40_supplement_program;NFE2L2_regulon_targets,2,1,NFE2L2_regulon_targets,0.2257294656641774,1.3046773458148909e-07,75.69237835595213,41,MS-275 PC3 UP,DSigDB,epigenetic/hdac,epigenetic/hdac,1.0,mechanistically_interpretable_modulator,0.75,True,v2 自动聚合注释；仅代表 program-guided exploratory clue，不代表治疗推荐。,0.1238860348521572,1.0,1.0,0.7013094546706475,0.6782705668292989,,True,,medium_priority_prebbb,pending_manual_swissadme,,v2 pre-BBB 阶段不使用启发式 BBB；等待 SwissADME 手工复核。,围绕 NFE2L2 lesion-associated transcriptional/stress-adaptation program 的探索性候选线索，不解释为直接抑制或激活 NFE2L2。,False,True,False,False,NFE2L2,HDAC/表观遗传调节倾向，作为机制线索保守后移。,True,0.7239343415309092,0.02477720697043144,0.18,0.16,0.08,0.195,0.0841571345604777,0.0,0.0,0.2,0.0,0.2,0.5239343415309092,tool_or_broad_epigenetic,supportive_manual_review_clues,supportive_prebbb,NFE2L2 候选具一定支持，但因工具/机制/语境标签或排序未进入 primary。
scriptaid,scriptaid,NFE2L2,0.3419024094450904,0.1980015886410389,NFE2L2:1;BHLHE40:1,BHLHE40_supplement_program;NFE2L2_regulon_targets,2,1,NFE2L2_regulon_targets,0.223028661542134,2.296311331422276e-07,60.24817034098197,45,scriptaid PC3 UP,DSigDB,epigenetic/hdac,epigenetic/hdac,1.0,mechanistically_interpretable_modulator,0.75,True,v2 自动聚合注释；仅代表 program-guided exploratory clue，不代表治疗推荐。,0.1126349675231535,1.0,1.0,0.6980015886410389,0.6746306173482293,,True,,medium_priority_prebbb,pending_manual_swissadme,,v2 pre-BBB 阶段不使用启发式 BBB；等待 SwissADME 手工复核。,围绕 NFE2L2 lesion-associated transcriptional/stress-adaptation program 的探索性候选线索，不解释为直接抑制或激活 NFE2L2。,False,True,False,False,NFE2L2,HDAC/表观遗传调节倾向，作为机制线索保守后移。,True,0.7212871841415553,0.0225269935046307,0.18,0.16,0.08,0.195,0.08376019063692466,0.0,0.0,0.2,0.0,0.2,0.5212871841415554,tool_or_broad_epigenetic,supportive_manual_review_clues,supportive_prebbb,NFE2L2 候选具一定支持，但因工具/机制/语境标签或排序未进入 primary。
