compound,normalized_compound_name,associated_axis,axis_assignment_score,axis_assignment_margin,axis_counts,supporting_query_sets,support_count,support_count_main_axes,main_supporting_gene_set,main_supporting_gene_set_score,best_adjusted_p,best_combined_score,best_rank,best_term,best_library,indicative_mechanism,indicative_drug_class,mechanism_interpretability_score,translational_caution_category,translational_suitability_score,include_in_main_axis_pool,note,enrichment_support_score,cross_signature_score,axis_relevance_score,axis_assignment_confidence_score,final_score_prebbb,main_table_exclusion_reason,main_table_eligible,weak_fdr_retained_reason,final_priority_tier,BBB_layer,BBB_note,translational_interpretation,tool_compound_like,broad_epigenetic_modulator_like,weak_fdr_manual_review,low_cns_epilepsy_relevance,axis_preference,notes,was_v2_top_priority_clue,weighted_pre_penalty_score_v21,v21_component_enrichment_support_score,v21_component_cross_signature_score,v21_component_axis_relevance_score,v21_component_mechanism_interpretability_score,v21_component_translational_suitability_score,v21_component_axis_assignment_confidence_score,weak_fdr_penalty_value,single_signature_penalty_value,tool_compound_penalty_value,low_cns_epilepsy_relevance_penalty_value,total_penalty_v21,final_score_v21,v21_penalty_reasons,lead_layer_v21,v21_evidence_tier,v21_layer_reason,prebbb_layer_v21,prebbb_evidence_tier_v21,final_score_prebbb_v21,canonical_smiles,swissadme_bbb_prediction,swissadme_gi_absorption,swissadme_pgp_substrate,swissadme_bioavailability_score,swissadme_pains_alerts,swissadme_brenk_alerts,swissadme_leadlikeness_violations,swissadme_synthetic_accessibility,manual_final_bbb_layer,BBB_score,manual_review_note,reviewed_by,reviewed_date,after_bbb_review_status,final_score_after_bbb,after_bbb_final_layer,after_bbb_interpretation_note,after_bbb_rank
VALPROIC ACID,VALPROIC ACID,NFE2L2,0.8946882701719567,0.6097889110329164,NFE2L2:2;THRB:1;BHLHE40:1,BHLHE40_supplement_program;NFE2L2_core_program;NFE2L2_regulon_targets;THRB_core_program,4,3,NFE2L2_regulon_targets,0.6031417390724305,6.386993114410929e-42,420.8450474556488,1,VALPROIC ACID CTD 00006977,DSigDB,epigenetic/hdac,epigenetic/hdac,1.0,cns_or_neuroactive_known_drug,0.95,True,v2 自动聚合注释；仅代表 program-guided exploratory clue，不代表治疗推荐。,0.8015824342408494,1.0,1.0,1.0,0.9334747302722548,,True,,high_priority_prebbb,pending_manual_swissadme,v2 pre-BBB 阶段不使用启发式 BBB；等待 SwissADME 手工复核。,围绕 NFE2L2 lesion-associated transcriptional/stress-adaptation program 的探索性候选线索，不解释为直接抑制或激活 NFE2L2。,False,False,False,False,NFE2L2,已知 CNS/抗癫痫相关药物背景；不按 pan-HDAC 工具化合物处理。,True,0.9473164868481698,0.1603164868481699,0.18,0.16,0.08,0.247,0.12,0.0,0.0,0.0,0.0,0.0,0.9473164868481698,none,primary_mechanism_direction_clues,primary_prebbb,NFE2L2 strict-FDR、多集合/清晰轴线支持，且未被工具化合物或低转化语境标签排除。,primary_mechanism_direction_clues,primary_prebbb,0.9473164868481698,CCCC(CCC)C(=O)O,Yes,High,No,0.85,0,0,1,1.28,CNS-directed clues,1.0,BBB=Yes、GI=High、Pgp=No，且 Brenk/PAINS 未见明显异常。 Bioavailability Score=0.85。,swissadme_csv_v21_manual_input,2026-04-22,reviewed_in_v21_swissadme,0.9536385084263894,headline_cns_mechanism_direction_clues,pre-BBB primary 且 SwissADME 支持 CNS-directed；适合 after-BBB headline 展示，但仍为 exploratory clue。,1
lobeline,lobeline,NFE2L2,0.6444511498605574,0.4952988585697161,NFE2L2:2;BHLHE40:1,BHLHE40_supplement_program;NFE2L2_core_program;NFE2L2_regulon_targets,3,2,NFE2L2_core_program,0.3220106679050101,2.3049767766116253e-16,188.88506668897176,6,lobeline HL60 DOWN,DSigDB,未自动识别；需人工核实,unknown,0.3,cns_or_neuroactive_known_drug,0.95,True,v2 自动聚合注释；仅代表 program-guided exploratory clue，不代表治疗推荐。,0.3091768368633452,1.0,1.0,0.9952988585697162,0.6873769597445809,,True,,medium_priority_prebbb,pending_manual_swissadme,v2 pre-BBB 阶段不使用启发式 BBB；等待 SwissADME 手工复核。,围绕 NFE2L2 lesion-associated transcriptional/stress-adaptation program 的探索性候选线索，不解释为直接抑制或激活 NFE2L2。,False,False,False,False,NFE2L2,auto_v21_default,True,0.792271230401035,0.061835367372669,0.18,0.16,0.024,0.247,0.1194358630283659,0.0,0.0,0.0,0.0,0.0,0.792271230401035,none,primary_mechanism_direction_clues,primary_prebbb,NFE2L2 strict-FDR、多集合/清晰轴线支持，且未被工具化合物或低转化语境标签排除。,primary_mechanism_direction_clues,primary_prebbb,0.792271230401035,CN1[C@@H](CCC[C@@H]1CC(=O)C2=CC=CC=C2)C[C@@H](C3=CC=CC=C3)O,Yes,High,No,0.55,0,0,1,3.23,CNS-directed clues,1.0,BBB=Yes、GI=High、Pgp=No，且 Brenk/PAINS 未见明显异常。 Bioavailability Score=0.55。,swissadme_csv_v21_manual_input,2026-04-22,reviewed_in_v21_swissadme,0.8171986827529107,headline_cns_mechanism_direction_clues,pre-BBB primary 且 SwissADME 支持 CNS-directed；适合 after-BBB headline 展示，但仍为 exploratory clue。,2
Deferoxamine hydrochloride,Deferoxamine hydrochloride,BHLHE40,0.2001652261666581,0.2001652261666581,BHLHE40:1,BHLHE40_supplement_program,1,0,BHLHE40_supplement_program,0.1820811719660615,0.0012120759143285,204.36342872357184,26,Deferoxamine hydrochloride BOSS,DSigDB,未自动识别；补充轴线索,unknown,0.25,requires_manual_translational_review,0.45,False,v2 自动聚合注释；仅代表 program-guided exploratory clue，不代表治疗推荐。,0.1286896621582343,0.5,0.35,0.7001652261666582,0.3356201167408029,,False,,low_priority_retained,pending_manual_swissadme,v2 pre-BBB 阶段不使用启发式 BBB；等待 SwissADME 手工复核。,BHLHE40 仅作为补充轴线索，不进入主文主药物推荐。,False,False,False,True,supplementary,CNS/epilepsy 转化语境不足或需人工核查。,False,0.3927577595716458,0.0257379324316468,0.09,0.0559999999999999,0.02,0.117,0.0840198271399989,0.0,0.1,0.0,0.18,0.28,0.1127577595716458,single_signature;low_cns_epilepsy_relevance,low_priority_not_retained_v21,not_retained,保留在 supplementary/retained full list；未达到 v2.1 primary 或 supportive 门槛。,low_priority_not_retained_v21,not_retained,0.1127577595716458,,,,,,,,,,not_reviewed_bbb_pending,,,,,not_reviewed_bbb_pending,0.1127577595716458,low_priority_not_retained_v21,未进行 v2.1 SwissADME/BBB 复核；保留在 retained/supplementary。,3
"[6-[6-(butanoylamino)purin-9-yl]-2-hydroxy-2-oxo-4a,6,7,7a-tetrahydro-4H-furo[3,2-d][1,3,2]dioxaphosphinin-7-yl] butanoate","[6-[6-(butanoylamino)purin-9-yl]-2-hydroxy-2-oxo-4a,6,7,7a-tetrahydro-4H-furo[3,2-d][1,3,2]dioxaphosphinin-7-yl] butanoate",BHLHE40,0.1655368225936362,0.1655368225936362,BHLHE40:1,BHLHE40_supplement_program,1,0,BHLHE40_supplement_program,0.1856871189845547,0.0005697921424689,84.30150513535405,18,"[6-[6-(butanoylamino)purin-9-yl]-2-hydroxy-2-oxo-4a,6,7,7a-tetrahydro-4H-furo[3,2-d][1,3,2]dioxaphosphinin-7-yl] butanoate CTD 00005796",DSigDB,未自动识别；补充轴线索,unknown,0.25,requires_manual_translational_review,0.45,False,v2 自动聚合注释；仅代表 program-guided exploratory clue，不代表治疗推荐。,0.0742999603626154,0.5,0.35,0.6655368225936362,0.3165329339162755,,False,,low_priority_retained,pending_manual_swissadme,v2 pre-BBB 阶段不使用启发式 BBB；等待 SwissADME 手工复核。,BHLHE40 仅作为补充轴线索，不进入主文主药物推荐。,False,False,False,True,supplementary,CNS/epilepsy 转化语境不足或需人工核查。,False,0.3777244107837594,0.014859992072523,0.09,0.0559999999999999,0.02,0.117,0.0798644187112363,0.0,0.1,0.0,0.18,0.28,0.0977244107837593,single_signature;low_cns_epilepsy_relevance,low_priority_not_retained_v21,not_retained,保留在 supplementary/retained full list；未达到 v2.1 primary 或 supportive 门槛。,low_priority_not_retained_v21,not_retained,0.0977244107837593,,,,,,,,,,not_reviewed_bbb_pending,,,,,not_reviewed_bbb_pending,0.0977244107837593,low_priority_not_retained_v21,未进行 v2.1 SwissADME/BBB 复核；保留在 retained/supplementary。,4
testosterone enanthate,testosterone enanthate,BHLHE40,0.1550549483462728,0.1550549483462728,BHLHE40:1,BHLHE40_supplement_program,1,0,BHLHE40_supplement_program,0.1847507673648558,0.0006931693169329,52.155397013129566,20,testosterone enanthate CTD 00000155,DSigDB,未自动识别；补充轴线索,unknown,0.25,requires_manual_translational_review,0.45,False,v2 自动聚合注释；仅代表 program-guided exploratory clue，不代表治疗推荐。,0.0571804726547181,0.5,0.35,0.6550549483462729,0.3105585376641173,,False,,low_priority_retained,pending_manual_swissadme,v2 pre-BBB 阶段不使用启发式 BBB；等待 SwissADME 手工复核。,BHLHE40 仅作为补充轴线索，不进入主文主药物推荐。,False,False,False,True,supplementary,CNS/epilepsy 转化语境不足或需人工核查。,False,0.3730426883324963,0.0114360945309436,0.09,0.0559999999999999,0.02,0.117,0.0786065938015527,0.0,0.1,0.0,0.18,0.28,0.0930426883324962,single_signature;low_cns_epilepsy_relevance,low_priority_not_retained_v21,not_retained,保留在 supplementary/retained full list；未达到 v2.1 primary 或 supportive 门槛。,low_priority_not_retained_v21,not_retained,0.0930426883324962,,,,,,,,,,not_reviewed_bbb_pending,,,,,not_reviewed_bbb_pending,0.0930426883324962,low_priority_not_retained_v21,未进行 v2.1 SwissADME/BBB 复核；保留在 retained/supplementary。,5
IRON,IRON,BHLHE40,0.1545820031281856,0.1545820031281856,BHLHE40:1,BHLHE40_supplement_program,1,0,BHLHE40_supplement_program,0.1780696539011117,0.0028068117228149,64.44241292176201,42,IRON BOSS,DSigDB,未自动识别；补充轴线索,unknown,0.25,requires_manual_translational_review,0.45,False,v2 自动聚合注释；仅代表 program-guided exploratory clue，不代表治疗推荐。,0.0542605642397416,0.5,0.35,0.6545820031281856,0.3096447295221773,,False,,low_priority_retained,pending_manual_swissadme,v2 pre-BBB 阶段不使用启发式 BBB；等待 SwissADME 手工复核。,BHLHE40 仅作为补充轴线索，不进入主文主药物推荐。,False,False,False,True,supplementary,CNS/epilepsy 转化语境不足或需人工核查。,False,0.3724019532233306,0.0108521128479483,0.09,0.0559999999999999,0.02,0.117,0.0785498403753822,0.0,0.1,0.0,0.18,0.28,0.0924019532233305,single_signature;low_cns_epilepsy_relevance,low_priority_not_retained_v21,not_retained,保留在 supplementary/retained full list；未达到 v2.1 primary 或 supportive 门槛。,low_priority_not_retained_v21,not_retained,0.0924019532233305,,,,,,,,,,not_reviewed_bbb_pending,,,,,not_reviewed_bbb_pending,0.0924019532233305,low_priority_not_retained_v21,未进行 v2.1 SwissADME/BBB 复核；保留在 retained/supplementary。,6
ipratropium bromide,ipratropium bromide,BHLHE40,0.1527961091069024,0.1527961091069024,BHLHE40:1,BHLHE40_supplement_program,1,0,BHLHE40_supplement_program,0.1772576731183006,0.0033268231624005,60.315454966420376,46,ipratropium bromide HL60 DOWN,DSigDB,未自动识别；补充轴线索,unknown,0.25,requires_manual_translational_review,0.45,False,v2 自动聚合注释；仅代表 program-guided exploratory clue，不代表治疗推荐。,0.0511327120007959,0.5,0.35,0.6527961091069024,0.308563502328791,,False,,low_priority_retained,pending_manual_swissadme,v2 pre-BBB 阶段不使用启发式 BBB；等待 SwissADME 手工复核。,BHLHE40 仅作为补充轴线索，不进入主文主药物推荐。,False,False,False,True,supplementary,CNS/epilepsy 转化语境不足或需人工核查。,False,0.3715620754929875,0.0102265424001591,0.09,0.0559999999999999,0.02,0.117,0.0783355330928282,0.0,0.1,0.0,0.18,0.28,0.0915620754929874,single_signature;low_cns_epilepsy_relevance,low_priority_not_retained_v21,not_retained,保留在 supplementary/retained full list；未达到 v2.1 primary 或 supportive 门槛。,low_priority_not_retained_v21,not_retained,0.0915620754929874,,,,,,,,,,not_reviewed_bbb_pending,,,,,not_reviewed_bbb_pending,0.0915620754929874,low_priority_not_retained_v21,未进行 v2.1 SwissADME/BBB 复核；保留在 retained/supplementary。,7
"8-Bromo-cAMP, Na","8-Bromo-cAMP, Na",BHLHE40,0.1498468344795473,0.1498468344795473,BHLHE40:1,BHLHE40_supplement_program,1,0,BHLHE40_supplement_program,0.1816500552294983,0.0013265458089807,41.63644386710597,28,"8-Bromo-cAMP, Na CTD 00007044",DSigDB,未自动识别；补充轴线索,unknown,0.25,requires_manual_translational_review,0.45,False,v2 自动聚合注释；仅代表 program-guided exploratory clue，不代表治疗推荐。,0.0478218429054822,0.5,0.35,0.6498468344795474,0.3073342996300084,,False,,low_priority_retained,pending_manual_swissadme,v2 pre-BBB 阶段不使用启发式 BBB；等待 SwissADME 手工复核。,BHLHE40 仅作为补充轴线索，不进入主文主药物推荐。,False,False,False,True,supplementary,CNS/epilepsy 转化语境不足或需人工核查。,False,0.3705459887186421,0.0095643685810964,0.09,0.0559999999999999,0.02,0.117,0.0779816201375456,0.0,0.1,0.0,0.18,0.28,0.090545988718642,single_signature;low_cns_epilepsy_relevance,low_priority_not_retained_v21,not_retained,保留在 supplementary/retained full list；未达到 v2.1 primary 或 supportive 门槛。,low_priority_not_retained_v21,not_retained,0.090545988718642,,,,,,,,,,not_reviewed_bbb_pending,,,,,not_reviewed_bbb_pending,0.090545988718642,low_priority_not_retained_v21,未进行 v2.1 SwissADME/BBB 复核；保留在 retained/supplementary。,8
Medroxyprogesterone acetate,Medroxyprogesterone acetate,BHLHE40,0.1451189951243761,0.1451189951243761,BHLHE40:1,BHLHE40_supplement_program,1,0,BHLHE40_supplement_program,0.1755014109648427,0.004804961500833,38.9861147434516,49,Medroxyprogesterone acetate CTD 00006623,DSigDB,未自动识别；补充轴线索,unknown,0.25,requires_manual_translational_review,0.45,False,v2 自动聚合注释；仅代表 program-guided exploratory clue，不代表治疗推荐。,0.038247828178655,0.5,0.35,0.6451189951243761,0.3040838680635466,,False,,low_priority_retained,pending_manual_swissadme,v2 pre-BBB 阶段不使用启发式 BBB；等待 SwissADME 手工复核。,BHLHE40 仅作为补充轴线索，不进入主文主药物推荐。,False,False,False,True,supplementary,CNS/epilepsy 转化语境不足或需人工核查。,False,0.3680638450506561,0.007649565635731,0.09,0.0559999999999999,0.02,0.117,0.0774142794149251,0.0,0.1,0.0,0.18,0.28,0.088063845050656,single_signature;low_cns_epilepsy_relevance,low_priority_not_retained_v21,not_retained,保留在 supplementary/retained full list；未达到 v2.1 primary 或 supportive 门槛。,low_priority_not_retained_v21,not_retained,0.088063845050656,,,,,,,,,,not_reviewed_bbb_pending,,,,,not_reviewed_bbb_pending,0.088063845050656,low_priority_not_retained_v21,未进行 v2.1 SwissADME/BBB 复核；保留在 retained/supplementary。,9
Tetradioxin,Tetradioxin,BHLHE40,0.1794023923361209,0.1794023923361209,BHLHE40:1,BHLHE40_supplement_program,1,0,BHLHE40_supplement_program,0.2188676737671256,5.486588448701636e-07,60.72904175178926,5,Tetradioxin CTD 00006848,DSigDB,未自动识别；补充轴线索,unknown,0.25,identifier_or_tool_compound_manual_review,0.25,False,v2 自动聚合注释；仅代表 program-guided exploratory clue，不代表治疗推荐。,0.1072781086119235,0.5,0.35,0.679402392336121,0.2995356239704667,因毒性/广谱细胞毒性/滥用风险/工具化合物属性，仅保留在补充表，不进入 pre-BBB 主表。,False,,mechanistic_reference_only_excluded_from_main,pending_manual_swissadme,v2 pre-BBB 阶段不使用启发式 BBB；等待 SwissADME 手工复核。,BHLHE40 仅作为补充轴线索，不进入主文主药物推荐。,True,False,False,True,supplementary,工具化合物/高风险或需人工复核类别。 CNS/epilepsy 转化语境不足或需人工核查。,False,0.3339839088027192,0.0214556217223847,0.09,0.0559999999999999,0.02,0.065,0.0815282870803345,0.0,0.1,0.2,0.18,0.48,0.0,single_signature;tool_or_broad_epigenetic;low_cns_epilepsy_relevance,low_priority_not_retained_v21,not_retained,保留在 supplementary/retained full list；未达到 v2.1 primary 或 supportive 门槛。,low_priority_not_retained_v21,not_retained,0.0,,,,,,,,,,not_reviewed_bbb_pending,,,,,not_reviewed_bbb_pending,0.0,low_priority_not_retained_v21,未进行 v2.1 SwissADME/BBB 复核；保留在 retained/supplementary。,10
cycloheximide,cycloheximide,BHLHE40,0.1622379136861113,0.1622379136861113,BHLHE40:1,BHLHE40_supplement_program,1,0,BHLHE40_supplement_program,0.1866379138666121,0.0004669609432642,71.60709412473284,17,cycloheximide CTD 00005731,DSigDB,未自动识别；补充轴线索,unknown,0.25,identifier_or_tool_compound_manual_review,0.25,False,v2 自动聚合注释；仅代表 program-guided exploratory clue，不代表治疗推荐。,0.0693149056987465,0.5,0.35,0.6622379136861114,0.2867735048045129,因毒性/广谱细胞毒性/滥用风险/工具化合物属性，仅保留在补充表，不进入 pre-BBB 主表。,False,,mechanistic_reference_only_excluded_from_main,pending_manual_swissadme,v2 pre-BBB 阶段不使用启发式 BBB；等待 SwissADME 手工复核。,BHLHE40 仅作为补充轴线索，不进入主文主药物推荐。,True,False,False,True,supplementary,工具化合物/高风险或需人工复核类别。 CNS/epilepsy 转化语境不足或需人工核查。,False,0.3243315307820826,0.0138629811397493,0.09,0.0559999999999999,0.02,0.065,0.0794685496423333,0.0,0.1,0.2,0.18,0.48,0.0,single_signature;tool_or_broad_epigenetic;low_cns_epilepsy_relevance,low_priority_not_retained_v21,not_retained,保留在 supplementary/retained full list；未达到 v2.1 primary 或 supportive 门槛。,low_priority_not_retained_v21,not_retained,0.0,,,,,,,,,,not_reviewed_bbb_pending,,,,,not_reviewed_bbb_pending,0.0,low_priority_not_retained_v21,未进行 v2.1 SwissADME/BBB 复核；保留在 retained/supplementary。,11
alprostadil,alprostadil,BHLHE40,0.1565135155664041,0.1565135155664041,BHLHE40:1,BHLHE40_supplement_program,1,0,BHLHE40_supplement_program,0.1843237476281107,0.0007579827227145,57.78179374797704,21,alprostadil HL60 UP,DSigDB,redox/stress-adaptation,redox/stress-adaptation,1.0,identifier_or_tool_compound_manual_review,0.25,False,v2 自动聚合注释；仅代表 program-guided exploratory clue，不代表治疗推荐。,0.0593823985722569,0.5,0.35,0.6565135155664041,0.3883358008169894,因毒性/广谱细胞毒性/滥用风险/工具化合物属性，仅保留在补充表，不进入 pre-BBB 主表。,False,,mechanistic_reference_only_excluded_from_main,pending_manual_swissadme,v2 pre-BBB 阶段不使用启发式 BBB；等待 SwissADME 手工复核。,BHLHE40 仅作为补充轴线索，不进入主文主药物推荐。,True,False,False,True,supplementary,工具化合物/高风险或需人工复核类别。 CNS/epilepsy 转化语境不足或需人工核查。,False,0.3816581015824198,0.0118764797144513,0.09,0.0559999999999999,0.08,0.065,0.0787816218679685,0.0,0.1,0.2,0.18,0.48,0.0,single_signature;tool_or_broad_epigenetic;low_cns_epilepsy_relevance,low_priority_not_retained_v21,not_retained,保留在 supplementary/retained full list；未达到 v2.1 primary 或 supportive 门槛。,low_priority_not_retained_v21,not_retained,0.0,,,,,,,,,,not_reviewed_bbb_pending,,,,,not_reviewed_bbb_pending,0.0,low_priority_not_retained_v21,未进行 v2.1 SwissADME/BBB 复核；保留在 retained/supplementary。,12
niclosamide,niclosamide,BHLHE40,0.197746508491711,0.197746508491711,BHLHE40:1,BHLHE40_supplement_program,1,0,BHLHE40_supplement_program,0.331726201939198,0.0013055689827287,197.23306515275664,27,niclosamide BOSS,DSigDB,未自动识别；补充轴线索,unknown,0.25,identifier_or_tool_compound_manual_review,0.25,False,v2 自动聚合注释；仅代表 program-guided exploratory clue，不代表治疗推荐。,0.1246943677721011,0.5,0.35,0.697746508491711,0.3062280310109672,因毒性/广谱细胞毒性/滥用风险/工具化合物属性，仅保留在补充表，不进入 pre-BBB 主表。,False,,mechanistic_reference_only_excluded_from_main,pending_manual_swissadme,v2 pre-BBB 阶段不使用启发式 BBB；等待 SwissADME 手工复核。,BHLHE40 仅作为补充轴线索，不进入主文主药物推荐。,True,False,False,True,supplementary,工具化合物/高风险或需人工复核类别。 CNS/epilepsy 转化语境不足或需人工核查。,False,0.3396684545734255,0.0249388735544202,0.09,0.0559999999999999,0.02,0.065,0.0837295810190053,0.0,0.1,0.2,0.18,0.48,0.0,single_signature;tool_or_broad_epigenetic;low_cns_epilepsy_relevance,low_priority_not_retained_v21,not_retained,保留在 supplementary/retained full list；未达到 v2.1 primary 或 supportive 门槛。,low_priority_not_retained_v21,not_retained,0.0,,,,,,,,,,not_reviewed_bbb_pending,,,,,not_reviewed_bbb_pending,0.0,low_priority_not_retained_v21,未进行 v2.1 SwissADME/BBB 复核；保留在 retained/supplementary。,13
GNF-PF-2812,GNF-PF-2812,BHLHE40,0.2236876935702335,0.2236876935702335,BHLHE40:1,BHLHE40_supplement_program,1,0,BHLHE40_supplement_program,0.1801918092201946,0.0018000728055716,284.76041533886774,32,GNF-PF-2812 TTD 00008260,DSigDB,未自动识别；补充轴线索,unknown,0.25,identifier_or_tool_compound_manual_review,0.25,False,v2 自动聚合注释；仅代表 program-guided exploratory clue，不代表治疗推荐。,0.1658168063938322,0.5,0.35,0.7236876935702334,0.3206400574037683,因毒性/广谱细胞毒性/滥用风险/工具化合物属性，仅保留在补充表，不进入 pre-BBB 主表。,False,,mechanistic_reference_only_excluded_from_main,pending_manual_swissadme,v2 pre-BBB 阶段不使用启发式 BBB；等待 SwissADME 手工复核。,BHLHE40 仅作为补充轴线索，不进入主文主药物推荐。,True,False,False,True,supplementary,工具化合物/高风险或需人工复核类别。 CNS/epilepsy 转化语境不足或需人工核查。,False,0.3510058845071944,0.0331633612787664,0.09,0.0559999999999999,0.02,0.065,0.086842523228428,0.0,0.1,0.2,0.18,0.48,0.0,single_signature;tool_or_broad_epigenetic;low_cns_epilepsy_relevance,low_priority_not_retained_v21,not_retained,保留在 supplementary/retained full list；未达到 v2.1 primary 或 supportive 门槛。,low_priority_not_retained_v21,not_retained,0.0,,,,,,,,,,not_reviewed_bbb_pending,,,,,not_reviewed_bbb_pending,0.0,low_priority_not_retained_v21,未进行 v2.1 SwissADME/BBB 复核；保留在 retained/supplementary。,14
indomethacin,indomethacin,BHLHE40,0.1521571764465126,0.1521571764465126,BHLHE40:1,BHLHE40_supplement_program,1,0,BHLHE40_supplement_program,0.1801073173819839,0.00183219269427,52.34123291289074,34,indomethacin CTD 00006147,DSigDB,未自动识别；补充轴线索,unknown,0.25,identifier_or_tool_compound_manual_review,0.25,False,v2 自动聚合注释；仅代表 program-guided exploratory clue，不代表治疗推荐。,0.0510294134755033,0.5,0.35,0.6521571764465126,0.280481398158372,因毒性/广谱细胞毒性/滥用风险/工具化合物属性，仅保留在补充表，不进入 pre-BBB 主表。,False,,mechanistic_reference_only_excluded_from_main,pending_manual_swissadme,v2 pre-BBB 阶段不使用启发式 BBB；等待 SwissADME 手工复核。,BHLHE40 仅作为补充轴线索，不进入主文主药物推荐。,True,False,False,True,supplementary,工具化合物/高风险或需人工复核类别。 CNS/epilepsy 转化语境不足或需人工核查。,False,0.3194647438686822,0.0102058826951006,0.09,0.0559999999999999,0.02,0.065,0.0782588611735815,0.0,0.1,0.2,0.18,0.48,0.0,single_signature;tool_or_broad_epigenetic;low_cns_epilepsy_relevance,low_priority_not_retained_v21,not_retained,保留在 supplementary/retained full list；未达到 v2.1 primary 或 supportive 门槛。,low_priority_not_retained_v21,not_retained,0.0,,,,,,,,,,not_reviewed_bbb_pending,,,,,not_reviewed_bbb_pending,0.0,low_priority_not_retained_v21,未进行 v2.1 SwissADME/BBB 复核；保留在 retained/supplementary。,15
cephaeline,cephaeline,BHLHE40,0.1496336032161853,0.1496336032161853,BHLHE40:1,BHLHE40_supplement_program,1,0,BHLHE40_supplement_program,0.2296129073130079,0.0020319710539558,35.258343474297014,36,cephaeline HL60 UP,DSigDB,未自动识别；补充轴线索,unknown,0.25,identifier_or_tool_compound_manual_review,0.25,False,v2 自动聚合注释；仅代表 program-guided exploratory clue，不代表治疗推荐。,0.0419361548977775,0.5,0.35,0.6496336032161854,0.2775515347266281,因毒性/广谱细胞毒性/滥用风险/工具化合物属性，仅保留在补充表，不进入 pre-BBB 主表。,False,,mechanistic_reference_only_excluded_from_main,pending_manual_swissadme,v2 pre-BBB 阶段不使用启发式 BBB；等待 SwissADME 手工复核。,BHLHE40 仅作为补充轴线索，不进入主文主药物推荐。,True,False,False,True,supplementary,工具化合物/高风险或需人工复核类别。 CNS/epilepsy 转化语境不足或需人工核查。,False,0.3173432633654977,0.0083872309795555,0.09,0.0559999999999999,0.02,0.065,0.0779560323859422,0.0,0.1,0.2,0.18,0.48,0.0,single_signature;tool_or_broad_epigenetic;low_cns_epilepsy_relevance,low_priority_not_retained_v21,not_retained,保留在 supplementary/retained full list；未达到 v2.1 primary 或 supportive 门槛。,low_priority_not_retained_v21,not_retained,0.0,,,,,,,,,,not_reviewed_bbb_pending,,,,,not_reviewed_bbb_pending,0.0,low_priority_not_retained_v21,未进行 v2.1 SwissADME/BBB 复核；保留在 retained/supplementary。,16
ciclopirox,ciclopirox,BHLHE40,0.1569185466577815,0.1569185466577815,BHLHE40:1,BHLHE40_supplement_program,1,0,BHLHE40_supplement_program,0.179210156860396,0.0022107070412896,69.68011045851388,39,ciclopirox HL60 UP,DSigDB,未自动识别；补充轴线索,unknown,0.25,identifier_or_tool_compound_manual_review,0.25,False,v2 自动聚合注释；仅代表 program-guided exploratory clue，不代表治疗推荐。,0.0583781186050346,0.5,0.35,0.6569185466577815,0.2830669193141329,因毒性/广谱细胞毒性/滥用风险/工具化合物属性，仅保留在补充表，不进入 pre-BBB 主表。,False,,mechanistic_reference_only_excluded_from_main,pending_manual_swissadme,v2 pre-BBB 阶段不使用启发式 BBB；等待 SwissADME 手工复核。,BHLHE40 仅作为补充轴线索，不进入主文主药物推荐。,True,False,False,True,supplementary,工具化合物/高风险或需人工复核类别。 CNS/epilepsy 转化语境不足或需人工核查。,False,0.3215058493199407,0.0116756237210069,0.09,0.0559999999999999,0.02,0.065,0.0788302255989337,0.0,0.1,0.2,0.18,0.48,0.0,single_signature;tool_or_broad_epigenetic;low_cns_epilepsy_relevance,low_priority_not_retained_v21,not_retained,保留在 supplementary/retained full list；未达到 v2.1 primary 或 supportive 门槛。,low_priority_not_retained_v21,not_retained,0.0,,,,,,,,,,not_reviewed_bbb_pending,,,,,not_reviewed_bbb_pending,0.0,low_priority_not_retained_v21,未进行 v2.1 SwissADME/BBB 复核；保留在 retained/supplementary。,17
emetine,emetine,BHLHE40,0.146696210951628,0.146696210951628,BHLHE40:1,BHLHE40_supplement_program,1,0,BHLHE40_supplement_program,0.1773676097186825,0.003251138568005,40.25308061226134,45,emetine HL60 DOWN,DSigDB,未自动识别；补充轴线索,unknown,0.25,identifier_or_tool_compound_manual_review,0.25,False,v2 自动聚合注释；仅代表 program-guided exploratory clue，不代表治疗推荐。,0.0413818949776794,0.5,0.35,0.646696210951628,0.277150265369434,因毒性/广谱细胞毒性/滥用风险/工具化合物属性，仅保留在补充表，不进入 pre-BBB 主表。,False,,mechanistic_reference_only_excluded_from_main,pending_manual_swissadme,v2 pre-BBB 阶段不使用启发式 BBB；等待 SwissADME 手工复核。,BHLHE40 仅作为补充轴线索，不进入主文主药物推荐。,True,False,False,True,supplementary,工具化合物/高风险或需人工复核类别。 CNS/epilepsy 转化语境不足或需人工核查。,False,0.3168799243097312,0.0082763789955358,0.09,0.0559999999999999,0.02,0.065,0.0776035453141953,0.0,0.1,0.2,0.18,0.48,0.0,single_signature;tool_or_broad_epigenetic;low_cns_epilepsy_relevance,low_priority_not_retained_v21,not_retained,保留在 supplementary/retained full list；未达到 v2.1 primary 或 supportive 门槛。,low_priority_not_retained_v21,not_retained,0.0,,,,,,,,,,not_reviewed_bbb_pending,,,,,not_reviewed_bbb_pending,0.0,low_priority_not_retained_v21,未进行 v2.1 SwissADME/BBB 复核；保留在 retained/supplementary。,18
amlexanox,amlexanox,BHLHE40,0.2543701085482443,0.2543701085482443,BHLHE40:1,BHLHE40_supplement_program,1,0,BHLHE40_supplement_program,0.1761228024332912,0.0042189053167741,392.9494506760748,48,amlexanox CTD 00002035,DSigDB,未自动识别；补充轴线索,unknown,0.25,identifier_or_tool_compound_manual_review,0.25,False,v2 自动聚合注释；仅代表 program-guided exploratory clue，不代表治疗推荐。,0.2137259712900919,0.5,0.35,0.7543701085482444,0.3374674000708871,因毒性/广谱细胞毒性/滥用风险/工具化合物属性，仅保留在补充表，不进入 pre-BBB 主表。,False,,mechanistic_reference_only_excluded_from_main,pending_manual_swissadme,v2 pre-BBB 阶段不使用启发式 BBB；等待 SwissADME 手工复核。,BHLHE40 仅作为补充轴线索，不进入主文主药物推荐。,True,False,False,True,supplementary,工具化合物/高风险或需人工复核类别。 CNS/epilepsy 转化语境不足或需人工核查。,False,0.3642696072838077,0.0427451942580183,0.09,0.0559999999999999,0.02,0.065,0.0905244130257893,0.0,0.1,0.2,0.18,0.48,0.0,single_signature;tool_or_broad_epigenetic;low_cns_epilepsy_relevance,low_priority_not_retained_v21,not_retained,保留在 supplementary/retained full list；未达到 v2.1 primary 或 supportive 门槛。,low_priority_not_retained_v21,not_retained,0.0,,,,,,,,,,not_reviewed_bbb_pending,,,,,not_reviewed_bbb_pending,0.0,low_priority_not_retained_v21,未进行 v2.1 SwissADME/BBB 复核；保留在 retained/supplementary。,19
calcitriol,calcitriol,BHLHE40,0.1397231024232835,0.1397231024232835,BHLHE40:1,BHLHE40_supplement_program,1,0,BHLHE40_supplement_program,0.1755014109648427,0.004804961500833,21.44042363082476,50,calcitriol CTD 00005558,DSigDB,未自动识别；补充轴线索,unknown,0.25,identifier_or_tool_compound_manual_review,0.25,False,v2 自动聚合注释；仅代表 program-guided exploratory clue，不代表治疗推荐。,0.0295909218989332,0.5,0.35,0.6397231024232836,0.2730551247635426,因毒性/广谱细胞毒性/滥用风险/工具化合物属性，仅保留在补充表，不进入 pre-BBB 主表。,False,,mechanistic_reference_only_excluded_from_main,pending_manual_swissadme,v2 pre-BBB 阶段不使用启发式 BBB；等待 SwissADME 手工复核。,BHLHE40 仅作为补充轴线索，不进入主文主药物推荐。,True,False,False,True,supplementary,工具化合物/高风险或需人工复核类别。 CNS/epilepsy 转化语境不足或需人工核查。,False,0.3136849566705806,0.0059181843797866,0.09,0.0559999999999999,0.02,0.065,0.076766772290794,0.0,0.1,0.2,0.18,0.48,0.0,single_signature;tool_or_broad_epigenetic;low_cns_epilepsy_relevance,low_priority_not_retained_v21,not_retained,保留在 supplementary/retained full list；未达到 v2.1 primary 或 supportive 门槛。,low_priority_not_retained_v21,not_retained,0.0,,,,,,,,,,not_reviewed_bbb_pending,,,,,not_reviewed_bbb_pending,0.0,low_priority_not_retained_v21,未进行 v2.1 SwissADME/BBB 复核；保留在 retained/supplementary。,20
raloxifene,raloxifene,BHLHE40,0.1423652684374761,0.1423652684374761,BHLHE40:1,BHLHE40_supplement_program,1,0,BHLHE40_supplement_program,0.1754058202880157,0.0049020752517,30.229690454301945,51,raloxifene CTD 00007367,DSigDB,未自动识别；补充轴线索,unknown,0.25,identifier_or_tool_compound_manual_review,0.25,False,v2 自动聚合注释；仅代表 program-guided exploratory clue，不代表治疗推荐。,0.0337989631015848,0.5,0.35,0.6423652684374761,0.2745289104054735,因毒性/广谱细胞毒性/滥用风险/工具化合物属性，仅保留在补充表，不进入 pre-BBB 主表。,False,,mechanistic_reference_only_excluded_from_main,pending_manual_swissadme,v2 pre-BBB 阶段不使用启发式 BBB；等待 SwissADME 手工复核。,BHLHE40 仅作为补充轴线索，不进入主文主药物推荐。,True,False,False,True,supplementary,工具化合物/高风险或需人工复核类别。 CNS/epilepsy 转化语境不足或需人工核查。,False,0.3148436248328141,0.0067597926203169,0.09,0.0559999999999999,0.02,0.065,0.0770838322124971,0.0,0.1,0.2,0.18,0.48,0.0,single_signature;tool_or_broad_epigenetic;low_cns_epilepsy_relevance,low_priority_not_retained_v21,not_retained,保留在 supplementary/retained full list；未达到 v2.1 primary 或 supportive 门槛。,low_priority_not_retained_v21,not_retained,0.0,,,,,,,,,,not_reviewed_bbb_pending,,,,,not_reviewed_bbb_pending,0.0,low_priority_not_retained_v21,未进行 v2.1 SwissADME/BBB 复核；保留在 retained/supplementary。,21
puromycin,puromycin,BHLHE40,0.1456936019567444,0.1456936019567444,BHLHE40:1,BHLHE40_supplement_program,1,0,BHLHE40_supplement_program,0.1742808732165514,0.0062036585959627,43.38014480598863,54,puromycin HL60 UP,DSigDB,未自动识别；补充轴线索,unknown,0.25,identifier_or_tool_compound_manual_review,0.25,False,v2 自动聚合注释；仅代表 program-guided exploratory clue，不代表治疗推荐。,0.0387748922041974,0.5,0.35,0.6456936019567444,0.2762879558177988,因毒性/广谱细胞毒性/滥用风险/工具化合物属性，仅保留在补充表，不进入 pre-BBB 主表。,False,,mechanistic_reference_only_excluded_from_main,pending_manual_swissadme,v2 pre-BBB 阶段不使用启发式 BBB；等待 SwissADME 手工复核。,BHLHE40 仅作为补充轴线索，不进入主文主药物推荐。,True,False,False,True,supplementary,工具化合物/高风险或需人工复核类别。 CNS/epilepsy 转化语境不足或需人工核查。,False,0.3162382106756488,0.0077549784408394,0.09,0.0559999999999999,0.02,0.065,0.0774832322348093,0.0,0.1,0.2,0.18,0.48,0.0,single_signature;tool_or_broad_epigenetic;low_cns_epilepsy_relevance,low_priority_not_retained_v21,not_retained,保留在 supplementary/retained full list；未达到 v2.1 primary 或 supportive 门槛。,low_priority_not_retained_v21,not_retained,0.0,,,,,,,,,,not_reviewed_bbb_pending,,,,,not_reviewed_bbb_pending,0.0,low_priority_not_retained_v21,未进行 v2.1 SwissADME/BBB 复核；保留在 retained/supplementary。,22
strophanthidin,strophanthidin,BHLHE40,0.1435245144395741,0.1435245144395741,BHLHE40:1,BHLHE40_supplement_program,1,0,BHLHE40_supplement_program,0.1736161949910603,0.0071297316256667,37.702360506472935,55,strophanthidin HL60 UP,DSigDB,未自动识别；补充轴线索,unknown,0.25,identifier_or_tool_compound_manual_review,0.25,False,v2 自动聚合注释；仅代表 program-guided exploratory clue，不代表治疗推荐。,0.0350799109909986,0.5,0.35,0.6435245144395741,0.2750059344524656,因毒性/广谱细胞毒性/滥用风险/工具化合物属性，仅保留在补充表，不进入 pre-BBB 主表。,False,,mechanistic_reference_only_excluded_from_main,pending_manual_swissadme,v2 pre-BBB 阶段不使用启发式 BBB；等待 SwissADME 手工复核。,BHLHE40 仅作为补充轴线索，不进入主文主药物推荐。,True,False,False,True,supplementary,工具化合物/高风险或需人工复核类别。 CNS/epilepsy 转化语境不足或需人工核查。,False,0.3152389239309486,0.0070159821981997,0.09,0.0559999999999999,0.02,0.065,0.0772229417327488,0.0,0.1,0.2,0.18,0.48,0.0,single_signature;tool_or_broad_epigenetic;low_cns_epilepsy_relevance,low_priority_not_retained_v21,not_retained,保留在 supplementary/retained full list；未达到 v2.1 primary 或 supportive 门槛。,low_priority_not_retained_v21,not_retained,0.0,,,,,,,,,,not_reviewed_bbb_pending,,,,,not_reviewed_bbb_pending,0.0,low_priority_not_retained_v21,未进行 v2.1 SwissADME/BBB 复核；保留在 retained/supplementary。,23
(-)-Epigallocatechin gallate,(-)-Epigallocatechin gallate,NFE2L2,0.6308076315334321,0.4766691708989584,NFE2L2:2;BHLHE40:1,BHLHE40_supplement_program;NFE2L2_core_program;NFE2L2_regulon_targets,3,2,NFE2L2_regulon_targets,0.3290083050987076,5.327429586692158e-17,130.04092862558915,7,(-)-Epigallocatechin gallate CTD 00002033,DSigDB,redox/stress-adaptation,redox/stress-adaptation,1.0,mechanistically_interpretable_modulator,0.75,True,v2 自动聚合注释；仅代表 program-guided exploratory clue，不代表治疗推荐。,0.2895513676097324,1.0,1.0,0.9766691708989584,0.7499989439548364,,True,,high_priority_prebbb,pending_manual_swissadme,v2 pre-BBB 阶段不使用启发式 BBB；等待 SwissADME 手工复核。,围绕 NFE2L2 lesion-associated transcriptional/stress-adaptation program 的探索性候选线索，不解释为直接抑制或激活 NFE2L2。,False,False,False,False,NFE2L2,auto_v21_default,True,0.7901105740298215,0.0579102735219464,0.18,0.16,0.08,0.195,0.117200300507875,0.0,0.0,0.0,0.0,0.0,0.7901105740298215,none,primary_mechanism_direction_clues,primary_prebbb,NFE2L2 strict-FDR、多集合/清晰轴线支持，且未被工具化合物或低转化语境标签排除。,primary_mechanism_direction_clues,primary_prebbb,0.7901105740298215,C1[C@H]([C@H](OC2=CC(=CC(=C21)O)O)C3=CC(=C(C(=C3)O)O)O)OC(=O)C4=CC(=C(C(=C4)O)O)O,No,Low,No,0.17,1,1,1,4.2,peripheral/program-modulating clues,0.4,BBB=No；不删除候选，改按 peripheral/program-modulating clue 解释。 Bioavailability Score=0.17。,swissadme_csv_v21_manual_input,2026-04-22,reviewed_in_v21_swissadme,0.743297305146243,peripheral_program_modulating_clues,pre-BBB 程序证据较强，但 BBB=No；after-BBB 降为 peripheral/program-modulating mechanism clue。,24
quercetin,quercetin,NFE2L2,0.3287718205533281,0.1390922396444607,NFE2L2:1;BHLHE40:1,BHLHE40_supplement_program;NFE2L2_core_program,2,1,NFE2L2_core_program,0.1119852195201732,7.351214134185998e-08,74.27742463572997,4,quercetin CTD 00006679,DSigDB,redox/stress-adaptation,redox/stress-adaptation,1.0,mechanistically_interpretable_modulator,0.75,True,v2 自动聚合注释；仅代表 program-guided exploratory clue，不代表治疗推荐。,0.1268724056978705,1.0,1.0,0.6390922396444607,0.674189100880918,,True,,medium_priority_prebbb,pending_manual_swissadme,v2 pre-BBB 阶段不使用启发式 BBB；等待 SwissADME 手工复核。,围绕 NFE2L2 lesion-associated transcriptional/stress-adaptation program 的探索性候选线索，不解释为直接抑制或激活 NFE2L2。,False,False,False,False,NFE2L2,auto_v21_default,True,0.7170655498969094,0.0253744811395741,0.18,0.16,0.08,0.195,0.0766910687573352,0.0,0.0,0.0,0.0,0.0,0.7170655498969094,none,primary_mechanism_direction_clues,primary_prebbb,NFE2L2 strict-FDR、多集合/清晰轴线支持，且未被工具化合物或低转化语境标签排除。,primary_mechanism_direction_clues,primary_prebbb,0.7170655498969094,C1=CC(=C(C=C1C2=C(C(=O)C3=C(C=C(C=C3O2)O)O)O)O)O,No,High,No,0.55,1,1,0,3.23,peripheral/program-modulating clues,0.4,BBB=No；不删除候选，改按 peripheral/program-modulating clue 解释。 Bioavailability Score=0.55。,swissadme_csv_v21_manual_input,2026-04-22,reviewed_in_v21_swissadme,0.6790176839092803,peripheral_program_modulating_clues,pre-BBB 程序证据较强，但 BBB=No；after-BBB 降为 peripheral/program-modulating mechanism clue。,25
Gabapentin enacarbil,Gabapentin enacarbil,THRB,0.5805327727430847,0.5805327727430847,THRB:2,THRB_core_program;THRB_regulon_targets,2,2,THRB_core_program,0.1589990391098136,0.1520216827430066,318.3547328251434,12,Gabapentin enacarbil,DSigDB,calcium/synaptic,calcium/synaptic,1.0,cns_or_neuroactive_known_drug,0.95,True,v2 自动聚合注释；仅代表 program-guided exploratory clue，不代表治疗推荐。,0.153899985259403,1.0,1.0,1.0,0.7391699955778209,,True,THRB gene set 较小；FDR 较弱但具轴线/机制支持，保留为 manual_review_weak_fdr。,manual_review_weak_fdr,pending_manual_swissadme,v2 pre-BBB 阶段不使用启发式 BBB；等待 SwissADME 手工复核。,围绕 THRB internal_control-associated synaptic/calcium/homeostatic-supportive program 的探索性候选线索，不解释为直接激动 THRB 即治疗。,False,False,True,False,THRB,THRB weak-FDR 或弱 FDR 手工复核候选。,True,0.8177799970518805,0.0307799970518806,0.18,0.16,0.08,0.247,0.12,0.12,0.0,0.0,0.0,0.12,0.6977799970518805,weak_fdr,supportive_manual_review_clues,manual_review_weak_fdr,THRB weak-FDR 候选；保留为 supportive/manual-review，不与 NFE2L2 强证据候选混为同一层级。,supportive_manual_review_clues,manual_review_weak_fdr,0.6977799970518805,CC(C)C(=O)OC(C)OC(=O)NCC1(CCCCC1)CC(=O)O,No,High,Yes,0.56,0,2,1,3.53,peripheral/program-modulating clues,0.4,BBB=No；不删除候选，改按 peripheral/program-modulating clue 解释。 Bioavailability Score=0.56。,swissadme_csv_v21_manual_input,2026-04-22,reviewed_in_v21_swissadme,0.662046397405655,peripheral_program_modulating_clues,BBB=No 或整体更适合外周/程序调节解释；不删除，只降低 CNS headline 级别。,26
Roflumilast,Roflumilast,THRB,0.6864215097399661,0.6864215097399661,THRB:2,THRB_core_program;THRB_regulon_targets,2,2,THRB_core_program,0.1589990391098136,0.1520216827430066,662.6705253310397,5,Roflumilast CTD 00003916,DSigDB,phosphodiesterase/cAMP,phosphodiesterase/cAMP,1.0,mechanistically_interpretable_modulator,0.75,True,v2 自动聚合注释；仅代表 program-guided exploratory clue，不代表治疗推荐。,0.3237826947644516,1.0,1.0,1.0,0.7621348084293355,,True,THRB gene set 较小；FDR 较弱但具轴线/机制支持，保留为 manual_review_weak_fdr。,manual_review_weak_fdr,pending_manual_swissadme,v2 pre-BBB 阶段不使用启发式 BBB；等待 SwissADME 手工复核。,围绕 THRB internal_control-associated synaptic/calcium/homeostatic-supportive program 的探索性候选线索，不解释为直接激动 THRB 即治疗。,False,False,True,False,THRB,THRB weak-FDR 或弱 FDR 手工复核候选。,True,0.7997565389528903,0.0647565389528903,0.18,0.16,0.08,0.195,0.12,0.12,0.0,0.0,0.0,0.12,0.6797565389528903,weak_fdr,supportive_manual_review_clues,manual_review_weak_fdr,THRB weak-FDR 候选；保留为 supportive/manual-review，不与 NFE2L2 强证据候选混为同一层级。,supportive_manual_review_clues,manual_review_weak_fdr,0.6797565389528903,C1CC1COC2=C(C=CC(=C2)C(=O)NC3=C(C=NC=C3Cl)Cl)OC(F)F,No,High,No,0.55,0,0,3,2.55,peripheral/program-modulating clues,0.4,BBB=No；不删除候选，改按 peripheral/program-modulating clue 解释。 Bioavailability Score=0.55。,swissadme_csv_v21_manual_input,2026-04-22,reviewed_in_v21_swissadme,0.6461857542785435,peripheral_program_modulating_clues,BBB=No 或整体更适合外周/程序调节解释；不删除，只降低 CNS headline 级别。,27
zaprinast,zaprinast,THRB,0.6864215097399661,0.6864215097399661,THRB:2,THRB_core_program;THRB_regulon_targets,2,2,THRB_core_program,0.1589990391098136,0.1520216827430066,662.6705253310397,4,zaprinast TTD 00011899,DSigDB,phosphodiesterase/cAMP,phosphodiesterase/cAMP,1.0,mechanistically_interpretable_modulator,0.75,True,v2 自动聚合注释；仅代表 program-guided exploratory clue，不代表治疗推荐。,0.3237826947644516,1.0,1.0,1.0,0.7621348084293355,,True,THRB gene set 较小；FDR 较弱但具轴线/机制支持，保留为 manual_review_weak_fdr。,manual_review_weak_fdr,pending_manual_swissadme,v2 pre-BBB 阶段不使用启发式 BBB；等待 SwissADME 手工复核。,围绕 THRB internal_control-associated synaptic/calcium/homeostatic-supportive program 的探索性候选线索，不解释为直接激动 THRB 即治疗。,False,False,True,False,THRB,THRB weak-FDR 或弱 FDR 手工复核候选。,True,0.7997565389528903,0.0647565389528903,0.18,0.16,0.08,0.195,0.12,0.12,0.0,0.0,0.0,0.12,0.6797565389528903,weak_fdr,supportive_manual_review_clues,manual_review_weak_fdr,THRB weak-FDR 候选；保留为 supportive/manual-review，不与 NFE2L2 强证据候选混为同一层级。,supportive_manual_review_clues,manual_review_weak_fdr,0.6797565389528903,CCCOC1=CC=CC=C1C2=NC3=NNN=C3C(=O)N2,No,High,No,0.55,0,0,0,2.66,peripheral/program-modulating clues,0.4,BBB=No；不删除候选，改按 peripheral/program-modulating clue 解释。 Bioavailability Score=0.55。,swissadme_csv_v21_manual_input,2026-04-22,reviewed_in_v21_swissadme,0.6461857542785435,peripheral_program_modulating_clues,BBB=No 或整体更适合外周/程序调节解释；不删除，只降低 CNS headline 级别。,28
MS-275,MS-275,NFE2L2,0.3483707186389,0.2013094546706476,NFE2L2:1;BHLHE40:1,BHLHE40_supplement_program;NFE2L2_regulon_targets,2,1,NFE2L2_regulon_targets,0.2257294656641774,1.3046773458148909e-07,75.69237835595213,41,MS-275 PC3 UP,DSigDB,epigenetic/hdac,epigenetic/hdac,1.0,mechanistically_interpretable_modulator,0.75,True,v2 自动聚合注释；仅代表 program-guided exploratory clue，不代表治疗推荐。,0.1238860348521572,1.0,1.0,0.7013094546706475,0.6782705668292989,,True,,medium_priority_prebbb,pending_manual_swissadme,v2 pre-BBB 阶段不使用启发式 BBB；等待 SwissADME 手工复核。,围绕 NFE2L2 lesion-associated transcriptional/stress-adaptation program 的探索性候选线索，不解释为直接抑制或激活 NFE2L2。,False,True,False,False,NFE2L2,HDAC/表观遗传调节倾向，作为机制线索保守后移。,True,0.7239343415309092,0.0247772069704314,0.18,0.16,0.08,0.195,0.0841571345604777,0.0,0.0,0.2,0.0,0.2,0.5239343415309092,tool_or_broad_epigenetic,supportive_manual_review_clues,supportive_prebbb,NFE2L2 候选具一定支持，但因工具/机制/语境标签或排序未进入 primary。,supportive_manual_review_clues,supportive_prebbb,0.5239343415309092,C1=CC=C(C(=C1)N)NC(=O)C2=CC=C(C=C2)CNC(=O)OCC3=CN=CC=C3,No,High,Yes,0.55,0,1,2,2.67,peripheral/program-modulating clues,0.4,BBB=No；不删除候选，改按 peripheral/program-modulating clue 解释。 Bioavailability Score=0.55。,swissadme_csv_v21_manual_input,2026-04-22,reviewed_in_v21_swissadme,0.5090622205472002,peripheral_program_modulating_clues,BBB=No 或整体更适合外周/程序调节解释；不删除，只降低 CNS headline 级别。,29
scriptaid,scriptaid,NFE2L2,0.3419024094450904,0.1980015886410389,NFE2L2:1;BHLHE40:1,BHLHE40_supplement_program;NFE2L2_regulon_targets,2,1,NFE2L2_regulon_targets,0.223028661542134,2.296311331422276e-07,60.24817034098197,45,scriptaid PC3 UP,DSigDB,epigenetic/hdac,epigenetic/hdac,1.0,mechanistically_interpretable_modulator,0.75,True,v2 自动聚合注释；仅代表 program-guided exploratory clue，不代表治疗推荐。,0.1126349675231535,1.0,1.0,0.6980015886410389,0.6746306173482293,,True,,medium_priority_prebbb,pending_manual_swissadme,v2 pre-BBB 阶段不使用启发式 BBB；等待 SwissADME 手工复核。,围绕 NFE2L2 lesion-associated transcriptional/stress-adaptation program 的探索性候选线索，不解释为直接抑制或激活 NFE2L2。,False,True,False,False,NFE2L2,HDAC/表观遗传调节倾向，作为机制线索保守后移。,True,0.7212871841415553,0.0225269935046307,0.18,0.16,0.08,0.195,0.0837601906369246,0.0,0.0,0.2,0.0,0.2,0.5212871841415554,tool_or_broad_epigenetic,supportive_manual_review_clues,supportive_prebbb,NFE2L2 候选具一定支持，但因工具/机制/语境标签或排序未进入 primary。,supportive_manual_review_clues,supportive_prebbb,0.5212871841415554,C1=CC2=C3C(=C1)C(=O)N(C(=O)C3=CC=C2)CCCCCC(=O)NO,No,High,No,0.55,0,2,0,2.31,peripheral/program-modulating clues,0.4,BBB=No；不删除候选，改按 peripheral/program-modulating clue 解释。 Bioavailability Score=0.55。,swissadme_csv_v21_manual_input,2026-04-22,reviewed_in_v21_swissadme,0.5067327220445688,peripheral_program_modulating_clues,BBB=No 或整体更适合外周/程序调节解释；不删除，只降低 CNS headline 级别。,30
scopolamine,scopolamine,NFE2L2,0.5424459279973791,0.5424459279973791,NFE2L2:2,NFE2L2_core_program;NFE2L2_regulon_targets,2,2,NFE2L2_regulon_targets,0.2185768004980337,5.831031791707027e-07,71.22752044955853,49,scopolamine PC3 DOWN,DSigDB,未自动识别；需人工核实,unknown,0.3,cns_or_neuroactive_known_drug,0.95,True,v2 自动聚合注释；仅代表 program-guided exploratory clue，不代表治疗推荐。,0.112066919625664,1.0,1.0,1.0,0.6286200758876991,,True,,medium_priority_prebbb,pending_manual_swissadme,v2 pre-BBB 阶段不使用启发式 BBB；等待 SwissADME 手工复核。,围绕 NFE2L2 lesion-associated transcriptional/stress-adaptation program 的探索性候选线索，不解释为直接抑制或激活 NFE2L2。,False,False,False,False,NFE2L2,auto_v21_default,False,0.7534133839251328,0.0224133839251328,0.18,0.16,0.024,0.247,0.12,0.0,0.0,0.0,0.0,0.0,0.7534133839251328,none,retained_full_list,supplementary,保留在 supplementary/retained full list；未达到 v2.1 primary 或 supportive 门槛。,retained_full_list,supplementary,0.7534133839251328,,,,,,,,,,not_reviewed_bbb_pending,,,,,not_reviewed_bbb_pending,0.7534133839251328,retained_full_list_after_bbb,未进行 v2.1 SwissADME/BBB 复核；保留在 retained/supplementary。,31
gabapentin,gabapentin,THRB,0.5805327727430847,0.5805327727430847,THRB:2,THRB_core_program;THRB_regulon_targets,2,2,THRB_core_program,0.1589990391098136,0.1520216827430066,318.3547328251434,11,gabapentin,DSigDB,calcium/synaptic,calcium/synaptic,1.0,cns_or_neuroactive_known_drug,0.95,True,v2 自动聚合注释；仅代表 program-guided exploratory clue，不代表治疗推荐。,0.153899985259403,1.0,1.0,1.0,0.7391699955778209,,True,THRB gene set 较小；FDR 较弱但具轴线/机制支持，保留为 manual_review_weak_fdr。,manual_review_weak_fdr,pending_manual_swissadme,v2 pre-BBB 阶段不使用启发式 BBB；等待 SwissADME 手工复核。,围绕 THRB internal_control-associated synaptic/calcium/homeostatic-supportive program 的探索性候选线索，不解释为直接激动 THRB 即治疗。,False,False,True,False,THRB,THRB weak-FDR 或弱 FDR 手工复核候选。,False,0.8177799970518805,0.0307799970518806,0.18,0.16,0.08,0.247,0.12,0.12,0.0,0.0,0.0,0.12,0.6977799970518805,weak_fdr,retained_full_list,supplementary,保留在 supplementary/retained full list；未达到 v2.1 primary 或 supportive 门槛。,retained_full_list,supplementary,0.6977799970518805,,,,,,,,,,not_reviewed_bbb_pending,,,,,not_reviewed_bbb_pending,0.6977799970518805,retained_full_list_after_bbb,未进行 v2.1 SwissADME/BBB 复核；保留在 retained/supplementary。,32
Pregabalin,Pregabalin,THRB,0.575331275388623,0.575331275388623,THRB:2,THRB_core_program;THRB_regulon_targets,2,2,THRB_core_program,0.1589990391098136,0.1520216827430066,301.441152263015,16,Pregabalin,DSigDB,calcium/synaptic,calcium/synaptic,1.0,cns_or_neuroactive_known_drug,0.95,True,v2 自动聚合注释；仅代表 program-guided exploratory clue，不代表治疗推荐。,0.1455549573638931,1.0,1.0,1.0,0.7366664872091679,,True,THRB gene set 较小；FDR 较弱但具轴线/机制支持，保留为 manual_review_weak_fdr。,manual_review_weak_fdr,pending_manual_swissadme,v2 pre-BBB 阶段不使用启发式 BBB；等待 SwissADME 手工复核。,围绕 THRB internal_control-associated synaptic/calcium/homeostatic-supportive program 的探索性候选线索，不解释为直接激动 THRB 即治疗。,False,False,True,False,THRB,THRB weak-FDR 或弱 FDR 手工复核候选。,False,0.8161109914727785,0.0291109914727786,0.18,0.16,0.08,0.247,0.12,0.12,0.0,0.0,0.0,0.12,0.6961109914727786,weak_fdr,retained_full_list,supplementary,保留在 supplementary/retained full list；未达到 v2.1 primary 或 supportive 门槛。,retained_full_list,supplementary,0.6961109914727786,,,,,,,,,,not_reviewed_bbb_pending,,,,,not_reviewed_bbb_pending,0.6961109914727786,retained_full_list_after_bbb,未进行 v2.1 SwissADME/BBB 复核；保留在 retained/supplementary。,33
rolipram,rolipram,THRB,0.575331275388623,0.575331275388623,THRB:2,THRB_core_program;THRB_regulon_targets,2,2,THRB_core_program,0.1589990391098136,0.1520216827430066,301.441152263015,15,rolipram BOSS,DSigDB,phosphodiesterase/cAMP,phosphodiesterase/cAMP,1.0,mechanistically_interpretable_modulator,0.75,True,v2 自动聚合注释；仅代表 program-guided exploratory clue，不代表治疗推荐。,0.1455549573638931,1.0,1.0,1.0,0.7086664872091679,,True,THRB gene set 较小；FDR 较弱但具轴线/机制支持，保留为 manual_review_weak_fdr。,manual_review_weak_fdr,pending_manual_swissadme,v2 pre-BBB 阶段不使用启发式 BBB；等待 SwissADME 手工复核。,围绕 THRB internal_control-associated synaptic/calcium/homeostatic-supportive program 的探索性候选线索，不解释为直接激动 THRB 即治疗。,False,False,True,False,THRB,THRB weak-FDR 或弱 FDR 手工复核候选。,False,0.7641109914727786,0.0291109914727786,0.18,0.16,0.08,0.195,0.12,0.12,0.0,0.0,0.0,0.12,0.6441109914727786,weak_fdr,retained_full_list,supplementary,保留在 supplementary/retained full list；未达到 v2.1 primary 或 supportive 门槛。,retained_full_list,supplementary,0.6441109914727786,,,,,,,,,,not_reviewed_bbb_pending,,,,,not_reviewed_bbb_pending,0.6441109914727786,retained_full_list_after_bbb,未进行 v2.1 SwissADME/BBB 复核；保留在 retained/supplementary。,34
pentoxifylline,pentoxifylline,THRB,0.5552799813714276,0.5552799813714276,THRB:2,THRB_core_program;THRB_regulon_targets,2,2,THRB_core_program,0.1589231065675257,0.1544573195618987,236.3979776770167,19,pentoxifylline,DSigDB,phosphodiesterase/cAMP,phosphodiesterase/cAMP,1.0,mechanistically_interpretable_modulator,0.75,True,v2 自动聚合注释；仅代表 program-guided exploratory clue，不代表治疗推荐。,0.1133610802804777,1.0,1.0,1.0,0.6990083240841433,,True,THRB gene set 较小；FDR 较弱但具轴线/机制支持，保留为 manual_review_weak_fdr。,manual_review_weak_fdr,pending_manual_swissadme,v2 pre-BBB 阶段不使用启发式 BBB；等待 SwissADME 手工复核。,围绕 THRB internal_control-associated synaptic/calcium/homeostatic-supportive program 的探索性候选线索，不解释为直接激动 THRB 即治疗。,False,False,True,False,THRB,THRB weak-FDR 或弱 FDR 手工复核候选。,False,0.7576722160560956,0.0226722160560955,0.18,0.16,0.08,0.195,0.12,0.12,0.0,0.0,0.0,0.12,0.6376722160560956,weak_fdr,retained_full_list,supplementary,保留在 supplementary/retained full list；未达到 v2.1 primary 或 supportive 门槛。,retained_full_list,supplementary,0.6376722160560956,,,,,,,,,,not_reviewed_bbb_pending,,,,,not_reviewed_bbb_pending,0.6376722160560956,retained_full_list_after_bbb,未进行 v2.1 SwissADME/BBB 复核；保留在 retained/supplementary。,35
MEMANTINE HYDROCHLORIDE,MEMANTINE HYDROCHLORIDE,THRB,0.5586355187615374,0.5586355187615374,THRB:2,THRB_core_program;THRB_regulon_targets,2,2,THRB_core_program,0.1589231065675257,0.1544573195618987,247.30909578576168,18,MEMANTINE HYDROCHLORIDE BOSS,DSigDB,未自动识别；需人工核实,unknown,0.3,cns_or_neuroactive_known_drug,0.95,True,v2 自动聚合注释；仅代表 program-guided exploratory clue，不代表治疗推荐。,0.1187445403145145,1.0,1.0,1.0,0.6306233620943543,,True,THRB gene set 较小；FDR 较弱但具轴线/机制支持，保留为 manual_review_weak_fdr。,manual_review_weak_fdr,pending_manual_swissadme,v2 pre-BBB 阶段不使用启发式 BBB；等待 SwissADME 手工复核。,围绕 THRB internal_control-associated synaptic/calcium/homeostatic-supportive program 的探索性候选线索，不解释为直接激动 THRB 即治疗。,False,False,True,False,THRB,THRB weak-FDR 或弱 FDR 手工复核候选。,False,0.754748908062903,0.0237489080629029,0.18,0.16,0.024,0.247,0.12,0.12,0.0,0.0,0.0,0.12,0.634748908062903,weak_fdr,retained_full_list,supplementary,保留在 supplementary/retained full list；未达到 v2.1 primary 或 supportive 门槛。,retained_full_list,supplementary,0.634748908062903,,,,,,,,,,not_reviewed_bbb_pending,,,,,not_reviewed_bbb_pending,0.634748908062903,retained_full_list_after_bbb,未进行 v2.1 SwissADME/BBB 复核；保留在 retained/supplementary。,36
nifedipine,nifedipine,THRB,0.5219778746119514,0.5219778746119514,THRB:2,THRB_core_program;THRB_regulon_targets,2,2,THRB_core_program,0.1579531900974611,0.1892268319389974,130.1173367501014,24,nifedipine TTD 00009669,DSigDB,calcium/synaptic,calcium/synaptic,1.0,mechanistically_interpretable_modulator,0.75,True,v2 自动聚合注释；仅代表 program-guided exploratory clue，不代表治疗推荐。,0.0596190706934628,1.0,1.0,1.0,0.6828857212080388,,True,THRB gene set 较小；FDR 较弱但具轴线/机制支持，保留为 manual_review_weak_fdr。,manual_review_weak_fdr,pending_manual_swissadme,v2 pre-BBB 阶段不使用启发式 BBB；等待 SwissADME 手工复核。,围绕 THRB internal_control-associated synaptic/calcium/homeostatic-supportive program 的探索性候选线索，不解释为直接激动 THRB 即治疗。,False,False,True,False,THRB,THRB weak-FDR 或弱 FDR 手工复核候选。,False,0.7469238141386926,0.0119238141386925,0.18,0.16,0.08,0.195,0.12,0.12,0.0,0.0,0.0,0.12,0.6269238141386926,weak_fdr,retained_full_list,supplementary,保留在 supplementary/retained full list；未达到 v2.1 primary 或 supportive 门槛。,retained_full_list,supplementary,0.6269238141386926,,,,,,,,,,not_reviewed_bbb_pending,,,,,not_reviewed_bbb_pending,0.6269238141386926,retained_full_list_after_bbb,未进行 v2.1 SwissADME/BBB 复核；保留在 retained/supplementary。,37
dipyridamole,dipyridamole,THRB,0.5052586774879089,0.5052586774879089,THRB:2,THRB_core_program;THRB_regulon_targets,2,2,THRB_core_program,0.1576989929327775,0.1995682971117345,76.2779330882361,33,dipyridamole,DSigDB,phosphodiesterase/cAMP,phosphodiesterase/cAMP,1.0,mechanistically_interpretable_modulator,0.75,True,v2 自动聚合注释；仅代表 program-guided exploratory clue，不代表治疗推荐。,0.0327133836408598,1.0,1.0,1.0,0.6748140150922579,,True,THRB gene set 较小；FDR 较弱但具轴线/机制支持，保留为 manual_review_weak_fdr。,manual_review_weak_fdr,pending_manual_swissadme,v2 pre-BBB 阶段不使用启发式 BBB；等待 SwissADME 手工复核。,围绕 THRB internal_control-associated synaptic/calcium/homeostatic-supportive program 的探索性候选线索，不解释为直接激动 THRB 即治疗。,False,False,True,False,THRB,THRB weak-FDR 或弱 FDR 手工复核候选。,False,0.741542676728172,0.0065426767281719,0.18,0.16,0.08,0.195,0.12,0.12,0.0,0.0,0.0,0.12,0.621542676728172,weak_fdr,retained_full_list,supplementary,保留在 supplementary/retained full list；未达到 v2.1 primary 或 supportive 门槛。,retained_full_list,supplementary,0.621542676728172,,,,,,,,,,not_reviewed_bbb_pending,,,,,not_reviewed_bbb_pending,0.621542676728172,retained_full_list_after_bbb,未进行 v2.1 SwissADME/BBB 复核；保留在 retained/supplementary。,38
Retinoic acid,Retinoic acid,NFE2L2,0.607688547995051,0.4179435048444733,NFE2L2:2;BHLHE40:1,BHLHE40_supplement_program;NFE2L2_core_program;NFE2L2_regulon_targets,3,2,NFE2L2_regulon_targets,0.3103048371278322,2.671978679034571e-15,93.56728768915856,12,Retinoic acid CTD 00006918,DSigDB,thyroid/hormone,thyroid/hormone,0.65,requires_manual_translational_review,0.45,True,v2 自动聚合注释；仅代表 program-guided exploratory clue，不代表治疗推荐。,0.2464102344723857,1.0,1.0,0.9179435048444732,0.6413585507292736,,True,,medium_priority_prebbb,pending_manual_swissadme,v2 pre-BBB 阶段不使用启发式 BBB；等待 SwissADME 手工复核。,围绕 NFE2L2 lesion-associated transcriptional/stress-adaptation program 的探索性候选线索，不解释为直接抑制或激活 NFE2L2。,False,False,False,True,NFE2L2,CNS/epilepsy 转化语境不足或需人工核查。,False,0.6684352674758139,0.0492820468944771,0.18,0.16,0.052,0.117,0.1101532205813367,0.0,0.0,0.0,0.18,0.18,0.4884352674758139,low_cns_epilepsy_relevance,retained_full_list,supplementary,保留在 supplementary/retained full list；未达到 v2.1 primary 或 supportive 门槛。,retained_full_list,supplementary,0.4884352674758139,,,,,,,,,,not_reviewed_bbb_pending,,,,,not_reviewed_bbb_pending,0.4884352674758139,retained_full_list_after_bbb,未进行 v2.1 SwissADME/BBB 复核；保留在 retained/supplementary。,39
METHYL METHANESULFONATE,METHYL METHANESULFONATE,NFE2L2,0.5382521693624777,0.5382521693624777,NFE2L2:2,NFE2L2_core_program;NFE2L2_regulon_targets,2,2,NFE2L2_regulon_targets,0.2273280018504613,9.336447295725728e-08,39.48237373024344,38,METHYL METHANESULFONATE CTD 00006307,DSigDB,未自动识别；需人工核实,unknown,0.3,requires_manual_translational_review,0.45,True,v2 自动聚合注释；仅代表 program-guided exploratory clue，不代表治疗推荐。,0.1081694075323322,1.0,1.0,1.0,0.5574508222596997,,True,,medium_priority_prebbb,pending_manual_swissadme,v2 pre-BBB 阶段不使用启发式 BBB；等待 SwissADME 手工复核。,围绕 NFE2L2 lesion-associated transcriptional/stress-adaptation program 的探索性候选线索，不解释为直接抑制或激活 NFE2L2。,False,False,False,True,NFE2L2,CNS/epilepsy 转化语境不足或需人工核查。,False,0.6226338815064665,0.0216338815064664,0.18,0.16,0.024,0.117,0.12,0.0,0.0,0.0,0.18,0.18,0.4426338815064665,low_cns_epilepsy_relevance,retained_full_list,supplementary,保留在 supplementary/retained full list；未达到 v2.1 primary 或 supportive 门槛。,retained_full_list,supplementary,0.4426338815064665,,,,,,,,,,not_reviewed_bbb_pending,,,,,not_reviewed_bbb_pending,0.4426338815064665,retained_full_list_after_bbb,未进行 v2.1 SwissADME/BBB 复核；保留在 retained/supplementary。,40
hydrogen peroxide,hydrogen peroxide,NFE2L2,0.5330165830648812,0.5330165830648812,NFE2L2:2,NFE2L2_core_program;NFE2L2_regulon_targets,2,2,NFE2L2_regulon_targets,0.2199782423822768,4.3485212992669364e-07,37.66642155417259,48,hydrogen peroxide CTD 00006118,DSigDB,未自动识别；需人工核实,unknown,0.3,requires_manual_translational_review,0.45,True,v2 自动聚合注释；仅代表 program-guided exploratory clue，不代表治疗推荐。,0.0973922639901965,1.0,1.0,1.0,0.5542176791970589,,True,,medium_priority_prebbb,pending_manual_swissadme,v2 pre-BBB 阶段不使用启发式 BBB；等待 SwissADME 手工复核。,围绕 NFE2L2 lesion-associated transcriptional/stress-adaptation program 的探索性候选线索，不解释为直接抑制或激活 NFE2L2。,False,False,False,True,NFE2L2,CNS/epilepsy 转化语境不足或需人工核查。,False,0.6204784527980394,0.0194784527980393,0.18,0.16,0.024,0.117,0.12,0.0,0.0,0.0,0.18,0.18,0.4404784527980394,low_cns_epilepsy_relevance,retained_full_list,supplementary,保留在 supplementary/retained full list；未达到 v2.1 primary 或 supportive 门槛。,retained_full_list,supplementary,0.4404784527980394,,,,,,,,,,not_reviewed_bbb_pending,,,,,not_reviewed_bbb_pending,0.4404784527980394,retained_full_list_after_bbb,未进行 v2.1 SwissADME/BBB 复核；保留在 retained/supplementary。,41
resveratrol,resveratrol,BHLHE40,0.1453747560033708,0.1453747560033708,BHLHE40:1,BHLHE40_supplement_program,1,0,BHLHE40_supplement_program,0.1807831752255776,0.0015904848071954,28.88848632083977,30,resveratrol CTD 00002483,DSigDB,redox/stress-adaptation,redox/stress-adaptation,1.0,mechanistically_interpretable_modulator,0.75,False,v2 自动聚合注释；仅代表 program-guided exploratory clue，不代表治疗推荐。,0.0403666494981688,0.5,0.35,0.6453747560033709,0.4517399753297203,,False,,low_priority_retained,pending_manual_swissadme,v2 pre-BBB 阶段不使用启发式 BBB；等待 SwissADME 手工复核。,BHLHE40 仅作为补充轴线索，不进入主文主药物推荐。,False,False,False,False,supplementary,auto_v21_default,False,0.5065183006200382,0.0080733298996337,0.09,0.0559999999999999,0.08,0.195,0.0774449707204045,0.0,0.1,0.0,0.0,0.1,0.4065183006200382,single_signature,retained_full_list,supplementary,保留在 supplementary/retained full list；未达到 v2.1 primary 或 supportive 门槛。,retained_full_list,supplementary,0.4065183006200382,,,,,,,,,,not_reviewed_bbb_pending,,,,,not_reviewed_bbb_pending,0.4065183006200382,retained_full_list_after_bbb,未进行 v2.1 SwissADME/BBB 复核；保留在 retained/supplementary。,42
cyclosporin A,cyclosporin A,NFE2L2,0.3365140167833651,0.1675799195220783,NFE2L2:1;BHLHE40:1,BHLHE40_supplement_program;NFE2L2_regulon_targets,2,1,NFE2L2_regulon_targets,0.1257294656641774,1.3046773458148909e-07,37.13823358402146,42,cyclosporin A CTD 00007121,DSigDB,未自动识别；需人工核实,unknown,0.3,requires_manual_translational_review,0.45,True,v2 自动聚合注释；仅代表 program-guided exploratory clue，不代表治疗推荐。,0.1048637224312324,1.0,1.0,0.6675799195220784,0.5298655102911359,,True,,medium_priority_prebbb,pending_manual_swissadme,v2 pre-BBB 阶段不使用启发式 BBB；等待 SwissADME 手工复核。,围绕 NFE2L2 lesion-associated transcriptional/stress-adaptation program 的探索性候选线索，不解释为直接抑制或激活 NFE2L2。,False,False,False,True,NFE2L2,CNS/epilepsy 转化语境不足或需人工核查。,False,0.5820823348288959,0.0209727444862464,0.18,0.16,0.024,0.117,0.0801095903426494,0.0,0.0,0.0,0.18,0.18,0.4020823348288959,low_cns_epilepsy_relevance,retained_full_list,supplementary,保留在 supplementary/retained full list；未达到 v2.1 primary 或 supportive 门槛。,retained_full_list,supplementary,0.4020823348288959,,,,,,,,,,not_reviewed_bbb_pending,,,,,not_reviewed_bbb_pending,0.4020823348288959,retained_full_list_after_bbb,未进行 v2.1 SwissADME/BBB 复核；保留在 retained/supplementary。,43
DL-Glutamic acid,DL-Glutamic acid,THRB,0.6864215097399661,0.6864215097399661,THRB:2,THRB_core_program;THRB_regulon_targets,2,2,THRB_core_program,0.1589990391098136,0.1520216827430066,662.6705253310397,6,DL-Glutamic acid TTD 00007645,DSigDB,未自动识别；需人工核实,unknown,0.3,requires_manual_translational_review,0.45,True,v2 自动聚合注释；仅代表 program-guided exploratory clue，不代表治疗推荐。,0.3237826947644516,1.0,1.0,1.0,0.6221348084293354,,True,THRB gene set 较小；FDR 较弱但具轴线/机制支持，保留为 manual_review_weak_fdr。,manual_review_weak_fdr,pending_manual_swissadme,v2 pre-BBB 阶段不使用启发式 BBB；等待 SwissADME 手工复核。,围绕 THRB internal_control-associated synaptic/calcium/homeostatic-supportive program 的探索性候选线索，不解释为直接激动 THRB 即治疗。,False,False,True,True,THRB,THRB weak-FDR 或弱 FDR 手工复核候选。 CNS/epilepsy 转化语境不足或需人工核查。,False,0.6657565389528903,0.0647565389528903,0.18,0.16,0.024,0.117,0.12,0.12,0.0,0.0,0.18,0.3,0.3657565389528903,weak_fdr;low_cns_epilepsy_relevance,retained_full_list,supplementary,保留在 supplementary/retained full list；未达到 v2.1 primary 或 supportive 门槛。,retained_full_list,supplementary,0.3657565389528903,,,,,,,,,,not_reviewed_bbb_pending,,,,,not_reviewed_bbb_pending,0.3657565389528903,retained_full_list_after_bbb,未进行 v2.1 SwissADME/BBB 复核；保留在 retained/supplementary。,44
irinotecan,irinotecan,NFE2L2,0.9486306701019732,0.8038741070683717,NFE2L2:2;BHLHE40:1,BHLHE40_supplement_program;NFE2L2_core_program;NFE2L2_regulon_targets,3,2,NFE2L2_regulon_targets,0.6342822512664014,3.309751132319232e-40,635.2731739728277,2,irinotecan PC3 DOWN,DSigDB,broad_cytotoxic/topoisomerase,broad_cytotoxic/topoisomerase,0.65,oncology_or_broad_cytotoxic_caution,0.15,True,v2 自动聚合注释；仅代表 program-guided exploratory clue，不代表治疗推荐。,0.8820245075914801,1.0,1.0,1.0,0.796607352277444,因毒性/广谱细胞毒性/滥用风险/工具化合物属性，仅保留在补充表，不进入 pre-BBB 主表。,False,,mechanistic_reference_only_excluded_from_main,pending_manual_swissadme,v2 pre-BBB 阶段不使用启发式 BBB；等待 SwissADME 手工复核。,围绕 NFE2L2 lesion-associated transcriptional/stress-adaptation program 的探索性候选线索，不解释为直接抑制或激活 NFE2L2。,True,False,False,True,NFE2L2,工具化合物/高风险或需人工复核类别。 CNS/epilepsy 转化语境不足或需人工核查。,False,0.7274049015182961,0.176404901518296,0.18,0.16,0.052,0.039,0.12,0.0,0.0,0.2,0.18,0.38,0.347404901518296,tool_or_broad_epigenetic;low_cns_epilepsy_relevance,retained_full_list,supplementary,保留在 supplementary/retained full list；未达到 v2.1 primary 或 supportive 门槛。,retained_full_list,supplementary,0.347404901518296,,,,,,,,,,not_reviewed_bbb_pending,,,,,not_reviewed_bbb_pending,0.347404901518296,retained_full_list_after_bbb,未进行 v2.1 SwissADME/BBB 复核；保留在 retained/supplementary。,45
1-Methyl-5-(3-pyridinyl)-2-pyrrolidinone,1-Methyl-5-(3-pyridinyl)-2-pyrrolidinone,THRB,0.616694409794415,0.616694409794415,THRB:2,THRB_core_program;THRB_regulon_targets,2,2,THRB_core_program,0.1589990391098136,0.1520216827430066,435.94063546940737,10,1-Methyl-5-(3-pyridinyl)-2-pyrrolidinone CTD 00005713,DSigDB,未自动识别；需人工核实,unknown,0.3,requires_manual_translational_review,0.45,True,v2 自动聚合注释；仅代表 program-guided exploratory clue，不代表治疗推荐。,0.2119159466982393,1.0,1.0,1.0,0.5885747840094717,,True,THRB gene set 较小；FDR 较弱但具轴线/机制支持，保留为 manual_review_weak_fdr。,manual_review_weak_fdr,pending_manual_swissadme,v2 pre-BBB 阶段不使用启发式 BBB；等待 SwissADME 手工复核。,围绕 THRB internal_control-associated synaptic/calcium/homeostatic-supportive program 的探索性候选线索，不解释为直接激动 THRB 即治疗。,False,False,True,True,THRB,THRB weak-FDR 或弱 FDR 手工复核候选。 CNS/epilepsy 转化语境不足或需人工核查。,False,0.6433831893396479,0.0423831893396478,0.18,0.16,0.024,0.117,0.12,0.12,0.0,0.0,0.18,0.3,0.3433831893396479,weak_fdr;low_cns_epilepsy_relevance,retained_full_list,supplementary,保留在 supplementary/retained full list；未达到 v2.1 primary 或 supportive 门槛。,retained_full_list,supplementary,0.3433831893396479,,,,,,,,,,not_reviewed_bbb_pending,,,,,not_reviewed_bbb_pending,0.3433831893396479,retained_full_list_after_bbb,未进行 v2.1 SwissADME/BBB 复核；保留在 retained/supplementary。,46
inositol 1-phosphate,inositol 1-phosphate,THRB,0.575331275388623,0.575331275388623,THRB:2,THRB_core_program;THRB_regulon_targets,2,2,THRB_core_program,0.1589990391098136,0.1520216827430066,301.441152263015,14,inositol 1-phosphate BOSS,DSigDB,未自动识别；需人工核实,unknown,0.3,requires_manual_translational_review,0.45,True,v2 自动聚合注释；仅代表 program-guided exploratory clue，不代表治疗推荐。,0.1455549573638931,1.0,1.0,1.0,0.5686664872091679,,True,THRB gene set 较小；FDR 较弱但具轴线/机制支持，保留为 manual_review_weak_fdr。,manual_review_weak_fdr,pending_manual_swissadme,v2 pre-BBB 阶段不使用启发式 BBB；等待 SwissADME 手工复核。,围绕 THRB internal_control-associated synaptic/calcium/homeostatic-supportive program 的探索性候选线索，不解释为直接激动 THRB 即治疗。,False,False,True,True,THRB,THRB weak-FDR 或弱 FDR 手工复核候选。 CNS/epilepsy 转化语境不足或需人工核查。,False,0.6301109914727786,0.0291109914727786,0.18,0.16,0.024,0.117,0.12,0.12,0.0,0.0,0.18,0.3,0.3301109914727786,weak_fdr;low_cns_epilepsy_relevance,retained_full_list,supplementary,保留在 supplementary/retained full list；未达到 v2.1 primary 或 supportive 门槛。,retained_full_list,supplementary,0.3301109914727786,,,,,,,,,,not_reviewed_bbb_pending,,,,,not_reviewed_bbb_pending,0.3301109914727786,retained_full_list_after_bbb,未进行 v2.1 SwissADME/BBB 复核；保留在 retained/supplementary。,47
(+)-MK-801 hydrogen maleate,(+)-MK-801 hydrogen maleate,THRB,0.5150820702857148,0.5150820702857148,THRB:2,THRB_core_program;THRB_regulon_targets,2,2,THRB_core_program,0.1577554643413132,0.1972231028562379,108.10356363888964,27,(+)-MK-801 hydrogen maleate BOSS,DSigDB,未自动识别；需人工核实,unknown,0.3,requires_manual_translational_review,0.45,True,v2 自动聚合注释；仅代表 program-guided exploratory clue，不代表治疗推荐。,0.0484918212737146,1.0,1.0,1.0,0.5395475463821143,,True,THRB gene set 较小；FDR 较弱但具轴线/机制支持，保留为 manual_review_weak_fdr。,manual_review_weak_fdr,pending_manual_swissadme,v2 pre-BBB 阶段不使用启发式 BBB；等待 SwissADME 手工复核。,围绕 THRB internal_control-associated synaptic/calcium/homeostatic-supportive program 的探索性候选线索，不解释为直接激动 THRB 即治疗。,False,False,True,True,THRB,THRB weak-FDR 或弱 FDR 手工复核候选。 CNS/epilepsy 转化语境不足或需人工核查。,False,0.6106983642547429,0.0096983642547429,0.18,0.16,0.024,0.117,0.12,0.12,0.0,0.0,0.18,0.3,0.3106983642547429,weak_fdr;low_cns_epilepsy_relevance,retained_full_list,supplementary,保留在 supplementary/retained full list；未达到 v2.1 primary 或 supportive 门槛。,retained_full_list,supplementary,0.3106983642547429,,,,,,,,,,not_reviewed_bbb_pending,,,,,not_reviewed_bbb_pending,0.3106983642547429,retained_full_list_after_bbb,未进行 v2.1 SwissADME/BBB 复核；保留在 retained/supplementary。,48
kainic acid,kainic acid,THRB,0.5024185571060911,0.5024185571060911,THRB:2,THRB_core_program;THRB_regulon_targets,2,2,THRB_core_program,0.1576989929327775,0.1995682971117345,67.04278374363157,37,kainic acid BOSS,DSigDB,未自动识别；需人工核实,unknown,0.3,requires_manual_translational_review,0.45,True,v2 自动聚合注释；仅代表 program-guided exploratory clue，不代表治疗推荐。,0.0281568334404552,1.0,1.0,1.0,0.5334470500321365,,True,THRB gene set 较小；FDR 较弱但具轴线/机制支持，保留为 manual_review_weak_fdr。,manual_review_weak_fdr,pending_manual_swissadme,v2 pre-BBB 阶段不使用启发式 BBB；等待 SwissADME 手工复核。,围绕 THRB internal_control-associated synaptic/calcium/homeostatic-supportive program 的探索性候选线索，不解释为直接激动 THRB 即治疗。,False,False,True,True,THRB,THRB weak-FDR 或弱 FDR 手工复核候选。 CNS/epilepsy 转化语境不足或需人工核查。,False,0.606631366688091,0.005631366688091,0.18,0.16,0.024,0.117,0.12,0.12,0.0,0.0,0.18,0.3,0.306631366688091,weak_fdr;low_cns_epilepsy_relevance,retained_full_list,supplementary,保留在 supplementary/retained full list；未达到 v2.1 primary 或 supportive 门槛。,retained_full_list,supplementary,0.306631366688091,,,,,,,,,,not_reviewed_bbb_pending,,,,,not_reviewed_bbb_pending,0.306631366688091,retained_full_list_after_bbb,未进行 v2.1 SwissADME/BBB 复核；保留在 retained/supplementary。,49
2'-Deoxy cyclic AMP,2'-Deoxy cyclic AMP,THRB,0.5006950461591909,0.5006950461591909,THRB:2,THRB_core_program;THRB_regulon_targets,2,2,THRB_core_program,0.1576467770165661,0.2017615720214794,61.54653341446361,40,2'-Deoxy cyclic AMP BOSS,DSigDB,未自动识别；需人工核实,unknown,0.3,requires_manual_translational_review,0.45,True,v2 自动聚合注释；仅代表 program-guided exploratory clue，不代表治疗推荐。,0.0253748265218388,1.0,1.0,1.0,0.5326124479565516,,True,THRB gene set 较小；FDR 较弱但具轴线/机制支持，保留为 manual_review_weak_fdr。,manual_review_weak_fdr,pending_manual_swissadme,v2 pre-BBB 阶段不使用启发式 BBB；等待 SwissADME 手工复核。,围绕 THRB internal_control-associated synaptic/calcium/homeostatic-supportive program 的探索性候选线索，不解释为直接激动 THRB 即治疗。,False,False,True,True,THRB,THRB weak-FDR 或弱 FDR 手工复核候选。 CNS/epilepsy 转化语境不足或需人工核查。,False,0.6060749653043678,0.0050749653043677,0.18,0.16,0.024,0.117,0.12,0.12,0.0,0.0,0.18,0.3,0.3060749653043678,weak_fdr;low_cns_epilepsy_relevance,retained_full_list,supplementary,保留在 supplementary/retained full list；未达到 v2.1 primary 或 supportive 门槛。,retained_full_list,supplementary,0.3060749653043678,,,,,,,,,,not_reviewed_bbb_pending,,,,,not_reviewed_bbb_pending,0.3060749653043678,retained_full_list_after_bbb,未进行 v2.1 SwissADME/BBB 复核；保留在 retained/supplementary。,50
camptothecin,camptothecin,NFE2L2,0.7228489833855325,0.7228489833855325,NFE2L2:2,NFE2L2_core_program;NFE2L2_regulon_targets,2,2,NFE2L2_regulon_targets,0.4652669682990082,7.6704538927717135e-25,250.83896042359143,5,camptothecin PC3 DOWN,DSigDB,broad_cytotoxic/topoisomerase,broad_cytotoxic/topoisomerase,0.65,oncology_or_broad_cytotoxic_caution,0.15,True,v2 自动聚合注释；仅代表 program-guided exploratory clue，不代表治疗推荐。,0.4651200798635162,1.0,1.0,1.0,0.6715360239590549,因毒性/广谱细胞毒性/滥用风险/工具化合物属性，仅保留在补充表，不进入 pre-BBB 主表。,False,,mechanistic_reference_only_excluded_from_main,pending_manual_swissadme,v2 pre-BBB 阶段不使用启发式 BBB；等待 SwissADME 手工复核。,围绕 NFE2L2 lesion-associated transcriptional/stress-adaptation program 的探索性候选线索，不解释为直接抑制或激活 NFE2L2。,True,False,False,True,NFE2L2,工具化合物/高风险或需人工复核类别。 CNS/epilepsy 转化语境不足或需人工核查。,False,0.6440240159727032,0.0930240159727032,0.18,0.16,0.052,0.039,0.12,0.0,0.0,0.2,0.18,0.38,0.2640240159727032,tool_or_broad_epigenetic;low_cns_epilepsy_relevance,retained_full_list,supplementary,保留在 supplementary/retained full list；未达到 v2.1 primary 或 supportive 门槛。,retained_full_list,supplementary,0.2640240159727032,,,,,,,,,,not_reviewed_bbb_pending,,,,,not_reviewed_bbb_pending,0.2640240159727032,retained_full_list_after_bbb,未进行 v2.1 SwissADME/BBB 复核；保留在 retained/supplementary。,51
Methaneseleninic acid,Methaneseleninic acid,NFE2L2,0.3572612764038275,0.3572612764038275,NFE2L2:1,NFE2L2_regulon_targets,1,1,NFE2L2_regulon_targets,0.2332937987918749,2.6781597173961163e-08,88.94910493827103,34,Methaneseleninic acid CTD 00000412,DSigDB,未自动识别；需人工核实,unknown,0.3,requires_manual_translational_review,0.45,True,v2 自动聚合注释；仅代表 program-guided exploratory clue，不代表治疗推荐。,0.1405964439059094,0.5,1.0,0.8572612764038274,0.4757598352840789,,True,,low_priority_retained,pending_manual_swissadme,v2 pre-BBB 阶段不使用启发式 BBB；等待 SwissADME 手工复核。,围绕 NFE2L2 lesion-associated transcriptional/stress-adaptation program 的探索性候选线索，不解释为直接抑制或激活 NFE2L2。,False,False,False,True,NFE2L2,CNS/epilepsy 转化语境不足或需人工核查。,False,0.5219906419496412,0.0281192887811818,0.09,0.16,0.024,0.117,0.1028713531684592,0.0,0.1,0.0,0.18,0.28,0.2419906419496411,single_signature;low_cns_epilepsy_relevance,retained_full_list,supplementary,保留在 supplementary/retained full list；未达到 v2.1 primary 或 supportive 门槛。,retained_full_list,supplementary,0.2419906419496411,,,,,,,,,,not_reviewed_bbb_pending,,,,,not_reviewed_bbb_pending,0.2419906419496411,retained_full_list_after_bbb,未进行 v2.1 SwissADME/BBB 复核；保留在 retained/supplementary。,52
ZINC,ZINC,NFE2L2,0.34086083518937,0.34086083518937,NFE2L2:1,NFE2L2_regulon_targets,1,1,NFE2L2_regulon_targets,0.2273280018504613,9.336447295725728e-08,47.96490801144781,39,ZINC CTD 00007011,DSigDB,未自动识别；需人工核实,unknown,0.3,requires_manual_translational_review,0.45,True,v2 自动聚合注释；仅代表 program-guided exploratory clue，不代表治疗推荐。,0.1123546233676929,0.5,1.0,0.84086083518937,0.4659752538254574,,True,,low_priority_retained,pending_manual_swissadme,v2 pre-BBB 阶段不使用启发式 BBB；等待 SwissADME 手工复核。,围绕 NFE2L2 lesion-associated transcriptional/stress-adaptation program 的探索性候选线索，不解释为直接抑制或激活 NFE2L2。,False,False,False,True,NFE2L2,CNS/epilepsy 转化语境不足或需人工核查。,False,0.514374224896263,0.0224709246735385,0.09,0.16,0.024,0.117,0.1009033002227244,0.0,0.1,0.0,0.18,0.28,0.234374224896263,single_signature;low_cns_epilepsy_relevance,retained_full_list,supplementary,保留在 supplementary/retained full list；未达到 v2.1 primary 或 supportive 门槛。,retained_full_list,supplementary,0.234374224896263,,,,,,,,,,not_reviewed_bbb_pending,,,,,not_reviewed_bbb_pending,0.234374224896263,retained_full_list_after_bbb,未进行 v2.1 SwissADME/BBB 复核；保留在 retained/supplementary。,53
H-7,H-7,NFE2L2,0.3389095205442953,0.3389095205442953,NFE2L2:1,NFE2L2_regulon_targets,1,1,NFE2L2_regulon_targets,0.2240848533313515,1.840828516889049e-07,48.33074470103401,43,H-7 MCF7 DOWN,DSigDB,未自动识别；需人工核实,unknown,0.3,requires_manual_translational_review,0.45,True,v2 自动聚合注释；仅代表 program-guided exploratory clue，不代表治疗推荐。,0.1081749691008714,0.5,1.0,0.8389095205442954,0.464565252373805,,True,,low_priority_retained,pending_manual_swissadme,v2 pre-BBB 阶段不使用启发式 BBB；等待 SwissADME 手工复核。,围绕 NFE2L2 lesion-associated transcriptional/stress-adaptation program 的探索性候选线索，不解释为直接抑制或激活 NFE2L2。,False,False,False,True,NFE2L2,CNS/epilepsy 转化语境不足或需人工核查。,False,0.5133041362854898,0.0216349938201742,0.09,0.16,0.024,0.117,0.1006691424653154,0.0,0.1,0.0,0.18,0.28,0.2333041362854897,single_signature;low_cns_epilepsy_relevance,retained_full_list,supplementary,保留在 supplementary/retained full list；未达到 v2.1 primary 或 supportive 门槛。,retained_full_list,supplementary,0.2333041362854897,,,,,,,,,,not_reviewed_bbb_pending,,,,,not_reviewed_bbb_pending,0.2333041362854897,retained_full_list_after_bbb,未进行 v2.1 SwissADME/BBB 复核；保留在 retained/supplementary。,54
VITAMIN E,VITAMIN E,NFE2L2,0.3326165963304103,0.3326165963304103,NFE2L2:1,NFE2L2_regulon_targets,1,1,NFE2L2_regulon_targets,0.2174818711558017,7.333046524445683e-07,41.53140555369291,52,VITAMIN E CTD 00006994,DSigDB,未自动识别；需人工核实,unknown,0.3,requires_manual_translational_review,0.45,True,v2 自动聚合注释；仅代表 program-guided exploratory clue，不代表治疗推荐。,0.0959430442113923,0.5,1.0,0.8326165963304104,0.4603922409698505,,True,,low_priority_retained,pending_manual_swissadme,v2 pre-BBB 阶段不使用启发式 BBB；等待 SwissADME 手工复核。,围绕 NFE2L2 lesion-associated transcriptional/stress-adaptation program 的探索性候选线索，不解释为直接抑制或激活 NFE2L2。,False,False,False,True,NFE2L2,CNS/epilepsy 转化语境不足或需人工核查。,False,0.5101026004019278,0.0191886088422784,0.09,0.16,0.024,0.117,0.0999139915596492,0.0,0.1,0.0,0.18,0.28,0.2301026004019277,single_signature;low_cns_epilepsy_relevance,retained_full_list,supplementary,保留在 supplementary/retained full list；未达到 v2.1 primary 或 supportive 门槛。,retained_full_list,supplementary,0.2301026004019277,,,,,,,,,,not_reviewed_bbb_pending,,,,,not_reviewed_bbb_pending,0.2301026004019277,retained_full_list_after_bbb,未进行 v2.1 SwissADME/BBB 复核；保留在 retained/supplementary。,55
GW-8510,GW-8510,NFE2L2,0.5672439621754672,0.5672439621754672,NFE2L2:2,NFE2L2_core_program;NFE2L2_regulon_targets,2,2,NFE2L2_regulon_targets,0.3051452404608167,2.762751200450232e-10,76.19350743775541,20,GW-8510 MCF7 DOWN,DSigDB,mapk/kinase,mapk/kinase,0.65,identifier_or_tool_compound_manual_review,0.25,True,v2 自动聚合注释；仅代表 program-guided exploratory clue，不代表治疗推荐。,0.163680457437801,1.0,1.0,1.0,0.5951041372313403,因毒性/广谱细胞毒性/滥用风险/工具化合物属性，仅保留在补充表，不进入 pre-BBB 主表。,False,,mechanistic_reference_only_excluded_from_main,pending_manual_swissadme,v2 pre-BBB 阶段不使用启发式 BBB；等待 SwissADME 手工复核。,围绕 NFE2L2 lesion-associated transcriptional/stress-adaptation program 的探索性候选线索，不解释为直接抑制或激活 NFE2L2。,True,False,False,True,NFE2L2,工具化合物/高风险或需人工复核类别。 CNS/epilepsy 转化语境不足或需人工核查。,False,0.6097360914875603,0.0327360914875602,0.18,0.16,0.052,0.065,0.12,0.0,0.0,0.2,0.18,0.38,0.2297360914875602,tool_or_broad_epigenetic;low_cns_epilepsy_relevance,retained_full_list,supplementary,保留在 supplementary/retained full list；未达到 v2.1 primary 或 supportive 门槛。,retained_full_list,supplementary,0.2297360914875602,,,,,,,,,,not_reviewed_bbb_pending,,,,,not_reviewed_bbb_pending,0.2297360914875602,retained_full_list_after_bbb,未进行 v2.1 SwissADME/BBB 复核；保留在 retained/supplementary。,56
pregnenolone,pregnenolone,NFE2L2,0.5661471282139413,0.5661471282139413,NFE2L2:2,NFE2L2_core_program;NFE2L2_regulon_targets,2,2,NFE2L2_core_program,0.2192867987999541,1.1985489742801266e-08,105.07504761669642,30,pregnenolone PC3 DOWN,DSigDB,thyroid/hormone,thyroid/hormone,0.65,identifier_or_tool_compound_manual_review,0.25,True,v2 自动聚合注释；仅代表 program-guided exploratory clue，不代表治疗推荐。,0.1537167597309913,1.0,1.0,1.0,0.5921150279192974,因毒性/广谱细胞毒性/滥用风险/工具化合物属性，仅保留在补充表，不进入 pre-BBB 主表。,False,,mechanistic_reference_only_excluded_from_main,pending_manual_swissadme,v2 pre-BBB 阶段不使用启发式 BBB；等待 SwissADME 手工复核。,围绕 NFE2L2 lesion-associated transcriptional/stress-adaptation program 的探索性候选线索，不解释为直接抑制或激活 NFE2L2。,True,False,False,True,NFE2L2,工具化合物/高风险或需人工复核类别。 CNS/epilepsy 转化语境不足或需人工核查。,False,0.6077433519461982,0.0307433519461982,0.18,0.16,0.052,0.065,0.12,0.0,0.0,0.2,0.18,0.38,0.2277433519461982,tool_or_broad_epigenetic;low_cns_epilepsy_relevance,retained_full_list,supplementary,保留在 supplementary/retained full list；未达到 v2.1 primary 或 supportive 门槛。,retained_full_list,supplementary,0.2277433519461982,,,,,,,,,,not_reviewed_bbb_pending,,,,,not_reviewed_bbb_pending,0.2277433519461982,retained_full_list_after_bbb,未进行 v2.1 SwissADME/BBB 复核；保留在 retained/supplementary。,57
alsterpaullone,alsterpaullone,NFE2L2,0.5574226056206343,0.5574226056206343,NFE2L2:2,NFE2L2_core_program;NFE2L2_regulon_targets,2,2,NFE2L2_regulon_targets,0.2452835813038499,2.1769890525482155e-09,64.66386253383548,23,alsterpaullone MCF7 DOWN,DSigDB,mapk/kinase,mapk/kinase,0.65,identifier_or_tool_compound_manual_review,0.25,True,v2 自动聚合注释；仅代表 program-guided exploratory clue，不代表治疗推荐。,0.1447336048155189,1.0,1.0,1.0,0.5894200814446556,因毒性/广谱细胞毒性/滥用风险/工具化合物属性，仅保留在补充表，不进入 pre-BBB 主表。,False,,mechanistic_reference_only_excluded_from_main,pending_manual_swissadme,v2 pre-BBB 阶段不使用启发式 BBB；等待 SwissADME 手工复核。,围绕 NFE2L2 lesion-associated transcriptional/stress-adaptation program 的探索性候选线索，不解释为直接抑制或激活 NFE2L2。,True,False,False,True,NFE2L2,工具化合物/高风险或需人工复核类别。 CNS/epilepsy 转化语境不足或需人工核查。,False,0.6059467209631038,0.0289467209631037,0.18,0.16,0.052,0.065,0.12,0.0,0.0,0.2,0.18,0.38,0.2259467209631037,tool_or_broad_epigenetic;low_cns_epilepsy_relevance,retained_full_list,supplementary,保留在 supplementary/retained full list；未达到 v2.1 primary 或 supportive 门槛。,retained_full_list,supplementary,0.2259467209631037,,,,,,,,,,not_reviewed_bbb_pending,,,,,not_reviewed_bbb_pending,0.2259467209631037,retained_full_list_after_bbb,未进行 v2.1 SwissADME/BBB 复核；保留在 retained/supplementary。,58
COUMESTROL,COUMESTROL,NFE2L2,0.5552105123474883,0.5552105123474883,NFE2L2:2,NFE2L2_core_program;NFE2L2_regulon_targets,2,2,NFE2L2_regulon_targets,0.2442149353946597,2.7227381289744067e-09,59.68214677213295,25,COUMESTROL CTD 00005717,DSigDB,thyroid/hormone,thyroid/hormone,0.65,identifier_or_tool_compound_manual_review,0.25,True,v2 自动聚合注释；仅代表 program-guided exploratory clue，不代表治疗推荐。,0.1408389559370586,1.0,1.0,1.0,0.5882516867811176,因毒性/广谱细胞毒性/滥用风险/工具化合物属性，仅保留在补充表，不进入 pre-BBB 主表。,False,,mechanistic_reference_only_excluded_from_main,pending_manual_swissadme,v2 pre-BBB 阶段不使用启发式 BBB；等待 SwissADME 手工复核。,围绕 NFE2L2 lesion-associated transcriptional/stress-adaptation program 的探索性候选线索，不解释为直接抑制或激活 NFE2L2。,True,False,False,True,NFE2L2,工具化合物/高风险或需人工复核类别。 CNS/epilepsy 转化语境不足或需人工核查。,False,0.6051677911874117,0.0281677911874117,0.18,0.16,0.052,0.065,0.12,0.0,0.0,0.2,0.18,0.38,0.2251677911874117,tool_or_broad_epigenetic;low_cns_epilepsy_relevance,retained_full_list,supplementary,保留在 supplementary/retained full list；未达到 v2.1 primary 或 supportive 门槛。,retained_full_list,supplementary,0.2251677911874117,,,,,,,,,,not_reviewed_bbb_pending,,,,,not_reviewed_bbb_pending,0.2251677911874117,retained_full_list_after_bbb,未进行 v2.1 SwissADME/BBB 复核；保留在 retained/supplementary。,59
captopril,captopril,NFE2L2,0.5614579449893824,0.4202378775108675,NFE2L2:2;BHLHE40:1,BHLHE40_supplement_program;NFE2L2_core_program;NFE2L2_regulon_targets,3,2,NFE2L2_regulon_targets,0.2452835813038499,2.1769890525482155e-09,77.78547595738253,24,captopril PC3 DOWN,DSigDB,metabolic/homeostatic,metabolic/homeostatic,0.65,identifier_or_tool_compound_manual_review,0.25,True,v2 自动聚合注释；仅代表 program-guided exploratory clue，不代表治疗推荐。,0.1512077058878123,1.0,1.0,0.9202378775108676,0.5849813419672132,因毒性/广谱细胞毒性/滥用风险/工具化合物属性，仅保留在补充表，不进入 pre-BBB 主表。,False,,mechanistic_reference_only_excluded_from_main,pending_manual_swissadme,v2 pre-BBB 阶段不使用启发式 BBB；等待 SwissADME 手工复核。,围绕 NFE2L2 lesion-associated transcriptional/stress-adaptation program 的探索性候选线索，不解释为直接抑制或激活 NFE2L2。,True,False,False,True,NFE2L2,工具化合物/高风险或需人工复核类别。 CNS/epilepsy 转化语境不足或需人工核查。,False,0.5976700864788665,0.0302415411775624,0.18,0.16,0.052,0.065,0.1104285453013041,0.0,0.0,0.2,0.18,0.38,0.2176700864788665,tool_or_broad_epigenetic;low_cns_epilepsy_relevance,retained_full_list,supplementary,保留在 supplementary/retained full list；未达到 v2.1 primary 或 supportive 门槛。,retained_full_list,supplementary,0.2176700864788665,,,,,,,,,,not_reviewed_bbb_pending,,,,,not_reviewed_bbb_pending,0.2176700864788665,retained_full_list_after_bbb,未进行 v2.1 SwissADME/BBB 复核；保留在 retained/supplementary。,60
Torcetrapib,Torcetrapib,NFE2L2,0.6165412100869847,0.463226339006705,NFE2L2:2;BHLHE40:1,BHLHE40_supplement_program;NFE2L2_core_program;NFE2L2_regulon_targets,3,2,NFE2L2_regulon_targets,0.2802596149886417,1.4395170701440577e-12,184.52428420823244,15,Torcetrapib CTD 00004291,DSigDB,未自动识别；需人工核实,unknown,0.3,identifier_or_tool_compound_manual_review,0.25,True,v2 自动聚合注释；仅代表 program-guided exploratory clue，不代表治疗推荐。,0.2508942913233036,1.0,1.0,0.9632263390067052,0.5693263945175274,因毒性/广谱细胞毒性/滥用风险/工具化合物属性，仅保留在补充表，不进入 pre-BBB 主表。,False,,mechanistic_reference_only_excluded_from_main,pending_manual_swissadme,v2 pre-BBB 阶段不使用启发式 BBB；等待 SwissADME 手工复核。,围绕 NFE2L2 lesion-associated transcriptional/stress-adaptation program 的探索性候选线索，不解释为直接抑制或激活 NFE2L2。,True,False,False,True,NFE2L2,工具化合物/高风险或需人工复核类别。 CNS/epilepsy 转化语境不足或需人工核查。,False,0.5947660189454653,0.0501788582646607,0.18,0.16,0.024,0.065,0.1155871606808046,0.0,0.0,0.2,0.18,0.38,0.2147660189454653,tool_or_broad_epigenetic;low_cns_epilepsy_relevance,retained_full_list,supplementary,保留在 supplementary/retained full list；未达到 v2.1 primary 或 supportive 门槛。,retained_full_list,supplementary,0.2147660189454653,,,,,,,,,,not_reviewed_bbb_pending,,,,,not_reviewed_bbb_pending,0.2147660189454653,retained_full_list_after_bbb,未进行 v2.1 SwissADME/BBB 复核；保留在 retained/supplementary。,61
MPEP,MPEP,THRB,0.6385837777714615,0.6385837777714615,THRB:2,THRB_core_program;THRB_regulon_targets,2,2,THRB_core_program,0.1589990391098136,0.1520216827430066,507.11775303850175,9,MPEP CTD 00003723,DSigDB,calcium/synaptic,calcium/synaptic,1.0,requires_manual_translational_review,0.45,True,v2 自动聚合注释；仅代表 program-guided exploratory clue，不代表治疗推荐。,0.2470341778412098,1.0,1.0,1.0,0.697110253352363,,True,THRB gene set 较小；FDR 较弱但具轴线/机制支持，保留为 manual_review_weak_fdr。,manual_review_weak_fdr,pending_manual_swissadme,v2 pre-BBB 阶段不使用启发式 BBB；等待 SwissADME 手工复核。,围绕 THRB internal_control-associated synaptic/calcium/homeostatic-supportive program 的探索性候选线索，不解释为直接激动 THRB 即治疗。,True,False,True,True,THRB,工具化合物/高风险或需人工复核类别。 THRB weak-FDR 或弱 FDR 手工复核候选。 CNS/epilepsy 转化语境不足或需人工核查。,False,0.706406835568242,0.0494068355682419,0.18,0.16,0.08,0.117,0.12,0.12,0.0,0.2,0.18,0.5,0.206406835568242,weak_fdr;tool_or_broad_epigenetic;low_cns_epilepsy_relevance,retained_full_list,supplementary,保留在 supplementary/retained full list；未达到 v2.1 primary 或 supportive 门槛。,retained_full_list,supplementary,0.206406835568242,,,,,,,,,,not_reviewed_bbb_pending,,,,,not_reviewed_bbb_pending,0.206406835568242,retained_full_list_after_bbb,未进行 v2.1 SwissADME/BBB 复核；保留在 retained/supplementary。,62
0175029-0000,0175029-0000,NFE2L2,0.5775542379105384,0.5775542379105384,NFE2L2:2,NFE2L2_core_program;NFE2L2_regulon_targets,2,2,NFE2L2_regulon_targets,0.2736684679671987,5.7202103965046766e-12,71.39002640006903,16,0175029-0000 PC3 DOWN,DSigDB,未自动识别；需人工核实,unknown,0.3,identifier_or_tool_compound_manual_review,0.25,True,v2 自动聚合注释；仅代表 program-guided exploratory clue，不代表治疗推荐。,0.1862134636073174,1.0,1.0,1.0,0.5528640390821952,因毒性/广谱细胞毒性/滥用风险/工具化合物属性，仅保留在补充表，不进入 pre-BBB 主表。,False,,mechanistic_reference_only_excluded_from_main,pending_manual_swissadme,v2 pre-BBB 阶段不使用启发式 BBB；等待 SwissADME 手工复核。,围绕 NFE2L2 lesion-associated transcriptional/stress-adaptation program 的探索性候选线索，不解释为直接抑制或激活 NFE2L2。,True,False,False,True,NFE2L2,工具化合物/高风险或需人工复核类别。 CNS/epilepsy 转化语境不足或需人工核查。,False,0.5862426927214635,0.0372426927214634,0.18,0.16,0.024,0.065,0.12,0.0,0.0,0.2,0.18,0.38,0.2062426927214634,tool_or_broad_epigenetic;low_cns_epilepsy_relevance,retained_full_list,supplementary,保留在 supplementary/retained full list；未达到 v2.1 primary 或 supportive 门槛。,retained_full_list,supplementary,0.2062426927214634,,,,,,,,,,not_reviewed_bbb_pending,,,,,not_reviewed_bbb_pending,0.2062426927214634,retained_full_list_after_bbb,未进行 v2.1 SwissADME/BBB 复核；保留在 retained/supplementary。,63
nocodazole,nocodazole,NFE2L2,0.6479764981373035,0.4757563609775376,NFE2L2:2;BHLHE40:1,BHLHE40_supplement_program;NFE2L2_core_program;NFE2L2_regulon_targets,3,2,NFE2L2_regulon_targets,0.3088742889943214,3.604813648457598e-15,227.5307795270741,13,nocodazole HL60 UP,DSigDB,broad_cytotoxic/topoisomerase,broad_cytotoxic/topoisomerase,0.65,high_caution_toxic_or_research_chemical,0.05,True,v2 自动聚合注释；仅代表 program-guided exploratory clue，不代表治疗推荐。,0.3105835116953818,1.0,1.0,0.9757563609775376,0.6092355623868175,因毒性/广谱细胞毒性/滥用风险/工具化合物属性，仅保留在补充表，不进入 pre-BBB 主表。,False,,mechanistic_reference_only_excluded_from_main,pending_manual_swissadme,v2 pre-BBB 阶段不使用启发式 BBB；等待 SwissADME 手工复核。,围绕 NFE2L2 lesion-associated transcriptional/stress-adaptation program 的探索性候选线索，不解释为直接抑制或激活 NFE2L2。,True,False,False,True,NFE2L2,工具化合物/高风险或需人工复核类别。 CNS/epilepsy 转化语境不足或需人工核查。,False,0.5842074656563809,0.0621167023390763,0.18,0.16,0.052,0.013,0.1170907633173045,0.0,0.0,0.2,0.18,0.38,0.2042074656563809,tool_or_broad_epigenetic;low_cns_epilepsy_relevance,retained_full_list,supplementary,保留在 supplementary/retained full list；未达到 v2.1 primary 或 supportive 门槛。,retained_full_list,supplementary,0.2042074656563809,,,,,,,,,,not_reviewed_bbb_pending,,,,,not_reviewed_bbb_pending,0.2042074656563809,retained_full_list_after_bbb,未进行 v2.1 SwissADME/BBB 复核；保留在 retained/supplementary。,64
daunorubicin,daunorubicin,NFE2L2,0.5663050341971969,0.5663050341971969,NFE2L2:2,NFE2L2_core_program;NFE2L2_regulon_targets,2,2,NFE2L2_regulon_targets,0.2919539727317116,4.370669158854371e-09,64.11781193667892,27,daunorubicin MCF7 DOWN,DSigDB,broad_cytotoxic/topoisomerase,broad_cytotoxic/topoisomerase,0.65,oncology_or_broad_cytotoxic_caution,0.15,True,v2 自动聚合注释；仅代表 program-guided exploratory clue，不代表治疗推荐。,0.1399877938546685,1.0,1.0,1.0,0.5739963381564006,因毒性/广谱细胞毒性/滥用风险/工具化合物属性，仅保留在补充表，不进入 pre-BBB 主表。,False,,mechanistic_reference_only_excluded_from_main,pending_manual_swissadme,v2 pre-BBB 阶段不使用启发式 BBB；等待 SwissADME 手工复核。,围绕 NFE2L2 lesion-associated transcriptional/stress-adaptation program 的探索性候选线索，不解释为直接抑制或激活 NFE2L2。,True,False,False,True,NFE2L2,工具化合物/高风险或需人工复核类别。 CNS/epilepsy 转化语境不足或需人工核查。,False,0.5789975587709337,0.0279975587709337,0.18,0.16,0.052,0.039,0.12,0.0,0.0,0.2,0.18,0.38,0.1989975587709337,tool_or_broad_epigenetic;low_cns_epilepsy_relevance,retained_full_list,supplementary,保留在 supplementary/retained full list；未达到 v2.1 primary 或 supportive 门槛。,retained_full_list,supplementary,0.1989975587709337,,,,,,,,,,not_reviewed_bbb_pending,,,,,not_reviewed_bbb_pending,0.1989975587709337,retained_full_list_after_bbb,未进行 v2.1 SwissADME/BBB 复核；保留在 retained/supplementary。,65
sanguinarine,sanguinarine,NFE2L2,0.5642853164147028,0.5642853164147028,NFE2L2:2,NFE2L2_core_program;NFE2L2_regulon_targets,2,2,NFE2L2_core_program,0.2230636921101945,2.1486214026629922e-08,93.60297893925708,32,sanguinarine MCF7 DOWN,DSigDB,未自动识别；需人工核实,unknown,0.3,identifier_or_tool_compound_manual_review,0.25,True,v2 自动聚合注释；仅代表 program-guided exploratory clue，不代表治疗推荐。,0.1443075538174336,1.0,1.0,1.0,0.5402922661452301,因毒性/广谱细胞毒性/滥用风险/工具化合物属性，仅保留在补充表，不进入 pre-BBB 主表。,False,,mechanistic_reference_only_excluded_from_main,pending_manual_swissadme,v2 pre-BBB 阶段不使用启发式 BBB；等待 SwissADME 手工复核。,围绕 NFE2L2 lesion-associated transcriptional/stress-adaptation program 的探索性候选线索，不解释为直接抑制或激活 NFE2L2。,True,False,False,True,NFE2L2,工具化合物/高风险或需人工复核类别。 CNS/epilepsy 转化语境不足或需人工核查。,False,0.5778615107634868,0.0288615107634867,0.18,0.16,0.024,0.065,0.12,0.0,0.0,0.2,0.18,0.38,0.1978615107634868,tool_or_broad_epigenetic;low_cns_epilepsy_relevance,retained_full_list,supplementary,保留在 supplementary/retained full list；未达到 v2.1 primary 或 supportive 门槛。,retained_full_list,supplementary,0.1978615107634868,,,,,,,,,,not_reviewed_bbb_pending,,,,,not_reviewed_bbb_pending,0.1978615107634868,retained_full_list_after_bbb,未进行 v2.1 SwissADME/BBB 复核；保留在 retained/supplementary。,66
formaldehyde,formaldehyde,NFE2L2,0.6165411493780691,0.6165411493780691,NFE2L2:2,NFE2L2_core_program;NFE2L2_regulon_targets,2,2,NFE2L2_regulon_targets,0.3180239936113055,5.30996293847308e-16,106.3802245329171,9,formaldehyde CTD 00006001,DSigDB,environmental_toxicant,environmental_toxicant,0.65,high_caution_toxic_or_research_chemical,0.05,True,v2 自动聚合注释；仅代表 program-guided exploratory clue，不代表治疗推荐。,0.2631098288393256,1.0,1.0,1.0,0.5969329486517977,因毒性/广谱细胞毒性/滥用风险/工具化合物属性，仅保留在补充表，不进入 pre-BBB 主表。,False,,mechanistic_reference_only_excluded_from_main,pending_manual_swissadme,v2 pre-BBB 阶段不使用启发式 BBB；等待 SwissADME 手工复核。,围绕 NFE2L2 lesion-associated transcriptional/stress-adaptation program 的探索性候选线索，不解释为直接抑制或激活 NFE2L2。,True,False,False,True,NFE2L2,工具化合物/高风险或需人工复核类别。 CNS/epilepsy 转化语境不足或需人工核查。,False,0.5776219657678652,0.0526219657678651,0.18,0.16,0.052,0.013,0.12,0.0,0.0,0.2,0.18,0.38,0.1976219657678651,tool_or_broad_epigenetic;low_cns_epilepsy_relevance,retained_full_list,supplementary,保留在 supplementary/retained full list；未达到 v2.1 primary 或 supportive 门槛。,retained_full_list,supplementary,0.1976219657678651,,,,,,,,,,not_reviewed_bbb_pending,,,,,not_reviewed_bbb_pending,0.1976219657678651,retained_full_list_after_bbb,未进行 v2.1 SwissADME/BBB 复核；保留在 retained/supplementary。,67
POTASSIUM CHROMATE,POTASSIUM CHROMATE,NFE2L2,0.6250342093672057,0.4693417366221731,NFE2L2:2;BHLHE40:1,BHLHE40_supplement_program;NFE2L2_core_program;NFE2L2_regulon_targets,3,2,NFE2L2_regulon_targets,0.3214836324767401,2.5738241158442616e-16,126.83804751185632,8,POTASSIUM CHROMATE CTD 00001284,DSigDB,environmental_toxicant,environmental_toxicant,0.65,high_caution_toxic_or_research_chemical,0.05,True,v2 自动聚合注释；仅代表 program-guided exploratory clue，不代表治疗推荐。,0.2778547673933379,1.0,1.0,0.969341736622173,0.5989037691477752,因毒性/广谱细胞毒性/滥用风险/工具化合物属性，仅保留在补充表，不进入 pre-BBB 主表。,False,,mechanistic_reference_only_excluded_from_main,pending_manual_swissadme,v2 pre-BBB 阶段不使用启发式 BBB；等待 SwissADME 手工复核。,围绕 NFE2L2 lesion-associated transcriptional/stress-adaptation program 的探索性候选线索，不解释为直接抑制或激活 NFE2L2。,True,False,False,True,NFE2L2,工具化合物/高风险或需人工复核类别。 CNS/epilepsy 转化语境不足或需人工核查。,False,0.5768919618733284,0.0555709534786675,0.18,0.16,0.052,0.013,0.1163210083946607,0.0,0.0,0.2,0.18,0.38,0.1968919618733283,tool_or_broad_epigenetic;low_cns_epilepsy_relevance,retained_full_list,supplementary,保留在 supplementary/retained full list；未达到 v2.1 primary 或 supportive 门槛。,retained_full_list,supplementary,0.1968919618733283,,,,,,,,,,not_reviewed_bbb_pending,,,,,not_reviewed_bbb_pending,0.1968919618733283,retained_full_list_after_bbb,未进行 v2.1 SwissADME/BBB 复核；保留在 retained/supplementary。,68
anisomycin,anisomycin,NFE2L2,0.6273076829231732,0.4537426941772387,NFE2L2:2;BHLHE40:1,BHLHE40_supplement_program;NFE2L2_core_program;NFE2L2_regulon_targets,3,2,NFE2L2_regulon_targets,0.4164436076869082,7.392016669109765e-16,144.65970621947218,11,anisomycin HL60 UP,DSigDB,broad_cytotoxic/topoisomerase,broad_cytotoxic/topoisomerase,0.65,high_caution_toxic_or_research_chemical,0.05,True,v2 自动聚合注释；仅代表 program-guided exploratory clue，不代表治疗推荐。,0.2798719214811527,1.0,1.0,0.9537426941772388,0.5982609919785249,因毒性/广谱细胞毒性/滥用风险/工具化合物属性，仅保留在补充表，不进入 pre-BBB 主表。,False,,mechanistic_reference_only_excluded_from_main,pending_manual_swissadme,v2 pre-BBB 阶段不使用启发式 BBB；等待 SwissADME 手工复核。,围绕 NFE2L2 lesion-associated transcriptional/stress-adaptation program 的探索性候选线索，不解释为直接抑制或激活 NFE2L2。,True,False,False,True,NFE2L2,工具化合物/高风险或需人工复核类别。 CNS/epilepsy 转化语境不足或需人工核查。,False,0.5754235075974992,0.0559743842962305,0.18,0.16,0.052,0.013,0.1144491233012686,0.0,0.0,0.2,0.18,0.38,0.1954235075974991,tool_or_broad_epigenetic;low_cns_epilepsy_relevance,retained_full_list,supplementary,保留在 supplementary/retained full list；未达到 v2.1 primary 或 supportive 门槛。,retained_full_list,supplementary,0.1954235075974991,,,,,,,,,,not_reviewed_bbb_pending,,,,,not_reviewed_bbb_pending,0.1954235075974991,retained_full_list_after_bbb,未进行 v2.1 SwissADME/BBB 复核；保留在 retained/supplementary。,69
lycorine,lycorine,NFE2L2,0.5768165817416196,0.4272278151153556,NFE2L2:2;BHLHE40:1,BHLHE40_supplement_program;NFE2L2_core_program;NFE2L2_regulon_targets,3,2,NFE2L2_core_program,0.2467144253891832,3.1242795817324067e-10,87.36700518068184,21,lycorine HL60 UP,DSigDB,未自动识别；需人工核实,unknown,0.3,identifier_or_tool_compound_manual_review,0.25,True,v2 自动聚合注释；仅代表 program-guided exploratory clue，不代表治疗推荐。,0.1684035409478821,1.0,1.0,0.9272278151153556,0.5416992874935931,因毒性/广谱细胞毒性/滥用风险/工具化合物属性，仅保留在补充表，不进入 pre-BBB 主表。,False,,mechanistic_reference_only_excluded_from_main,pending_manual_swissadme,v2 pre-BBB 阶段不使用启发式 BBB；等待 SwissADME 手工复核。,围绕 NFE2L2 lesion-associated transcriptional/stress-adaptation program 的探索性候选线索，不解释为直接抑制或激活 NFE2L2。,True,False,False,True,NFE2L2,工具化合物/高风险或需人工复核类别。 CNS/epilepsy 转化语境不足或需人工核查。,False,0.5739480460034191,0.0336807081895764,0.18,0.16,0.024,0.065,0.1112673378138426,0.0,0.0,0.2,0.18,0.38,0.193948046003419,tool_or_broad_epigenetic;low_cns_epilepsy_relevance,retained_full_list,supplementary,保留在 supplementary/retained full list；未达到 v2.1 primary 或 supportive 门槛。,retained_full_list,supplementary,0.193948046003419,,,,,,,,,,not_reviewed_bbb_pending,,,,,not_reviewed_bbb_pending,0.193948046003419,retained_full_list_after_bbb,未进行 v2.1 SwissADME/BBB 复核；保留在 retained/supplementary。,70
sulpiride,sulpiride,NFE2L2,0.5424132896025802,0.5424132896025802,NFE2L2:2,NFE2L2_core_program;NFE2L2_regulon_targets,2,2,NFE2L2_core_program,0.2146866130365015,7.498902065400344e-07,55.79761877064136,53,sulpiride PC3 DOWN,DSigDB,未自动识别；需人工核实,unknown,0.3,identifier_or_tool_compound_manual_review,0.25,True,v2 自动聚合注释；仅代表 program-guided exploratory clue，不代表治疗推荐。,0.1028382363523979,1.0,1.0,1.0,0.5278514709057194,因毒性/广谱细胞毒性/滥用风险/工具化合物属性，仅保留在补充表，不进入 pre-BBB 主表。,False,,mechanistic_reference_only_excluded_from_main,pending_manual_swissadme,v2 pre-BBB 阶段不使用启发式 BBB；等待 SwissADME 手工复核。,围绕 NFE2L2 lesion-associated transcriptional/stress-adaptation program 的探索性候选线索，不解释为直接抑制或激活 NFE2L2。,True,False,False,True,NFE2L2,工具化合物/高风险或需人工复核类别。 CNS/epilepsy 转化语境不足或需人工核查。,False,0.5695676472704796,0.0205676472704795,0.18,0.16,0.024,0.065,0.12,0.0,0.0,0.2,0.18,0.38,0.1895676472704796,tool_or_broad_epigenetic;low_cns_epilepsy_relevance,retained_full_list,supplementary,保留在 supplementary/retained full list；未达到 v2.1 primary 或 supportive 门槛。,retained_full_list,supplementary,0.1895676472704796,,,,,,,,,,not_reviewed_bbb_pending,,,,,not_reviewed_bbb_pending,0.1895676472704796,retained_full_list_after_bbb,未进行 v2.1 SwissADME/BBB 复核；保留在 retained/supplementary。,71
clindamycin,clindamycin,NFE2L2,0.5339915873680915,0.5339915873680915,NFE2L2:2,NFE2L2_core_program;NFE2L2_regulon_targets,2,2,NFE2L2_core_program,0.2072467049151706,5.89979969648324e-07,41.47931811761255,50,clindamycin HL60 DOWN,DSigDB,未自动识别；需人工核实,unknown,0.3,identifier_or_tool_compound_manual_review,0.25,True,v2 自动聚合注释；仅代表 program-guided exploratory clue，不代表治疗推荐。,0.0973140885094888,1.0,1.0,1.0,0.5261942265528465,因毒性/广谱细胞毒性/滥用风险/工具化合物属性，仅保留在补充表，不进入 pre-BBB 主表。,False,,mechanistic_reference_only_excluded_from_main,pending_manual_swissadme,v2 pre-BBB 阶段不使用启发式 BBB；等待 SwissADME 手工复核。,围绕 NFE2L2 lesion-associated transcriptional/stress-adaptation program 的探索性候选线索，不解释为直接抑制或激活 NFE2L2。,True,False,False,True,NFE2L2,工具化合物/高风险或需人工复核类别。 CNS/epilepsy 转化语境不足或需人工核查。,False,0.5684628177018978,0.0194628177018977,0.18,0.16,0.024,0.065,0.12,0.0,0.0,0.2,0.18,0.38,0.1884628177018977,tool_or_broad_epigenetic;low_cns_epilepsy_relevance,retained_full_list,supplementary,保留在 supplementary/retained full list；未达到 v2.1 primary 或 supportive 门槛。,retained_full_list,supplementary,0.1884628177018977,,,,,,,,,,not_reviewed_bbb_pending,,,,,not_reviewed_bbb_pending,0.1884628177018977,retained_full_list_after_bbb,未进行 v2.1 SwissADME/BBB 复核；保留在 retained/supplementary。,72
estradiol,estradiol,NFE2L2,0.3502482188338781,0.1875597539195697,NFE2L2:1;BHLHE40:1,BHLHE40_supplement_program;NFE2L2_regulon_targets,2,1,NFE2L2_regulon_targets,0.2421781474017275,4.170310754469081e-09,47.76099877215996,26,estradiol CTD 00005920,DSigDB,thyroid/hormone,thyroid/hormone,0.65,identifier_or_tool_compound_manual_review,0.25,True,v2 自动聚合注释；仅代表 program-guided exploratory clue，不代表治疗推荐。,0.1322188556356764,1.0,1.0,0.6875597539195697,0.5606704370042686,因毒性/广谱细胞毒性/滥用风险/工具化合物属性，仅保留在补充表，不进入 pre-BBB 主表。,False,,mechanistic_reference_only_excluded_from_main,pending_manual_swissadme,v2 pre-BBB 阶段不使用启发式 BBB；等待 SwissADME 手工复核。,围绕 NFE2L2 lesion-associated transcriptional/stress-adaptation program 的探索性候选线索，不解释为直接抑制或激活 NFE2L2。,True,False,False,True,NFE2L2,工具化合物/高风险或需人工复核类别。 CNS/epilepsy 转化语境不足或需人工核查。,False,0.5659509415974836,0.0264437711271352,0.18,0.16,0.052,0.065,0.0825071704703483,0.0,0.0,0.2,0.18,0.38,0.1859509415974836,tool_or_broad_epigenetic;low_cns_epilepsy_relevance,retained_full_list,supplementary,保留在 supplementary/retained full list；未达到 v2.1 primary 或 supportive 门槛。,retained_full_list,supplementary,0.1859509415974836,,,,,,,,,,not_reviewed_bbb_pending,,,,,not_reviewed_bbb_pending,0.1859509415974836,retained_full_list_after_bbb,未进行 v2.1 SwissADME/BBB 复核；保留在 retained/supplementary。,73
Quisqualate,Quisqualate,THRB,0.7357266612516996,0.7357266612516996,THRB:2,THRB_core_program;THRB_regulon_targets,2,2,THRB_core_program,0.1589990391098136,0.1520216827430066,822.994869532877,2,Quisqualate TTD 00010472,DSigDB,calcium/synaptic,calcium/synaptic,1.0,identifier_or_tool_compound_manual_review,0.25,True,v2 自动聚合注释；仅代表 program-guided exploratory clue，不代表治疗推荐。,0.4028854678159135,1.0,1.0,1.0,0.7158656403447741,因毒性/广谱细胞毒性/滥用风险/工具化合物属性，仅保留在补充表，不进入 pre-BBB 主表。,False,THRB gene set 较小；FDR 较弱但具轴线/机制支持，保留为 manual_review_weak_fdr。,manual_review_weak_fdr,pending_manual_swissadme,v2 pre-BBB 阶段不使用启发式 BBB；等待 SwissADME 手工复核。,围绕 THRB internal_control-associated synaptic/calcium/homeostatic-supportive program 的探索性候选线索，不解释为直接激动 THRB 即治疗。,True,False,True,True,THRB,工具化合物/高风险或需人工复核类别。 THRB weak-FDR 或弱 FDR 手工复核候选。 CNS/epilepsy 转化语境不足或需人工核查。,False,0.6855770935631827,0.0805770935631827,0.18,0.16,0.08,0.065,0.12,0.12,0.0,0.2,0.18,0.5,0.1855770935631827,weak_fdr;tool_or_broad_epigenetic;low_cns_epilepsy_relevance,retained_full_list,supplementary,保留在 supplementary/retained full list；未达到 v2.1 primary 或 supportive 门槛。,retained_full_list,supplementary,0.1855770935631827,,,,,,,,,,not_reviewed_bbb_pending,,,,,not_reviewed_bbb_pending,0.1855770935631827,retained_full_list_after_bbb,未进行 v2.1 SwissADME/BBB 复核；保留在 retained/supplementary。,74
etifenin,etifenin,NFE2L2,0.5444488033582771,0.4016457603482619,NFE2L2:2;BHLHE40:1,BHLHE40_supplement_program;NFE2L2_core_program;NFE2L2_regulon_targets,3,2,NFE2L2_core_program,0.2102727502532722,1.9643116753085386e-07,63.16859678549113,44,etifenin PC3 DOWN,DSigDB,未自动识别；需人工核实,unknown,0.3,identifier_or_tool_compound_manual_review,0.25,True,v2 自动聚合注释；仅代表 program-guided exploratory clue，不代表治疗推荐。,0.1150788530442189,1.0,1.0,0.901645760348262,0.5236553167411265,因毒性/广谱细胞毒性/滥用风险/工具化合物属性，仅保留在补充表，不进入 pre-BBB 主表。,False,,mechanistic_reference_only_excluded_from_main,pending_manual_swissadme,v2 pre-BBB 阶段不使用启发式 BBB；等待 SwissADME 手工复核。,围绕 NFE2L2 lesion-associated transcriptional/stress-adaptation program 的探索性候选线索，不解释为直接抑制或激活 NFE2L2。,True,False,False,True,NFE2L2,工具化合物/高风险或需人工复核类别。 CNS/epilepsy 转化语境不足或需人工核查。,False,0.5602132618506352,0.0230157706088437,0.18,0.16,0.024,0.065,0.1081974912417914,0.0,0.0,0.2,0.18,0.38,0.1802132618506352,tool_or_broad_epigenetic;low_cns_epilepsy_relevance,retained_full_list,supplementary,保留在 supplementary/retained full list；未达到 v2.1 primary 或 supportive 门槛。,retained_full_list,supplementary,0.1802132618506352,,,,,,,,,,not_reviewed_bbb_pending,,,,,not_reviewed_bbb_pending,0.1802132618506352,retained_full_list_after_bbb,未进行 v2.1 SwissADME/BBB 复核；保留在 retained/supplementary。,75
Caspan,Caspan,NFE2L2,0.5387328541627856,0.394724613286914,NFE2L2:2;BHLHE40:1,BHLHE40_supplement_program;NFE2L2_core_program;NFE2L2_regulon_targets,3,2,NFE2L2_core_program,0.2126660587430323,8.575077294143032e-07,49.805464831682535,55,Caspan CTD 00000180,DSigDB,未自动识别；需人工核实,unknown,0.3,identifier_or_tool_compound_manual_review,0.25,True,v2 自动聚合注释；仅代表 program-guided exploratory clue，不代表治疗推荐。,0.0990204597615886,1.0,1.0,0.894724613286914,0.5182841069914297,因毒性/广谱细胞毒性/滥用风险/工具化合物属性，仅保留在补充表，不进入 pre-BBB 主表。,False,,mechanistic_reference_only_excluded_from_main,pending_manual_swissadme,v2 pre-BBB 阶段不使用启发式 BBB；等待 SwissADME 手工复核。,围绕 NFE2L2 lesion-associated transcriptional/stress-adaptation program 的探索性候选线索，不解释为直接抑制或激活 NFE2L2。,True,False,False,True,NFE2L2,工具化合物/高风险或需人工复核类别。 CNS/epilepsy 转化语境不足或需人工核查。,False,0.5561710455467475,0.0198040919523177,0.18,0.16,0.024,0.065,0.1073669535944296,0.0,0.0,0.2,0.18,0.38,0.1761710455467474,tool_or_broad_epigenetic;low_cns_epilepsy_relevance,retained_full_list,supplementary,保留在 supplementary/retained full list；未达到 v2.1 primary 或 supportive 门槛。,retained_full_list,supplementary,0.1761710455467474,,,,,,,,,,not_reviewed_bbb_pending,,,,,not_reviewed_bbb_pending,0.1761710455467474,retained_full_list_after_bbb,未进行 v2.1 SwissADME/BBB 复核；保留在 retained/supplementary。,76
tamoxifen,tamoxifen,NFE2L2,0.5439329617689503,0.3628537155725558,NFE2L2:2;BHLHE40:1,BHLHE40_supplement_program;NFE2L2_core_program;NFE2L2_regulon_targets,3,2,NFE2L2_regulon_targets,0.126490466632642,1.1125542964243241e-07,59.68753419811334,40,tamoxifen CTD 00006827,DSigDB,未自动识别；需人工核实,unknown,0.3,identifier_or_tool_compound_manual_review,0.25,True,v2 自动聚合注释；仅代表 program-guided exploratory clue，不代表治疗推荐。,0.1170124756366012,1.0,1.0,0.8628537155725557,0.5211320399367848,因毒性/广谱细胞毒性/滥用风险/工具化合物属性，仅保留在补充表，不进入 pre-BBB 主表。,False,,mechanistic_reference_only_excluded_from_main,pending_manual_swissadme,v2 pre-BBB 阶段不使用启发式 BBB；等待 SwissADME 手工复核。,围绕 NFE2L2 lesion-associated transcriptional/stress-adaptation program 的探索性候选线索，不解释为直接抑制或激活 NFE2L2。,True,False,False,True,NFE2L2,工具化合物/高风险或需人工复核类别。 CNS/epilepsy 转化语境不足或需人工核查。,False,0.555944940996027,0.0234024951273202,0.18,0.16,0.024,0.065,0.1035424458687066,0.0,0.0,0.2,0.18,0.38,0.1759449409960269,tool_or_broad_epigenetic;low_cns_epilepsy_relevance,retained_full_list,supplementary,保留在 supplementary/retained full list；未达到 v2.1 primary 或 supportive 门槛。,retained_full_list,supplementary,0.1759449409960269,,,,,,,,,,not_reviewed_bbb_pending,,,,,not_reviewed_bbb_pending,0.1759449409960269,retained_full_list_after_bbb,未进行 v2.1 SwissADME/BBB 复核；保留在 retained/supplementary。,77
Copper sulfate,Copper sulfate,NFE2L2,0.5840241693699343,0.4123367730133803,NFE2L2:2;BHLHE40:1,BHLHE40_supplement_program;NFE2L2_core_program;NFE2L2_regulon_targets,3,2,NFE2L2_regulon_targets,0.2837856757299657,6.88122633468184e-13,71.49313161891983,14,Copper sulfate CTD 00007279,DSigDB,environmental_toxicant,environmental_toxicant,0.65,high_caution_toxic_or_research_chemical,0.05,True,v2 自动聚合注释；仅代表 program-guided exploratory clue，不代表治疗推荐。,0.1998661160090214,1.0,1.0,0.9123367730133802,0.5709467766437769,因毒性/广谱细胞毒性/滥用风险/工具化合物属性，仅保留在补充表，不进入 pre-BBB 主表。,False,,mechanistic_reference_only_excluded_from_main,pending_manual_swissadme,v2 pre-BBB 阶段不使用启发式 BBB；等待 SwissADME 手工复核。,围绕 NFE2L2 lesion-associated transcriptional/stress-adaptation program 的探索性候选线索，不解释为直接抑制或激活 NFE2L2。,True,False,False,True,NFE2L2,工具化合物/高风险或需人工复核类别。 CNS/epilepsy 转化语境不足或需人工核查。,False,0.5544536359634099,0.0399732232018042,0.18,0.16,0.052,0.013,0.1094804127616056,0.0,0.0,0.2,0.18,0.38,0.1744536359634099,tool_or_broad_epigenetic;low_cns_epilepsy_relevance,retained_full_list,supplementary,保留在 supplementary/retained full list；未达到 v2.1 primary 或 supportive 门槛。,retained_full_list,supplementary,0.1744536359634099,,,,,,,,,,not_reviewed_bbb_pending,,,,,not_reviewed_bbb_pending,0.1744536359634099,retained_full_list_after_bbb,未进行 v2.1 SwissADME/BBB 复核；保留在 retained/supplementary。,78
8-azaguanine,8-azaguanine,NFE2L2,0.5827317037017395,0.4288849952809666,NFE2L2:2;BHLHE40:1,BHLHE40_supplement_program;NFE2L2_core_program;NFE2L2_regulon_targets,3,2,NFE2L2_regulon_targets,0.2570419695491723,1.8574274486474108e-10,122.62981154560106,19,8-azaguanine HL60 UP,DSigDB,broad_cytotoxic/topoisomerase,broad_cytotoxic/topoisomerase,0.65,high_caution_toxic_or_research_chemical,0.05,True,v2 自动聚合注释；仅代表 program-guided exploratory clue，不代表治疗推荐。,0.1891417667984169,1.0,1.0,0.9288849952809666,0.5690533296620024,因毒性/广谱细胞毒性/滥用风险/工具化合物属性，仅保留在补充表，不进入 pre-BBB 主表。,False,,mechanistic_reference_only_excluded_from_main,pending_manual_swissadme,v2 pre-BBB 阶段不使用启发式 BBB；等待 SwissADME 手工复核。,围绕 NFE2L2 lesion-associated transcriptional/stress-adaptation program 的探索性候选线索，不解释为直接抑制或激活 NFE2L2。,True,False,False,True,NFE2L2,工具化合物/高风险或需人工复核类别。 CNS/epilepsy 转化语境不足或需人工核查。,False,0.5542945527933993,0.0378283533596833,0.18,0.16,0.052,0.013,0.1114661994337159,0.0,0.0,0.2,0.18,0.38,0.1742945527933993,tool_or_broad_epigenetic;low_cns_epilepsy_relevance,retained_full_list,supplementary,保留在 supplementary/retained full list；未达到 v2.1 primary 或 supportive 门槛。,retained_full_list,supplementary,0.1742945527933993,,,,,,,,,,not_reviewed_bbb_pending,,,,,not_reviewed_bbb_pending,0.1742945527933993,retained_full_list_after_bbb,未进行 v2.1 SwissADME/BBB 复核；保留在 retained/supplementary。,79
benzene,benzene,NFE2L2,0.5467971467932428,0.5467971467932428,NFE2L2:2,NFE2L2_core_program;NFE2L2_regulon_targets,2,2,NFE2L2_regulon_targets,0.2273280018504613,9.336447295725728e-08,67.26786593141638,37,benzene CTD 00005481,DSigDB,environmental_toxicant,environmental_toxicant,0.65,high_caution_toxic_or_research_chemical,0.05,True,v2 自动聚合注释；仅代表 program-guided exploratory clue，不代表治疗推荐。,0.1218785512974583,1.0,1.0,1.0,0.5545635653892376,因毒性/广谱细胞毒性/滥用风险/工具化合物属性，仅保留在补充表，不进入 pre-BBB 主表。,False,,mechanistic_reference_only_excluded_from_main,pending_manual_swissadme,v2 pre-BBB 阶段不使用启发式 BBB；等待 SwissADME 手工复核。,围绕 NFE2L2 lesion-associated transcriptional/stress-adaptation program 的探索性候选线索，不解释为直接抑制或激活 NFE2L2。,True,False,False,True,NFE2L2,工具化合物/高风险或需人工复核类别。 CNS/epilepsy 转化语境不足或需人工核查。,False,0.5493757102594916,0.0243757102594916,0.18,0.16,0.052,0.013,0.12,0.0,0.0,0.2,0.18,0.38,0.1693757102594916,tool_or_broad_epigenetic;low_cns_epilepsy_relevance,retained_full_list,supplementary,保留在 supplementary/retained full list；未达到 v2.1 primary 或 supportive 门槛。,retained_full_list,supplementary,0.1693757102594916,,,,,,,,,,not_reviewed_bbb_pending,,,,,not_reviewed_bbb_pending,0.1693757102594916,retained_full_list_after_bbb,未进行 v2.1 SwissADME/BBB 复核；保留在 retained/supplementary。,80
NICKEL SULFATE,NICKEL SULFATE,NFE2L2,0.5402188752587135,0.5402188752587135,NFE2L2:2,NFE2L2_core_program;NFE2L2_regulon_targets,2,2,NFE2L2_regulon_targets,0.2201855068132329,4.163891271762971e-07,60.65705581649635,47,NICKEL SULFATE CTD 00001417,DSigDB,environmental_toxicant,environmental_toxicant,0.65,high_caution_toxic_or_research_chemical,0.05,True,v2 自动聚合注释；仅代表 program-guided exploratory clue，不代表治疗推荐。,0.1090143130241254,1.0,1.0,1.0,0.5507042939072376,因毒性/广谱细胞毒性/滥用风险/工具化合物属性，仅保留在补充表，不进入 pre-BBB 主表。,False,,mechanistic_reference_only_excluded_from_main,pending_manual_swissadme,v2 pre-BBB 阶段不使用启发式 BBB；等待 SwissADME 手工复核。,围绕 NFE2L2 lesion-associated transcriptional/stress-adaptation program 的探索性候选线索，不解释为直接抑制或激活 NFE2L2。,True,False,False,True,NFE2L2,工具化合物/高风险或需人工复核类别。 CNS/epilepsy 转化语境不足或需人工核查。,False,0.5468028626048251,0.021802862604825,0.18,0.16,0.052,0.013,0.12,0.0,0.0,0.2,0.18,0.38,0.1668028626048251,tool_or_broad_epigenetic;low_cns_epilepsy_relevance,retained_full_list,supplementary,保留在 supplementary/retained full list；未达到 v2.1 primary 或 supportive 门槛。,retained_full_list,supplementary,0.1668028626048251,,,,,,,,,,not_reviewed_bbb_pending,,,,,not_reviewed_bbb_pending,0.1668028626048251,retained_full_list_after_bbb,未进行 v2.1 SwissADME/BBB 复核；保留在 retained/supplementary。,81
benzo[a]pyrene,benzo[a]pyrene,NFE2L2,0.5647320231007723,0.4046581880343138,NFE2L2:2;BHLHE40:1,BHLHE40_supplement_program;NFE2L2_core_program;NFE2L2_regulon_targets,3,2,NFE2L2_regulon_targets,0.2596614538448338,1.073437895768778e-10,58.68033195566488,18,benzo[a]pyrene CTD 00005488,DSigDB,environmental_toxicant,environmental_toxicant,0.65,high_caution_toxic_or_research_chemical,0.05,True,v2 自动聚合注释；仅代表 program-guided exploratory clue，不代表治疗推荐。,0.1611112837819822,1.0,1.0,0.904658188034314,0.5587060401773398,因毒性/广谱细胞毒性/滥用风险/工具化合物属性，仅保留在补充表，不进入 pre-BBB 主表。,False,,mechanistic_reference_only_excluded_from_main,pending_manual_swissadme,v2 pre-BBB 阶段不使用启发式 BBB；等待 SwissADME 手工复核。,围绕 NFE2L2 lesion-associated transcriptional/stress-adaptation program 的探索性候选线索，不解释为直接抑制或激活 NFE2L2。,True,False,False,True,NFE2L2,工具化合物/高风险或需人工复核类别。 CNS/epilepsy 转化语境不足或需人工核查。,False,0.5457812393205141,0.0322222567563964,0.18,0.16,0.052,0.013,0.1085589825641176,0.0,0.0,0.2,0.18,0.38,0.1657812393205141,tool_or_broad_epigenetic;low_cns_epilepsy_relevance,retained_full_list,supplementary,保留在 supplementary/retained full list；未达到 v2.1 primary 或 supportive 门槛。,retained_full_list,supplementary,0.1657812393205141,,,,,,,,,,not_reviewed_bbb_pending,,,,,not_reviewed_bbb_pending,0.1657812393205141,retained_full_list_after_bbb,未进行 v2.1 SwissADME/BBB 复核；保留在 retained/supplementary。,82
trequinsin,trequinsin,THRB,0.6385837777714615,0.6385837777714615,THRB:2,THRB_core_program;THRB_regulon_targets,2,2,THRB_core_program,0.1589990391098136,0.1520216827430066,507.11775303850175,8,trequinsin CTD 00001702,DSigDB,phosphodiesterase/cAMP,phosphodiesterase/cAMP,1.0,identifier_or_tool_compound_manual_review,0.25,True,v2 自动聚合注释；仅代表 program-guided exploratory clue，不代表治疗推荐。,0.2470341778412098,1.0,1.0,1.0,0.669110253352363,因毒性/广谱细胞毒性/滥用风险/工具化合物属性，仅保留在补充表，不进入 pre-BBB 主表。,False,THRB gene set 较小；FDR 较弱但具轴线/机制支持，保留为 manual_review_weak_fdr。,manual_review_weak_fdr,pending_manual_swissadme,v2 pre-BBB 阶段不使用启发式 BBB；等待 SwissADME 手工复核。,围绕 THRB internal_control-associated synaptic/calcium/homeostatic-supportive program 的探索性候选线索，不解释为直接激动 THRB 即治疗。,True,False,True,True,THRB,工具化合物/高风险或需人工复核类别。 THRB weak-FDR 或弱 FDR 手工复核候选。 CNS/epilepsy 转化语境不足或需人工核查。,False,0.654406835568242,0.0494068355682419,0.18,0.16,0.08,0.065,0.12,0.12,0.0,0.2,0.18,0.5,0.1544068355682419,weak_fdr;tool_or_broad_epigenetic;low_cns_epilepsy_relevance,retained_full_list,supplementary,保留在 supplementary/retained full list；未达到 v2.1 primary 或 supportive 门槛。,retained_full_list,supplementary,0.1544068355682419,,,,,,,,,,not_reviewed_bbb_pending,,,,,not_reviewed_bbb_pending,0.1544068355682419,retained_full_list_after_bbb,未进行 v2.1 SwissADME/BBB 复核；保留在 retained/supplementary。,83
5-Fluorouracil,5-Fluorouracil,NFE2L2,0.3326754548325821,0.1849009800935804,NFE2L2:1;BHLHE40:1,BHLHE40_supplement_program;NFE2L2_core_program,2,1,NFE2L2_core_program,0.211942066415557,2.3383152019986185e-06,53.1860237804107,29,5-Fluorouracil CTD 00005987,DSigDB,broad_cytotoxic/topoisomerase,broad_cytotoxic/topoisomerase,0.65,oncology_or_broad_cytotoxic_caution,0.15,True,v2 自动聚合注释；仅代表 program-guided exploratory clue，不代表治疗推荐。,0.0942455145407963,1.0,1.0,0.6849009800935805,0.5350657327697254,因毒性/广谱细胞毒性/滥用风险/工具化合物属性，仅保留在补充表，不进入 pre-BBB 主表。,False,,mechanistic_reference_only_excluded_from_main,pending_manual_swissadme,v2 pre-BBB 阶段不使用启发式 BBB；等待 SwissADME 手工复核。,围绕 NFE2L2 lesion-associated transcriptional/stress-adaptation program 的探索性候选线索，不解释为直接抑制或激活 NFE2L2。,True,False,False,True,NFE2L2,工具化合物/高风险或需人工复核类别。 CNS/epilepsy 转化语境不足或需人工核查。,False,0.532037220519389,0.0188491029081592,0.18,0.16,0.052,0.039,0.0821881176112296,0.0,0.0,0.2,0.18,0.38,0.1520372205193889,tool_or_broad_epigenetic;low_cns_epilepsy_relevance,retained_full_list,supplementary,保留在 supplementary/retained full list；未达到 v2.1 primary 或 supportive 门槛。,retained_full_list,supplementary,0.1520372205193889,,,,,,,,,,not_reviewed_bbb_pending,,,,,not_reviewed_bbb_pending,0.1520372205193889,retained_full_list_after_bbb,未进行 v2.1 SwissADME/BBB 复核；保留在 retained/supplementary。,84
mebendazole,mebendazole,NFE2L2,0.3316021747727051,0.1809923442141132,NFE2L2:1;BHLHE40:1,BHLHE40_supplement_program;NFE2L2_core_program,2,1,NFE2L2_core_program,0.2018253396864852,1.943593701716684e-05,70.63008133715563,44,mebendazole HL60 UP,DSigDB,未自动识别；需人工核实,unknown,0.3,identifier_or_tool_compound_manual_review,0.25,True,v2 自动聚合注释；仅代表 program-guided exploratory clue，不代表治疗推荐。,0.0892511412373128,1.0,1.0,0.6809923442141133,0.4982547299083229,因毒性/广谱细胞毒性/滥用风险/工具化合物属性，仅保留在补充表，不进入 pre-BBB 主表。,False,,mechanistic_reference_only_excluded_from_main,pending_manual_swissadme,v2 pre-BBB 阶段不使用启发式 BBB；等待 SwissADME 手工复核。,围绕 NFE2L2 lesion-associated transcriptional/stress-adaptation program 的探索性候选线索，不解释为直接抑制或激活 NFE2L2。,True,False,False,True,NFE2L2,工具化合物/高风险或需人工复核类别。 CNS/epilepsy 转化语境不足或需人工核查。,False,0.5285693095531562,0.0178502282474625,0.18,0.16,0.024,0.065,0.0817190813056936,0.0,0.0,0.2,0.18,0.38,0.1485693095531561,tool_or_broad_epigenetic;low_cns_epilepsy_relevance,retained_full_list,supplementary,保留在 supplementary/retained full list；未达到 v2.1 primary 或 supportive 门槛。,retained_full_list,supplementary,0.1485693095531561,,,,,,,,,,not_reviewed_bbb_pending,,,,,not_reviewed_bbb_pending,0.1485693095531561,retained_full_list_after_bbb,未进行 v2.1 SwissADME/BBB 复核；保留在 retained/supplementary。,85
menadione,menadione,NFE2L2,0.3268894136412321,0.1664816114438899,NFE2L2:1;BHLHE40:1,BHLHE40_supplement_program;NFE2L2_core_program,2,1,NFE2L2_core_program,0.0976898859262832,4.6190836249356725e-05,63.86299141852705,54,menadione HL60 UP,DSigDB,未自动识别；需人工核实,unknown,0.3,identifier_or_tool_compound_manual_review,0.25,True,v2 自动聚合注释；仅代表 program-guided exploratory clue，不代表治疗推荐。,0.0803525235469092,1.0,1.0,0.6664816114438898,0.4944242859795839,因毒性/广谱细胞毒性/滥用风险/工具化合物属性，仅保留在补充表，不进入 pre-BBB 主表。,False,,mechanistic_reference_only_excluded_from_main,pending_manual_swissadme,v2 pre-BBB 阶段不使用启发式 BBB；等待 SwissADME 手工复核。,围绕 NFE2L2 lesion-associated transcriptional/stress-adaptation program 的探索性候选线索，不解释为直接抑制或激活 NFE2L2。,True,False,False,True,NFE2L2,工具化合物/高风险或需人工复核类别。 CNS/epilepsy 转化语境不足或需人工核查。,False,0.5250482980826486,0.0160705047093818,0.18,0.16,0.024,0.065,0.0799777933732667,0.0,0.0,0.2,0.18,0.38,0.1450482980826486,tool_or_broad_epigenetic;low_cns_epilepsy_relevance,retained_full_list,supplementary,保留在 supplementary/retained full list；未达到 v2.1 primary 或 supportive 门槛。,retained_full_list,supplementary,0.1450482980826486,,,,,,,,,,not_reviewed_bbb_pending,,,,,not_reviewed_bbb_pending,0.1450482980826486,retained_full_list_after_bbb,未进行 v2.1 SwissADME/BBB 复核；保留在 retained/supplementary。,86
7646-79-9,7646-79-9,NFE2L2,0.574092275083224,0.4124300203593676,NFE2L2:2;BHLHE40:1,BHLHE40_supplement_program;NFE2L2_core_program;NFE2L2_regulon_targets,3,2,NFE2L2_regulon_targets,0.2692169982312057,1.4524161517640386e-11,69.34404185794389,17,7646-79-9 CTD 00000928,DSigDB,未自动识别；需人工核实,unknown,0.3,high_caution_toxic_or_research_chemical,0.05,True,v2 自动聚合注释；仅代表 program-guided exploratory clue，不代表治疗推荐。,0.179219343910994,1.0,1.0,0.9124300203593676,0.5157602048020477,因毒性/广谱细胞毒性/滥用风险/工具化合物属性，仅保留在补充表，不进入 pre-BBB 主表。,False,,mechanistic_reference_only_excluded_from_main,pending_manual_swissadme,v2 pre-BBB 阶段不使用启发式 BBB；等待 SwissADME 手工复核。,围绕 NFE2L2 lesion-associated transcriptional/stress-adaptation program 的探索性候选线索，不解释为直接抑制或激活 NFE2L2。,True,False,False,True,NFE2L2,工具化合物/高风险或需人工复核类别。 CNS/epilepsy 转化语境不足或需人工核查。,False,0.522335471225323,0.0358438687821988,0.18,0.16,0.024,0.013,0.1094916024431241,0.0,0.0,0.2,0.18,0.38,0.1423354712253229,tool_or_broad_epigenetic;low_cns_epilepsy_relevance,retained_full_list,supplementary,保留在 supplementary/retained full list；未达到 v2.1 primary 或 supportive 门槛。,retained_full_list,supplementary,0.1423354712253229,,,,,,,,,,not_reviewed_bbb_pending,,,,,not_reviewed_bbb_pending,0.1423354712253229,retained_full_list_after_bbb,未进行 v2.1 SwissADME/BBB 复核；保留在 retained/supplementary。,87
TERT-BUTYL HYDROPEROXIDE,TERT-BUTYL HYDROPEROXIDE,NFE2L2,0.3377909641738005,0.16273785302802,NFE2L2:1;BHLHE40:1,BHLHE40_supplement_program;NFE2L2_core_program,2,1,NFE2L2_core_program,0.1178816306464856,6.744389886888516e-07,57.52956825593981,24,TERT-BUTYL HYDROPEROXIDE CTD 00007349,DSigDB,environmental_toxicant,environmental_toxicant,0.65,high_caution_toxic_or_research_chemical,0.05,True,v2 自动聚合注释；仅代表 program-guided exploratory clue，不代表治疗推荐。,0.1043738569575353,1.0,1.0,0.6627378530280201,0.5223311853295023,因毒性/广谱细胞毒性/滥用风险/工具化合物属性，仅保留在补充表，不进入 pre-BBB 主表。,False,,mechanistic_reference_only_excluded_from_main,pending_manual_swissadme,v2 pre-BBB 阶段不使用启发式 BBB；等待 SwissADME 手工复核。,围绕 NFE2L2 lesion-associated transcriptional/stress-adaptation program 的探索性候选线索，不解释为直接抑制或激活 NFE2L2。,True,False,False,True,NFE2L2,工具化合物/高风险或需人工复核类别。 CNS/epilepsy 转化语境不足或需人工核查。,False,0.5054033137548695,0.020874771391507,0.18,0.16,0.052,0.013,0.0795285423633624,0.0,0.0,0.2,0.18,0.38,0.1254033137548694,tool_or_broad_epigenetic;low_cns_epilepsy_relevance,retained_full_list,supplementary,保留在 supplementary/retained full list；未达到 v2.1 primary 或 supportive 门槛。,retained_full_list,supplementary,0.1254033137548694,,,,,,,,,,not_reviewed_bbb_pending,,,,,not_reviewed_bbb_pending,0.1254033137548694,retained_full_list_after_bbb,未进行 v2.1 SwissADME/BBB 复核；保留在 retained/supplementary。,88
dinoprost,dinoprost,THRB,0.5010138992281804,0.5010138992281804,THRB:2,THRB_core_program;THRB_regulon_targets,2,2,THRB_core_program,0.1576467770165661,0.2017615720214794,62.58334006884147,39,dinoprost HL60 UP,DSigDB,redox/stress-adaptation,redox/stress-adaptation,1.0,identifier_or_tool_compound_manual_review,0.25,True,v2 自动聚合注释；仅代表 program-guided exploratory clue，不代表治疗推荐。,0.0258863787872655,1.0,1.0,1.0,0.6027659136361797,因毒性/广谱细胞毒性/滥用风险/工具化合物属性，仅保留在补充表，不进入 pre-BBB 主表。,False,THRB gene set 较小；FDR 较弱但具轴线/机制支持，保留为 manual_review_weak_fdr。,manual_review_weak_fdr,pending_manual_swissadme,v2 pre-BBB 阶段不使用启发式 BBB；等待 SwissADME 手工复核。,围绕 THRB internal_control-associated synaptic/calcium/homeostatic-supportive program 的探索性候选线索，不解释为直接激动 THRB 即治疗。,True,False,True,True,THRB,工具化合物/高风险或需人工复核类别。 THRB weak-FDR 或弱 FDR 手工复核候选。 CNS/epilepsy 转化语境不足或需人工核查。,False,0.6101772757574531,0.0051772757574531,0.18,0.16,0.08,0.065,0.12,0.12,0.0,0.2,0.18,0.5,0.110177275757453,weak_fdr;tool_or_broad_epigenetic;low_cns_epilepsy_relevance,retained_full_list,supplementary,保留在 supplementary/retained full list；未达到 v2.1 primary 或 supportive 门槛。,retained_full_list,supplementary,0.110177275757453,,,,,,,,,,not_reviewed_bbb_pending,,,,,not_reviewed_bbb_pending,0.110177275757453,retained_full_list_after_bbb,未进行 v2.1 SwissADME/BBB 复核；保留在 retained/supplementary。,89
thapsigargin,thapsigargin,THRB,0.4891872317439056,0.164016214500492,THRB:2;NFE2L2:1,NFE2L2_core_program;THRB_core_program;THRB_regulon_targets,3,3,THRB_core_program,0.0576989929327775,3.649153482521449e-05,55.94534976697327,48,thapsigargin PC3 UP,DSigDB,未自动识别；需人工核实,unknown,0.3,high_caution_toxic_or_research_chemical,0.05,True,v2 自动聚合注释；仅代表 program-guided exploratory clue，不代表治疗推荐。,0.0779598396015032,1.0,1.0,0.664016214500492,0.4655092490404903,因毒性/广谱细胞毒性/滥用风险/工具化合物属性，仅保留在补充表，不进入 pre-BBB 主表。,False,,mechanistic_reference_only_excluded_from_main,pending_manual_swissadme,v2 pre-BBB 阶段不使用启发式 BBB；等待 SwissADME 手工复核。,围绕 THRB internal_control-associated synaptic/calcium/homeostatic-supportive program 的探索性候选线索，不解释为直接激动 THRB 即治疗。,True,False,False,True,THRB,工具化合物/高风险或需人工复核类别。 CNS/epilepsy 转化语境不足或需人工核查。,False,0.4722739136603597,0.0155919679203006,0.18,0.16,0.024,0.013,0.079681945740059,0.0,0.0,0.2,0.18,0.38,0.0922739136603597,tool_or_broad_epigenetic;low_cns_epilepsy_relevance,retained_full_list,supplementary,保留在 supplementary/retained full list；未达到 v2.1 primary 或 supportive 门槛。,retained_full_list,supplementary,0.0922739136603597,,,,,,,,,,not_reviewed_bbb_pending,,,,,not_reviewed_bbb_pending,0.0922739136603597,retained_full_list_after_bbb,未进行 v2.1 SwissADME/BBB 复核；保留在 retained/supplementary。,90
ethaverine,ethaverine,THRB,0.5805327727430847,0.5805327727430847,THRB:2,THRB_core_program;THRB_regulon_targets,2,2,THRB_core_program,0.1589990391098136,0.1520216827430066,318.3547328251434,13,ethaverine PC3 UP,DSigDB,未自动识别；需人工核实,unknown,0.3,identifier_or_tool_compound_manual_review,0.25,True,v2 自动聚合注释；仅代表 program-guided exploratory clue，不代表治疗推荐。,0.153899985259403,1.0,1.0,1.0,0.5431699955778209,因毒性/广谱细胞毒性/滥用风险/工具化合物属性，仅保留在补充表，不进入 pre-BBB 主表。,False,THRB gene set 较小；FDR 较弱但具轴线/机制支持，保留为 manual_review_weak_fdr。,manual_review_weak_fdr,pending_manual_swissadme,v2 pre-BBB 阶段不使用启发式 BBB；等待 SwissADME 手工复核。,围绕 THRB internal_control-associated synaptic/calcium/homeostatic-supportive program 的探索性候选线索，不解释为直接激动 THRB 即治疗。,True,False,True,True,THRB,工具化合物/高风险或需人工复核类别。 THRB weak-FDR 或弱 FDR 手工复核候选。 CNS/epilepsy 转化语境不足或需人工核查。,False,0.5797799970518807,0.0307799970518806,0.18,0.16,0.024,0.065,0.12,0.12,0.0,0.2,0.18,0.5,0.0797799970518806,weak_fdr;tool_or_broad_epigenetic;low_cns_epilepsy_relevance,retained_full_list,supplementary,保留在 supplementary/retained full list；未达到 v2.1 primary 或 supportive 门槛。,retained_full_list,supplementary,0.0797799970518806,,,,,,,,,,not_reviewed_bbb_pending,,,,,not_reviewed_bbb_pending,0.0797799970518806,retained_full_list_after_bbb,未进行 v2.1 SwissADME/BBB 复核；保留在 retained/supplementary。,91
etilefrine,etilefrine,THRB,0.5332774887829073,0.5332774887829073,THRB:2,THRB_core_program;THRB_regulon_targets,2,2,THRB_core_program,0.1579863792952348,0.1879167611881415,166.7913365695687,20,etilefrine PC3 UP,DSigDB,未自动识别；需人工核实,unknown,0.3,identifier_or_tool_compound_manual_review,0.25,True,v2 自动聚合注释；仅代表 program-guided exploratory clue，不代表治疗推荐。,0.0777583545884832,1.0,1.0,1.0,0.5203275063765449,因毒性/广谱细胞毒性/滥用风险/工具化合物属性，仅保留在补充表，不进入 pre-BBB 主表。,False,THRB gene set 较小；FDR 较弱但具轴线/机制支持，保留为 manual_review_weak_fdr。,manual_review_weak_fdr,pending_manual_swissadme,v2 pre-BBB 阶段不使用启发式 BBB；等待 SwissADME 手工复核。,围绕 THRB internal_control-associated synaptic/calcium/homeostatic-supportive program 的探索性候选线索，不解释为直接激动 THRB 即治疗。,True,False,True,True,THRB,工具化合物/高风险或需人工复核类别。 THRB weak-FDR 或弱 FDR 手工复核候选。 CNS/epilepsy 转化语境不足或需人工核查。,False,0.5645516709176966,0.0155516709176966,0.18,0.16,0.024,0.065,0.12,0.12,0.0,0.2,0.18,0.5,0.0645516709176966,weak_fdr;tool_or_broad_epigenetic;low_cns_epilepsy_relevance,retained_full_list,supplementary,保留在 supplementary/retained full list；未达到 v2.1 primary 或 supportive 门槛。,retained_full_list,supplementary,0.0645516709176966,,,,,,,,,,not_reviewed_bbb_pending,,,,,not_reviewed_bbb_pending,0.0645516709176966,retained_full_list_after_bbb,未进行 v2.1 SwissADME/BBB 复核；保留在 retained/supplementary。,92
1-butanol,1-butanol,THRB,0.5284636818232609,0.5284636818232609,THRB:2,THRB_core_program;THRB_regulon_targets,2,2,THRB_core_program,0.1579863792952348,0.1879167611881415,151.13839929513645,22,1-butanol CTD 00007334,DSigDB,未自动识别；需人工核实,unknown,0.3,identifier_or_tool_compound_manual_review,0.25,True,v2 自动聚合注释；仅代表 program-guided exploratory clue，不代表治疗推荐。,0.0700353181963968,1.0,1.0,1.0,0.5180105954589189,因毒性/广谱细胞毒性/滥用风险/工具化合物属性，仅保留在补充表，不进入 pre-BBB 主表。,False,THRB gene set 较小；FDR 较弱但具轴线/机制支持，保留为 manual_review_weak_fdr。,manual_review_weak_fdr,pending_manual_swissadme,v2 pre-BBB 阶段不使用启发式 BBB；等待 SwissADME 手工复核。,围绕 THRB internal_control-associated synaptic/calcium/homeostatic-supportive program 的探索性候选线索，不解释为直接激动 THRB 即治疗。,True,False,True,True,THRB,工具化合物/高风险或需人工复核类别。 THRB weak-FDR 或弱 FDR 手工复核候选。 CNS/epilepsy 转化语境不足或需人工核查。,False,0.5630070636392794,0.0140070636392793,0.18,0.16,0.024,0.065,0.12,0.12,0.0,0.2,0.18,0.5,0.0630070636392794,weak_fdr;tool_or_broad_epigenetic;low_cns_epilepsy_relevance,retained_full_list,supplementary,保留在 supplementary/retained full list；未达到 v2.1 primary 或 supportive 门槛。,retained_full_list,supplementary,0.0630070636392794,,,,,,,,,,not_reviewed_bbb_pending,,,,,not_reviewed_bbb_pending,0.0630070636392794,retained_full_list_after_bbb,未进行 v2.1 SwissADME/BBB 复核；保留在 retained/supplementary。,93
phenoxybenzamine,phenoxybenzamine,THRB,0.520870406175676,0.520870406175676,THRB:2,THRB_core_program;THRB_regulon_targets,2,2,THRB_core_program,0.1579531900974611,0.1892268319389974,126.5162089708299,25,phenoxybenzamine MCF7 DOWN,DSigDB,未自动识别；需人工核实,unknown,0.3,identifier_or_tool_compound_manual_review,0.25,True,v2 自动聚合注释；仅代表 program-guided exploratory clue，不代表治疗推荐。,0.0578423025122412,1.0,1.0,1.0,0.5143526907536723,因毒性/广谱细胞毒性/滥用风险/工具化合物属性，仅保留在补充表，不进入 pre-BBB 主表。,False,THRB gene set 较小；FDR 较弱但具轴线/机制支持，保留为 manual_review_weak_fdr。,manual_review_weak_fdr,pending_manual_swissadme,v2 pre-BBB 阶段不使用启发式 BBB；等待 SwissADME 手工复核。,围绕 THRB internal_control-associated synaptic/calcium/homeostatic-supportive program 的探索性候选线索，不解释为直接激动 THRB 即治疗。,True,False,True,True,THRB,工具化合物/高风险或需人工复核类别。 THRB weak-FDR 或弱 FDR 手工复核候选。 CNS/epilepsy 转化语境不足或需人工核查。,False,0.5605684605024484,0.0115684605024482,0.18,0.16,0.024,0.065,0.12,0.12,0.0,0.2,0.18,0.5,0.0605684605024483,weak_fdr;tool_or_broad_epigenetic;low_cns_epilepsy_relevance,retained_full_list,supplementary,保留在 supplementary/retained full list；未达到 v2.1 primary 或 supportive 门槛。,retained_full_list,supplementary,0.0605684605024483,,,,,,,,,,not_reviewed_bbb_pending,,,,,not_reviewed_bbb_pending,0.0605684605024483,retained_full_list_after_bbb,未进行 v2.1 SwissADME/BBB 复核；保留在 retained/supplementary。,94
chlorpromazine,chlorpromazine,THRB,0.5039645975123643,0.5039645975123643,THRB:2,THRB_core_program;THRB_regulon_targets,2,2,THRB_core_program,0.1576989929327775,0.1995682971117345,72.0700051727417,35,chlorpromazine PC3 UP,DSigDB,未自动识别；需人工核实,unknown,0.3,identifier_or_tool_compound_manual_review,0.25,True,v2 自动聚合注释；仅代表 program-guided exploratory clue，不代表治疗推荐。,0.0306372250351697,1.0,1.0,1.0,0.5061911675105508,因毒性/广谱细胞毒性/滥用风险/工具化合物属性，仅保留在补充表，不进入 pre-BBB 主表。,False,THRB gene set 较小；FDR 较弱但具轴线/机制支持，保留为 manual_review_weak_fdr。,manual_review_weak_fdr,pending_manual_swissadme,v2 pre-BBB 阶段不使用启发式 BBB；等待 SwissADME 手工复核。,围绕 THRB internal_control-associated synaptic/calcium/homeostatic-supportive program 的探索性候选线索，不解释为直接激动 THRB 即治疗。,True,False,True,True,THRB,工具化合物/高风险或需人工复核类别。 THRB weak-FDR 或弱 FDR 手工复核候选。 CNS/epilepsy 转化语境不足或需人工核查。,False,0.555127445007034,0.0061274450070339,0.18,0.16,0.024,0.065,0.12,0.12,0.0,0.2,0.18,0.5,0.055127445007034,weak_fdr;tool_or_broad_epigenetic;low_cns_epilepsy_relevance,retained_full_list,supplementary,保留在 supplementary/retained full list；未达到 v2.1 primary 或 supportive 门槛。,retained_full_list,supplementary,0.055127445007034,,,,,,,,,,not_reviewed_bbb_pending,,,,,not_reviewed_bbb_pending,0.055127445007034,retained_full_list_after_bbb,未进行 v2.1 SwissADME/BBB 复核；保留在 retained/supplementary。,95
cefalotin,cefalotin,THRB,0.5035600088055333,0.5035600088055333,THRB:2,THRB_core_program;THRB_regulon_targets,2,2,THRB_core_program,0.1576989929327775,0.1995682971117345,70.7544140609547,36,cefalotin HL60 UP,DSigDB,未自动识别；需人工核实,unknown,0.3,identifier_or_tool_compound_manual_review,0.25,True,v2 自动聚合注释；仅代表 program-guided exploratory clue，不代表治疗推荐。,0.0299881227066225,1.0,1.0,1.0,0.5059964368119867,因毒性/广谱细胞毒性/滥用风险/工具化合物属性，仅保留在补充表，不进入 pre-BBB 主表。,False,THRB gene set 较小；FDR 较弱但具轴线/机制支持，保留为 manual_review_weak_fdr。,manual_review_weak_fdr,pending_manual_swissadme,v2 pre-BBB 阶段不使用启发式 BBB；等待 SwissADME 手工复核。,围绕 THRB internal_control-associated synaptic/calcium/homeostatic-supportive program 的探索性候选线索，不解释为直接激动 THRB 即治疗。,True,False,True,True,THRB,工具化合物/高风险或需人工复核类别。 THRB weak-FDR 或弱 FDR 手工复核候选。 CNS/epilepsy 转化语境不足或需人工核查。,False,0.5549976245413245,0.0059976245413245,0.18,0.16,0.024,0.065,0.12,0.12,0.0,0.2,0.18,0.5,0.0549976245413245,weak_fdr;tool_or_broad_epigenetic;low_cns_epilepsy_relevance,retained_full_list,supplementary,保留在 supplementary/retained full list；未达到 v2.1 primary 或 supportive 门槛。,retained_full_list,supplementary,0.0549976245413245,,,,,,,,,,not_reviewed_bbb_pending,,,,,not_reviewed_bbb_pending,0.0549976245413245,retained_full_list_after_bbb,未进行 v2.1 SwissADME/BBB 复核；保留在 retained/supplementary。,96
AC1L1FUW,AC1L1FUW,THRB,0.5024185571060911,0.5024185571060911,THRB:2,THRB_core_program;THRB_regulon_targets,2,2,THRB_core_program,0.1576989929327775,0.1995682971117345,67.04278374363157,38,AC1L1FUW CTD 00002630,DSigDB,未自动识别；需人工核实,unknown,0.3,identifier_or_tool_compound_manual_review,0.25,True,v2 自动聚合注释；仅代表 program-guided exploratory clue，不代表治疗推荐。,0.0281568334404552,1.0,1.0,1.0,0.5054470500321365,因毒性/广谱细胞毒性/滥用风险/工具化合物属性，仅保留在补充表，不进入 pre-BBB 主表。,False,THRB gene set 较小；FDR 较弱但具轴线/机制支持，保留为 manual_review_weak_fdr。,manual_review_weak_fdr,pending_manual_swissadme,v2 pre-BBB 阶段不使用启发式 BBB；等待 SwissADME 手工复核。,围绕 THRB internal_control-associated synaptic/calcium/homeostatic-supportive program 的探索性候选线索，不解释为直接激动 THRB 即治疗。,True,False,True,True,THRB,工具化合物/高风险或需人工复核类别。 THRB weak-FDR 或弱 FDR 手工复核候选。 CNS/epilepsy 转化语境不足或需人工核查。,False,0.5546313666880911,0.005631366688091,0.18,0.16,0.024,0.065,0.12,0.12,0.0,0.2,0.18,0.5,0.0546313666880911,weak_fdr;tool_or_broad_epigenetic;low_cns_epilepsy_relevance,retained_full_list,supplementary,保留在 supplementary/retained full list；未达到 v2.1 primary 或 supportive 门槛。,retained_full_list,supplementary,0.0546313666880911,,,,,,,,,,not_reviewed_bbb_pending,,,,,not_reviewed_bbb_pending,0.0546313666880911,retained_full_list_after_bbb,未进行 v2.1 SwissADME/BBB 复核；保留在 retained/supplementary。,97
zardaverine,zardaverine,THRB,0.4972882838124326,0.4972882838124326,THRB:2,THRB_core_program;THRB_regulon_targets,2,2,THRB_core_program,0.1573604219257898,0.2142252873387509,51.06138805719774,42,zardaverine HL60 UP,DSigDB,未自动识别；需人工核实,unknown,0.3,identifier_or_tool_compound_manual_review,0.25,True,v2 自动聚合注释；仅代表 program-guided exploratory clue，不代表治疗推荐。,0.0198165564575975,1.0,1.0,0.9972882838124326,0.5027280296422738,因毒性/广谱细胞毒性/滥用风险/工具化合物属性，仅保留在补充表，不进入 pre-BBB 主表。,False,THRB gene set 较小；FDR 较弱但具轴线/机制支持，保留为 manual_review_weak_fdr。,manual_review_weak_fdr,pending_manual_swissadme,v2 pre-BBB 阶段不使用启发式 BBB；等待 SwissADME 手工复核。,围绕 THRB internal_control-associated synaptic/calcium/homeostatic-supportive program 的探索性候选线索，不解释为直接激动 THRB 即治疗。,True,False,True,True,THRB,工具化合物/高风险或需人工复核类别。 THRB weak-FDR 或弱 FDR 手工复核候选。 CNS/epilepsy 转化语境不足或需人工核查。,False,0.5526379053490114,0.0039633112915195,0.18,0.16,0.024,0.065,0.1196745940574919,0.12,0.0,0.2,0.18,0.5,0.0526379053490113,weak_fdr;tool_or_broad_epigenetic;low_cns_epilepsy_relevance,retained_full_list,supplementary,保留在 supplementary/retained full list；未达到 v2.1 primary 或 supportive 门槛。,retained_full_list,supplementary,0.0526379053490113,,,,,,,,,,not_reviewed_bbb_pending,,,,,not_reviewed_bbb_pending,0.0526379053490113,retained_full_list_after_bbb,未进行 v2.1 SwissADME/BBB 复核；保留在 retained/supplementary。,98
levodopa,levodopa,THRB,0.4970616539408079,0.4970616539408079,THRB:2,THRB_core_program;THRB_regulon_targets,2,2,THRB_core_program,0.1573604219257898,0.2142252873387509,50.32446129740212,43,levodopa BOSS,DSigDB,未自动识别；需人工核实,unknown,0.3,identifier_or_tool_compound_manual_review,0.25,True,v2 自动聚合注释；仅代表 program-guided exploratory clue，不代表治疗推荐。,0.0194529625784155,1.0,1.0,0.997061653940808,0.5026008210887892,因毒性/广谱细胞毒性/滥用风险/工具化合物属性，仅保留在补充表，不进入 pre-BBB 主表。,False,THRB gene set 较小；FDR 较弱但具轴线/机制支持，保留为 manual_review_weak_fdr。,manual_review_weak_fdr,pending_manual_swissadme,v2 pre-BBB 阶段不使用启发式 BBB；等待 SwissADME 手工复核。,围绕 THRB internal_control-associated synaptic/calcium/homeostatic-supportive program 的探索性候选线索，不解释为直接激动 THRB 即治疗。,True,False,True,True,THRB,工具化合物/高风险或需人工复核类别。 THRB weak-FDR 或弱 FDR 手工复核候选。 CNS/epilepsy 转化语境不足或需人工核查。,False,0.5525379909885801,0.0038905925156831,0.18,0.16,0.024,0.065,0.1196473984728969,0.12,0.0,0.2,0.18,0.5,0.0525379909885801,weak_fdr;tool_or_broad_epigenetic;low_cns_epilepsy_relevance,retained_full_list,supplementary,保留在 supplementary/retained full list；未达到 v2.1 primary 或 supportive 门槛。,retained_full_list,supplementary,0.0525379909885801,,,,,,,,,,not_reviewed_bbb_pending,,,,,not_reviewed_bbb_pending,0.0525379909885801,retained_full_list_after_bbb,未进行 v2.1 SwissADME/BBB 复核；保留在 retained/supplementary。,99
valinomycin,valinomycin,THRB,0.49684046537931,0.49684046537931,THRB:2,THRB_core_program;THRB_regulon_targets,2,2,THRB_core_program,0.1573604219257898,0.2142252873387509,49.60522791144115,44,valinomycin PC3 UP,DSigDB,未自动识别；需人工核实,unknown,0.3,identifier_or_tool_compound_manual_review,0.25,True,v2 自动聚合注释；仅代表 program-guided exploratory clue，不代表治疗推荐。,0.0190980984710091,1.0,1.0,0.99684046537931,0.5024766667716475,因毒性/广谱细胞毒性/滥用风险/工具化合物属性，仅保留在补充表，不进入 pre-BBB 主表。,False,THRB gene set 较小；FDR 较弱但具轴线/机制支持，保留为 manual_review_weak_fdr。,manual_review_weak_fdr,pending_manual_swissadme,v2 pre-BBB 阶段不使用启发式 BBB；等待 SwissADME 手工复核。,围绕 THRB internal_control-associated synaptic/calcium/homeostatic-supportive program 的探索性候选线索，不解释为直接激动 THRB 即治疗。,True,False,True,True,THRB,工具化合物/高风险或需人工复核类别。 THRB weak-FDR 或弱 FDR 手工复核候选。 CNS/epilepsy 转化语境不足或需人工核查。,False,0.5524404755397191,0.0038196196942018,0.18,0.16,0.024,0.065,0.1196208558455172,0.12,0.0,0.2,0.18,0.5,0.052440475539719,weak_fdr;tool_or_broad_epigenetic;low_cns_epilepsy_relevance,retained_full_list,supplementary,保留在 supplementary/retained full list；未达到 v2.1 primary 或 supportive 门槛。,retained_full_list,supplementary,0.052440475539719,,,,,,,,,,not_reviewed_bbb_pending,,,,,not_reviewed_bbb_pending,0.052440475539719,retained_full_list_after_bbb,未进行 v2.1 SwissADME/BBB 复核；保留在 retained/supplementary。,100
GDC-0941,GDC-0941,THRB,0.4881298445420059,0.4881298445420059,THRB:2,THRB_core_program;THRB_regulon_targets,2,2,THRB_core_program,0.1576989929327775,0.1995682971117345,20.580529778539493,34,GDC-0941 CTD 00004868,DSigDB,未自动识别；需人工核实,unknown,0.3,identifier_or_tool_compound_manual_review,0.25,True,v2 自动聚合注释；仅代表 program-guided exploratory clue，不代表治疗推荐。,0.0052327220139764,1.0,1.0,0.988129844542006,0.4976202041675533,因毒性/广谱细胞毒性/滥用风险/工具化合物属性，仅保留在补充表，不进入 pre-BBB 主表。,False,THRB gene set 较小；FDR 较弱但具轴线/机制支持，保留为 manual_review_weak_fdr。,manual_review_weak_fdr,pending_manual_swissadme,v2 pre-BBB 阶段不使用启发式 BBB；等待 SwissADME 手工复核。,围绕 THRB internal_control-associated synaptic/calcium/homeostatic-supportive program 的探索性候选线索，不解释为直接激动 THRB 即治疗。,True,False,True,True,THRB,工具化合物/高风险或需人工复核类别。 THRB weak-FDR 或弱 FDR 手工复核候选。 CNS/epilepsy 转化语境不足或需人工核查。,False,0.548622125747836,0.0010465444027952,0.18,0.16,0.024,0.065,0.1185755813450407,0.12,0.0,0.2,0.18,0.5,0.0486221257478359,weak_fdr;tool_or_broad_epigenetic;low_cns_epilepsy_relevance,retained_full_list,supplementary,保留在 supplementary/retained full list；未达到 v2.1 primary 或 supportive 门槛。,retained_full_list,supplementary,0.0486221257478359,,,,,,,,,,not_reviewed_bbb_pending,,,,,not_reviewed_bbb_pending,0.0486221257478359,retained_full_list_after_bbb,未进行 v2.1 SwissADME/BBB 复核；保留在 retained/supplementary。,101
BARIUM,BARIUM,THRB,0.525665706021557,0.525665706021557,THRB:2,THRB_core_program;THRB_regulon_targets,2,2,THRB_core_program,0.1579740638278921,0.1884018255115205,142.06577419675818,23,BARIUM CTD 00005464,DSigDB,environmental_toxicant,environmental_toxicant,0.65,high_caution_toxic_or_research_chemical,0.05,True,v2 自动聚合注释；仅代表 program-guided exploratory clue，不代表治疗推荐。,0.065542399017188,1.0,1.0,1.0,0.5376627197051564,因毒性/广谱细胞毒性/滥用风险/工具化合物属性，仅保留在补充表，不进入 pre-BBB 主表。,False,THRB gene set 较小；FDR 较弱但具轴线/机制支持，保留为 manual_review_weak_fdr。,manual_review_weak_fdr,pending_manual_swissadme,v2 pre-BBB 阶段不使用启发式 BBB；等待 SwissADME 手工复核。,围绕 THRB internal_control-associated synaptic/calcium/homeostatic-supportive program 的探索性候选线索，不解释为直接激动 THRB 即治疗。,True,False,True,True,THRB,工具化合物/高风险或需人工复核类别。 THRB weak-FDR 或弱 FDR 手工复核候选。 CNS/epilepsy 转化语境不足或需人工核查。,False,0.5381084798034377,0.0131084798034376,0.18,0.16,0.052,0.013,0.12,0.12,0.0,0.2,0.18,0.5,0.0381084798034376,weak_fdr;tool_or_broad_epigenetic;low_cns_epilepsy_relevance,retained_full_list,supplementary,保留在 supplementary/retained full list；未达到 v2.1 primary 或 supportive 门槛。,retained_full_list,supplementary,0.0381084798034376,,,,,,,,,,not_reviewed_bbb_pending,,,,,not_reviewed_bbb_pending,0.0381084798034376,retained_full_list_after_bbb,未进行 v2.1 SwissADME/BBB 复核；保留在 retained/supplementary。,102
METHAMPHETAMINE,METHAMPHETAMINE,THRB,0.5530150383882105,0.5530150383882105,THRB:2,THRB_core_program;THRB_regulon_targets,2,2,THRB_core_program,0.1589990391098136,0.1520216827430066,228.8759952267877,1,METHAMPHETAMINE CTD 00006286,DSigDB,未自动识别；需人工核实,unknown,0.3,controlled_or_abuse_liability_caution,0.1,True,v2 自动聚合注释；仅代表 program-guided exploratory clue，不代表治疗推荐。,0.1097518784424912,1.0,1.0,1.0,0.5089255635327474,因毒性/广谱细胞毒性/滥用风险/工具化合物属性，仅保留在补充表，不进入 pre-BBB 主表。,False,THRB gene set 较小；FDR 较弱但具轴线/机制支持，保留为 manual_review_weak_fdr。,manual_review_weak_fdr,pending_manual_swissadme,v2 pre-BBB 阶段不使用启发式 BBB；等待 SwissADME 手工复核。,围绕 THRB internal_control-associated synaptic/calcium/homeostatic-supportive program 的探索性候选线索，不解释为直接激动 THRB 即治疗。,True,False,True,True,THRB,工具化合物/高风险或需人工复核类别。 THRB weak-FDR 或弱 FDR 手工复核候选。 CNS/epilepsy 转化语境不足或需人工核查。,False,0.5319503756884982,0.0219503756884982,0.18,0.16,0.024,0.026,0.12,0.12,0.0,0.2,0.18,0.5,0.0319503756884982,weak_fdr;tool_or_broad_epigenetic;low_cns_epilepsy_relevance,retained_full_list,supplementary,保留在 supplementary/retained full list；未达到 v2.1 primary 或 supportive 门槛。,retained_full_list,supplementary,0.0319503756884982,,,,,,,,,,not_reviewed_bbb_pending,,,,,not_reviewed_bbb_pending,0.0319503756884982,retained_full_list_after_bbb,未进行 v2.1 SwissADME/BBB 复核；保留在 retained/supplementary。,103
vorinostat,vorinostat,NFE2L2,0.3240302687049899,0.3240302687049899,NFE2L2:1,NFE2L2_core_program,1,1,NFE2L2_core_program,0.1979844979838393,4.342830813124115e-05,53.95635500980094,52,vorinostat MCF7 DOWN,DSigDB,epigenetic/hdac,epigenetic/hdac,1.0,identifier_or_tool_compound_manual_review,0.25,True,v2 自动聚合注释；仅代表 program-guided exploratory clue，不代表治疗推荐。,0.0758607493769422,0.5,1.0,0.82403026870499,0.5236806463094819,因毒性/广谱细胞毒性/滥用风险/工具化合物属性，仅保留在补充表，不进入 pre-BBB 主表。,False,,mechanistic_reference_only_excluded_from_main,pending_manual_swissadme,v2 pre-BBB 阶段不使用启发式 BBB；等待 SwissADME 手工复核。,围绕 NFE2L2 lesion-associated transcriptional/stress-adaptation program 的探索性候选线索，不解释为直接抑制或激活 NFE2L2。,True,True,False,True,NFE2L2,工具化合物/高风险或需人工复核类别。 HDAC/表观遗传调节倾向，作为机制线索保守后移。 CNS/epilepsy 转化语境不足或需人工核查。,False,0.5090557821199873,0.0151721498753884,0.09,0.16,0.08,0.065,0.0988836322445988,0.0,0.1,0.2,0.18,0.48,0.0290557821199872,single_signature;tool_or_broad_epigenetic;low_cns_epilepsy_relevance,retained_full_list,supplementary,保留在 supplementary/retained full list；未达到 v2.1 primary 或 supportive 门槛。,retained_full_list,supplementary,0.0290557821199872,,,,,,,,,,not_reviewed_bbb_pending,,,,,not_reviewed_bbb_pending,0.0290557821199872,retained_full_list_after_bbb,未进行 v2.1 SwissADME/BBB 复核；保留在 retained/supplementary。,104
Chlorpyrifos oxon,Chlorpyrifos oxon,THRB,0.4943342897719035,0.4943342897719035,THRB:2,THRB_core_program;THRB_regulon_targets,2,2,THRB_core_program,0.1570203180503462,0.2300325364251407,42.15971778727455,45,Chlorpyrifos oxon CTD 00000500,DSigDB,environmental_toxicant,environmental_toxicant,0.65,high_caution_toxic_or_research_chemical,0.05,True,v2 自动聚合注释；仅代表 program-guided exploratory clue，不代表治疗推荐。,0.0149672996071253,1.0,1.0,0.9943342897719036,0.5220369330638899,因毒性/广谱细胞毒性/滥用风险/工具化合物属性，仅保留在补充表，不进入 pre-BBB 主表。,False,THRB gene set 较小；FDR 较弱但具轴线/机制支持，保留为 manual_review_weak_fdr。,manual_review_weak_fdr,pending_manual_swissadme,v2 pre-BBB 阶段不使用启发式 BBB；等待 SwissADME 手工复核。,围绕 THRB internal_control-associated synaptic/calcium/homeostatic-supportive program 的探索性候选线索，不解释为直接激动 THRB 即治疗。,True,False,True,True,THRB,工具化合物/高风险或需人工复核类别。 THRB weak-FDR 或弱 FDR 手工复核候选。 CNS/epilepsy 转化语境不足或需人工核查。,False,0.5273135746940535,0.002993459921425,0.18,0.16,0.052,0.013,0.1193201147726284,0.12,0.0,0.2,0.18,0.5,0.0273135746940534,weak_fdr;tool_or_broad_epigenetic;low_cns_epilepsy_relevance,retained_full_list,supplementary,保留在 supplementary/retained full list；未达到 v2.1 primary 或 supportive 门槛。,retained_full_list,supplementary,0.0273135746940534,,,,,,,,,,not_reviewed_bbb_pending,,,,,not_reviewed_bbb_pending,0.0273135746940534,retained_full_list_after_bbb,未进行 v2.1 SwissADME/BBB 复核；保留在 retained/supplementary。,105
Diacetylmorphine,Diacetylmorphine,THRB,0.5284636818232609,0.5284636818232609,THRB:2,THRB_core_program;THRB_regulon_targets,2,2,THRB_core_program,0.1579863792952348,0.1879167611881415,151.13839929513645,21,Diacetylmorphine CTD 00005784,DSigDB,未自动识别；需人工核实,unknown,0.3,controlled_or_abuse_liability_caution,0.1,True,v2 自动聚合注释；仅代表 program-guided exploratory clue，不代表治疗推荐。,0.0700353181963968,1.0,1.0,1.0,0.497010595458919,因毒性/广谱细胞毒性/滥用风险/工具化合物属性，仅保留在补充表，不进入 pre-BBB 主表。,False,THRB gene set 较小；FDR 较弱但具轴线/机制支持，保留为 manual_review_weak_fdr。,manual_review_weak_fdr,pending_manual_swissadme,v2 pre-BBB 阶段不使用启发式 BBB；等待 SwissADME 手工复核。,围绕 THRB internal_control-associated synaptic/calcium/homeostatic-supportive program 的探索性候选线索，不解释为直接激动 THRB 即治疗。,True,False,True,True,THRB,工具化合物/高风险或需人工复核类别。 THRB weak-FDR 或弱 FDR 手工复核候选。 CNS/epilepsy 转化语境不足或需人工核查。,False,0.5240070636392794,0.0140070636392793,0.18,0.16,0.024,0.026,0.12,0.12,0.0,0.2,0.18,0.5,0.0240070636392794,weak_fdr;tool_or_broad_epigenetic;low_cns_epilepsy_relevance,retained_full_list,supplementary,保留在 supplementary/retained full list；未达到 v2.1 primary 或 supportive 门槛。,retained_full_list,supplementary,0.0240070636392794,,,,,,,,,,not_reviewed_bbb_pending,,,,,not_reviewed_bbb_pending,0.0240070636392794,retained_full_list_after_bbb,未进行 v2.1 SwissADME/BBB 复核；保留在 retained/supplementary。,106
DL-Methamphetamine,DL-Methamphetamine,THRB,0.5088377820937173,0.5088377820937173,THRB:2,THRB_core_program;THRB_regulon_targets,2,2,THRB_core_program,0.1576989929327775,0.1995682971117345,87.91601919409594,30,DL-Methamphetamine BOSS,DSigDB,未自动识别；需人工核实,unknown,0.3,controlled_or_abuse_liability_caution,0.1,True,v2 自动聚合注释；仅代表 program-guided exploratory clue，不代表治疗推荐。,0.0384555239787377,1.0,1.0,1.0,0.4875366571936214,因毒性/广谱细胞毒性/滥用风险/工具化合物属性，仅保留在补充表，不进入 pre-BBB 主表。,False,THRB gene set 较小；FDR 较弱但具轴线/机制支持，保留为 manual_review_weak_fdr。,manual_review_weak_fdr,pending_manual_swissadme,v2 pre-BBB 阶段不使用启发式 BBB；等待 SwissADME 手工复核。,围绕 THRB internal_control-associated synaptic/calcium/homeostatic-supportive program 的探索性候选线索，不解释为直接激动 THRB 即治疗。,True,False,True,True,THRB,工具化合物/高风险或需人工复核类别。 THRB weak-FDR 或弱 FDR 手工复核候选。 CNS/epilepsy 转化语境不足或需人工核查。,False,0.5176911047957475,0.0076911047957475,0.18,0.16,0.024,0.026,0.12,0.12,0.0,0.2,0.18,0.5,0.0176911047957475,weak_fdr;tool_or_broad_epigenetic;low_cns_epilepsy_relevance,retained_full_list,supplementary,保留在 supplementary/retained full list；未达到 v2.1 primary 或 supportive 门槛。,retained_full_list,supplementary,0.0176911047957475,,,,,,,,,,not_reviewed_bbb_pending,,,,,not_reviewed_bbb_pending,0.0176911047957475,retained_full_list_after_bbb,未进行 v2.1 SwissADME/BBB 复核；保留在 retained/supplementary。,107
ketamine,ketamine,THRB,0.5061948592177985,0.5061948592177985,THRB:2,THRB_core_program;THRB_regulon_targets,2,2,THRB_core_program,0.1576989929327775,0.1995682971117345,79.3220921121178,32,ketamine BOSS,DSigDB,未自动识别；需人工核实,unknown,0.3,controlled_or_abuse_liability_caution,0.1,True,v2 自动聚合注释；仅代表 program-guided exploratory clue，不代表治疗推荐。,0.0342153478097917,1.0,1.0,1.0,0.4862646043429375,因毒性/广谱细胞毒性/滥用风险/工具化合物属性，仅保留在补充表，不进入 pre-BBB 主表。,False,THRB gene set 较小；FDR 较弱但具轴线/机制支持，保留为 manual_review_weak_fdr。,manual_review_weak_fdr,pending_manual_swissadme,v2 pre-BBB 阶段不使用启发式 BBB；等待 SwissADME 手工复核。,围绕 THRB internal_control-associated synaptic/calcium/homeostatic-supportive program 的探索性候选线索，不解释为直接激动 THRB 即治疗。,True,False,True,True,THRB,工具化合物/高风险或需人工复核类别。 THRB weak-FDR 或弱 FDR 手工复核候选。 CNS/epilepsy 转化语境不足或需人工核查。,False,0.5168430695619584,0.0068430695619583,0.18,0.16,0.024,0.026,0.12,0.12,0.0,0.2,0.18,0.5,0.0168430695619583,weak_fdr;tool_or_broad_epigenetic;low_cns_epilepsy_relevance,retained_full_list,supplementary,保留在 supplementary/retained full list；未达到 v2.1 primary 或 supportive 门槛。,retained_full_list,supplementary,0.0168430695619583,,,,,,,,,,not_reviewed_bbb_pending,,,,,not_reviewed_bbb_pending,0.0168430695619583,retained_full_list_after_bbb,未进行 v2.1 SwissADME/BBB 复核；保留在 retained/supplementary。,108
dextroamphetamine,dextroamphetamine,THRB,0.4980027989496751,0.4980027989496751,THRB:2,THRB_core_program;THRB_regulon_targets,2,2,THRB_core_program,0.1573604219257898,0.2142252873387509,53.384759293029546,41,dextroamphetamine BOSS,DSigDB,未自动识别；需人工核实,unknown,0.3,controlled_or_abuse_liability_caution,0.1,True,v2 自动聚合注释；仅代表 program-guided exploratory clue，不代表治疗推荐。,0.0209628895893328,1.0,1.0,0.9980027989496753,0.4821290907927738,因毒性/广谱细胞毒性/滥用风险/工具化合物属性，仅保留在补充表，不进入 pre-BBB 主表。,False,THRB gene set 较小；FDR 较弱但具轴线/机制支持，保留为 manual_review_weak_fdr。,manual_review_weak_fdr,pending_manual_swissadme,v2 pre-BBB 阶段不使用启发式 BBB；等待 SwissADME 手工复核。,围绕 THRB internal_control-associated synaptic/calcium/homeostatic-supportive program 的探索性候选线索，不解释为直接激动 THRB 即治疗。,True,False,True,True,THRB,工具化合物/高风险或需人工复核类别。 THRB weak-FDR 或弱 FDR 手工复核候选。 CNS/epilepsy 转化语境不足或需人工核查。,False,0.5139529137918276,0.0041925779178665,0.18,0.16,0.024,0.026,0.119760335873961,0.12,0.0,0.2,0.18,0.5,0.0139529137918276,weak_fdr;tool_or_broad_epigenetic;low_cns_epilepsy_relevance,retained_full_list,supplementary,保留在 supplementary/retained full list；未达到 v2.1 primary 或 supportive 门槛。,retained_full_list,supplementary,0.0139529137918276,,,,,,,,,,not_reviewed_bbb_pending,,,,,not_reviewed_bbb_pending,0.0139529137918276,retained_full_list_after_bbb,未进行 v2.1 SwissADME/BBB 复核；保留在 retained/supplementary。,109
MPTP,MPTP,THRB,0.5094256376051407,0.5094256376051407,THRB:2,THRB_core_program;THRB_regulon_targets,2,2,THRB_core_program,0.1576989929327775,0.1995682971117345,89.82753445091376,29,MPTP BOSS,DSigDB,未自动识别；需人工核实,unknown,0.3,high_caution_toxic_or_research_chemical,0.05,True,v2 自动聚合注释；仅代表 program-guided exploratory clue，不代表治疗推荐。,0.0393986506030644,1.0,1.0,1.0,0.4808195951809193,因毒性/广谱细胞毒性/滥用风险/工具化合物属性，仅保留在补充表，不进入 pre-BBB 主表。,False,THRB gene set 较小；FDR 较弱但具轴线/机制支持，保留为 manual_review_weak_fdr。,manual_review_weak_fdr,pending_manual_swissadme,v2 pre-BBB 阶段不使用启发式 BBB；等待 SwissADME 手工复核。,围绕 THRB internal_control-associated synaptic/calcium/homeostatic-supportive program 的探索性候选线索，不解释为直接激动 THRB 即治疗。,True,False,True,True,THRB,工具化合物/高风险或需人工复核类别。 THRB weak-FDR 或弱 FDR 手工复核候选。 CNS/epilepsy 转化语境不足或需人工核查。,False,0.5048797301206129,0.0078797301206128,0.18,0.16,0.024,0.013,0.12,0.12,0.0,0.2,0.18,0.5,0.0048797301206129,weak_fdr;tool_or_broad_epigenetic;low_cns_epilepsy_relevance,retained_full_list,supplementary,保留在 supplementary/retained full list；未达到 v2.1 primary 或 supportive 门槛。,retained_full_list,supplementary,0.0048797301206129,,,,,,,,,,not_reviewed_bbb_pending,,,,,not_reviewed_bbb_pending,0.0048797301206129,retained_full_list_after_bbb,未进行 v2.1 SwissADME/BBB 复核；保留在 retained/supplementary。,110
doxorubicin,doxorubicin,NFE2L2,0.3544793818296634,0.3544793818296634,NFE2L2:1,NFE2L2_regulon_targets,1,1,NFE2L2_regulon_targets,0.239491603572781,7.318122503696737e-09,67.07849230561108,28,doxorubicin PC3 DOWN,DSigDB,broad_cytotoxic/topoisomerase,broad_cytotoxic/topoisomerase,0.65,oncology_or_broad_cytotoxic_caution,0.15,True,v2 自动聚合注释；仅代表 program-guided exploratory clue，不代表治疗推荐。,0.1381381108375934,0.5,1.0,0.8544793818296634,0.4817997837976511,因毒性/广谱细胞毒性/滥用风险/工具化合物属性，仅保留在补充表，不进入 pre-BBB 主表。,False,,mechanistic_reference_only_excluded_from_main,pending_manual_swissadme,v2 pre-BBB 阶段不使用启发式 BBB；等待 SwissADME 手工复核。,围绕 NFE2L2 lesion-associated transcriptional/stress-adaptation program 的探索性候选线索，不解释为直接抑制或激活 NFE2L2。,True,False,False,True,NFE2L2,工具化合物/高风险或需人工复核类别。 CNS/epilepsy 转化语境不足或需人工核查。,False,0.4711651479870782,0.0276276221675186,0.09,0.16,0.052,0.039,0.1025375258195596,0.0,0.1,0.2,0.18,0.48,0.0,single_signature;tool_or_broad_epigenetic;low_cns_epilepsy_relevance,retained_full_list,supplementary,保留在 supplementary/retained full list；未达到 v2.1 primary 或 supportive 门槛。,retained_full_list,supplementary,0.0,,,,,,,,,,not_reviewed_bbb_pending,,,,,not_reviewed_bbb_pending,0.0,retained_full_list_after_bbb,未进行 v2.1 SwissADME/BBB 复核；保留在 retained/supplementary。,111
acetaminophen,acetaminophen,NFE2L2,0.3441573119894651,0.3441573119894651,NFE2L2:1,NFE2L2_regulon_targets,1,1,NFE2L2_regulon_targets,0.2346590067528161,2.0124572281229413e-08,43.51431354285575,31,acetaminophen CTD 00005295,DSigDB,未自动识别；需人工核实,unknown,0.3,identifier_or_tool_compound_manual_review,0.25,True,v2 自动聚合注释；仅代表 program-guided exploratory clue，不代表治疗推荐。,0.1200146879591759,0.5,1.0,0.8441573119894652,0.44053699134691,因毒性/广谱细胞毒性/滥用风险/工具化合物属性，仅保留在补充表，不进入 pre-BBB 主表。,False,,mechanistic_reference_only_excluded_from_main,pending_manual_swissadme,v2 pre-BBB 阶段不使用启发式 BBB；等待 SwissADME 手工复核。,围绕 NFE2L2 lesion-associated transcriptional/stress-adaptation program 的探索性候选线索，不解释为直接抑制或激活 NFE2L2。,True,False,False,True,NFE2L2,工具化合物/高风险或需人工复核类别。 CNS/epilepsy 转化语境不足或需人工核查。,False,0.464301815030571,0.0240029375918351,0.09,0.16,0.024,0.065,0.1012988774387358,0.0,0.1,0.2,0.18,0.48,0.0,single_signature;tool_or_broad_epigenetic;low_cns_epilepsy_relevance,retained_full_list,supplementary,保留在 supplementary/retained full list；未达到 v2.1 primary 或 supportive 门槛。,retained_full_list,supplementary,0.0,,,,,,,,,,not_reviewed_bbb_pending,,,,,not_reviewed_bbb_pending,0.0,retained_full_list_after_bbb,未进行 v2.1 SwissADME/BBB 复核；保留在 retained/supplementary。,112
Bisphenol A,Bisphenol A,NFE2L2,0.3475115812453377,0.3475115812453377,NFE2L2:1,NFE2L2_regulon_targets,1,1,NFE2L2_regulon_targets,0.2333814297684799,2.629480903092372e-08,57.06493162027592,33,Bisphenol A CTD 00000312,DSigDB,environmental_toxicant,environmental_toxicant,0.65,high_caution_toxic_or_research_chemical,0.05,True,v2 自动聚合注释；仅代表 program-guided exploratory clue，不代表治疗推荐。,0.1249828559258041,0.5,1.0,0.8475115812453378,0.4632957832773683,因毒性/广谱细胞毒性/滥用风险/工具化合物属性，仅保留在补充表，不进入 pre-BBB 主表。,False,,mechanistic_reference_only_excluded_from_main,pending_manual_swissadme,v2 pre-BBB 阶段不使用启发式 BBB；等待 SwissADME 手工复核。,围绕 NFE2L2 lesion-associated transcriptional/stress-adaptation program 的探索性候选线索，不解释为直接抑制或激活 NFE2L2。,True,False,False,True,NFE2L2,工具化合物/高风险或需人工复核类别。 CNS/epilepsy 转化语境不足或需人工核查。,False,0.4416979609346014,0.0249965711851608,0.09,0.16,0.052,0.013,0.1017013897494405,0.0,0.1,0.2,0.18,0.48,0.0,single_signature;tool_or_broad_epigenetic;low_cns_epilepsy_relevance,retained_full_list,supplementary,保留在 supplementary/retained full list；未达到 v2.1 primary 或 supportive 门槛。,retained_full_list,supplementary,0.0,,,,,,,,,,not_reviewed_bbb_pending,,,,,not_reviewed_bbb_pending,0.0,retained_full_list_after_bbb,未进行 v2.1 SwissADME/BBB 复核；保留在 retained/supplementary。,113
podophyllotoxin,podophyllotoxin,NFE2L2,0.3574899760872975,0.3574899760872975,NFE2L2:1,NFE2L2_regulon_targets,1,1,NFE2L2_regulon_targets,0.230131241101709,5.19208409510357e-08,96.2368780061074,36,podophyllotoxin HL60 UP,DSigDB,未自动识别；需人工核实,unknown,0.3,identifier_or_tool_compound_manual_review,0.25,True,v2 自动聚合注释；仅代表 program-guided exploratory clue，不代表治疗推荐。,0.1399403666773599,0.5,1.0,0.8574899760872975,0.4475813080901917,因毒性/广谱细胞毒性/滥用风险/工具化合物属性，仅保留在补充表，不进入 pre-BBB 主表。,False,,mechanistic_reference_only_excluded_from_main,pending_manual_swissadme,v2 pre-BBB 阶段不使用启发式 BBB；等待 SwissADME 手工复核。,围绕 NFE2L2 lesion-associated transcriptional/stress-adaptation program 的探索性候选线索，不解释为直接抑制或激活 NFE2L2。,True,False,False,True,NFE2L2,工具化合物/高风险或需人工复核类别。 CNS/epilepsy 转化语境不足或需人工核查。,False,0.4698868704659477,0.0279880733354719,0.09,0.16,0.024,0.065,0.1028987971304757,0.0,0.1,0.2,0.18,0.48,0.0,single_signature;tool_or_broad_epigenetic;low_cns_epilepsy_relevance,retained_full_list,supplementary,保留在 supplementary/retained full list；未达到 v2.1 primary 或 supportive 门槛。,retained_full_list,supplementary,0.0,,,,,,,,,,not_reviewed_bbb_pending,,,,,not_reviewed_bbb_pending,0.0,retained_full_list_after_bbb,未进行 v2.1 SwissADME/BBB 复核；保留在 retained/supplementary。,114
4-Hydroxytamoxifen,4-Hydroxytamoxifen,NFE2L2,0.3382537471589457,0.3382537471589457,NFE2L2:1,NFE2L2_regulon_targets,1,1,NFE2L2_regulon_targets,0.2183527186237036,6.111059169735387e-07,58.05959044472868,51,4-Hydroxytamoxifen CTD 00000850,DSigDB,未自动识别；需人工核实,unknown,0.3,identifier_or_tool_compound_manual_review,0.25,True,v2 自动聚合注释；仅代表 program-guided exploratory clue，不代表治疗推荐。,0.1052687060595439,0.5,1.0,0.8382537471589457,0.4356409115905788,因毒性/广谱细胞毒性/滥用风险/工具化合物属性，仅保留在补充表，不进入 pre-BBB 主表。,False,,mechanistic_reference_only_excluded_from_main,pending_manual_swissadme,v2 pre-BBB 阶段不使用启发式 BBB；等待 SwissADME 手工复核。,围绕 NFE2L2 lesion-associated transcriptional/stress-adaptation program 的探索性候选线索，不解释为直接抑制或激活 NFE2L2。,True,False,False,True,NFE2L2,工具化合物/高风险或需人工复核类别。 CNS/epilepsy 转化语境不足或需人工核查。,False,0.4606441908709823,0.0210537412119087,0.09,0.16,0.024,0.065,0.1005904496590734,0.0,0.1,0.2,0.18,0.48,0.0,single_signature;tool_or_broad_epigenetic;low_cns_epilepsy_relevance,retained_full_list,supplementary,保留在 supplementary/retained full list；未达到 v2.1 primary 或 supportive 门槛。,retained_full_list,supplementary,0.0,,,,,,,,,,not_reviewed_bbb_pending,,,,,not_reviewed_bbb_pending,0.0,retained_full_list_after_bbb,未进行 v2.1 SwissADME/BBB 复核；保留在 retained/supplementary。,115
zalcitabine,zalcitabine,NFE2L2,0.3353092573538228,0.3353092573538228,NFE2L2:1,NFE2L2_regulon_targets,1,1,NFE2L2_regulon_targets,0.2167343815228014,8.575077294143032e-07,51.83380631754573,54,zalcitabine PC3 DOWN,DSigDB,未自动识别；需人工核实,unknown,0.3,identifier_or_tool_compound_manual_review,0.25,True,v2 自动聚合注释；仅代表 program-guided exploratory clue，不代表治疗推荐。,0.100021227530363,0.5,1.0,0.8353092573538228,0.4338311088474147,因毒性/广谱细胞毒性/滥用风险/工具化合物属性，仅保留在补充表，不进入 pre-BBB 主表。,False,,mechanistic_reference_only_excluded_from_main,pending_manual_swissadme,v2 pre-BBB 阶段不使用启发式 BBB；等待 SwissADME 手工复核。,围绕 NFE2L2 lesion-associated transcriptional/stress-adaptation program 的探索性候选线索，不解释为直接抑制或激活 NFE2L2。,True,False,False,True,NFE2L2,工具化合物/高风险或需人工复核类别。 CNS/epilepsy 转化语境不足或需人工核查。,False,0.4592413563885313,0.0200042455060726,0.09,0.16,0.024,0.065,0.1002371108824587,0.0,0.1,0.2,0.18,0.48,0.0,single_signature;tool_or_broad_epigenetic;low_cns_epilepsy_relevance,retained_full_list,supplementary,保留在 supplementary/retained full list；未达到 v2.1 primary 或 supportive 门槛。,retained_full_list,supplementary,0.0,,,,,,,,,,not_reviewed_bbb_pending,,,,,not_reviewed_bbb_pending,0.0,retained_full_list_after_bbb,未进行 v2.1 SwissADME/BBB 复核；保留在 retained/supplementary。,116
atovaquone,atovaquone,NFE2L2,0.3373365961832881,0.3373365961832881,NFE2L2:1,NFE2L2_core_program,1,1,NFE2L2_core_program,0.2065923537716208,7.16540209254826e-06,79.4124238736978,34,atovaquone MCF7 DOWN,DSigDB,未自动识别；需人工核实,unknown,0.3,identifier_or_tool_compound_manual_review,0.25,True,v2 自动聚合注释；仅代表 program-guided exploratory clue，不代表治疗推荐。,0.0999931513731985,0.5,1.0,0.8373365961832882,0.4339848731066226,因毒性/广谱细胞毒性/滥用风险/工具化合物属性，仅保留在补充表，不进入 pre-BBB 主表。,False,,mechanistic_reference_only_excluded_from_main,pending_manual_swissadme,v2 pre-BBB 阶段不使用启发式 BBB；等待 SwissADME 手工复核。,围绕 NFE2L2 lesion-associated transcriptional/stress-adaptation program 的探索性候选线索，不解释为直接抑制或激活 NFE2L2。,True,False,False,True,NFE2L2,工具化合物/高风险或需人工复核类别。 CNS/epilepsy 转化语境不足或需人工核查。,False,0.4594790218166343,0.0199986302746397,0.09,0.16,0.024,0.065,0.1004803915419945,0.0,0.1,0.2,0.18,0.48,0.0,single_signature;tool_or_broad_epigenetic;low_cns_epilepsy_relevance,retained_full_list,supplementary,保留在 supplementary/retained full list；未达到 v2.1 primary 或 supportive 门槛。,retained_full_list,supplementary,0.0,,,,,,,,,,not_reviewed_bbb_pending,,,,,not_reviewed_bbb_pending,0.0,retained_full_list_after_bbb,未进行 v2.1 SwissADME/BBB 复核；保留在 retained/supplementary。,117
carbamazepine,carbamazepine,NFE2L2,0.3338812384516906,0.3338812384516906,NFE2L2:1,NFE2L2_core_program,1,1,NFE2L2_core_program,0.2056661898924175,8.698358089497906e-06,70.09318511365832,36,carbamazepine CTD 00005574,DSigDB,未自动识别；需人工核实,unknown,0.3,identifier_or_tool_compound_manual_review,0.25,True,v2 自动聚合注释；仅代表 program-guided exploratory clue，不代表治疗推荐。,0.0941499584483974,0.5,1.0,0.8338812384516906,0.4319554866106544,因毒性/广谱细胞毒性/滥用风险/工具化合物属性，仅保留在补充表，不进入 pre-BBB 主表。,False,,mechanistic_reference_only_excluded_from_main,pending_manual_swissadme,v2 pre-BBB 阶段不使用启发式 BBB；等待 SwissADME 手工复核。,围绕 NFE2L2 lesion-associated transcriptional/stress-adaptation program 的探索性候选线索，不解释为直接抑制或激活 NFE2L2。,True,False,False,True,NFE2L2,工具化合物/高风险或需人工复核类别。 CNS/epilepsy 转化语境不足或需人工核查。,False,0.4578957403038823,0.0188299916896794,0.09,0.16,0.024,0.065,0.1000657486142028,0.0,0.1,0.2,0.18,0.48,0.0,single_signature;tool_or_broad_epigenetic;low_cns_epilepsy_relevance,retained_full_list,supplementary,保留在 supplementary/retained full list；未达到 v2.1 primary 或 supportive 门槛。,retained_full_list,supplementary,0.0,,,,,,,,,,not_reviewed_bbb_pending,,,,,not_reviewed_bbb_pending,0.0,retained_full_list_after_bbb,未进行 v2.1 SwissADME/BBB 复核；保留在 retained/supplementary。,118
Irinotecan hydrochloride,Irinotecan hydrochloride,NFE2L2,0.3305625317469455,0.3305625317469455,NFE2L2:1,NFE2L2_core_program,1,1,NFE2L2_core_program,0.2048360533137494,1.0349139576205549e-05,61.01958683196402,37,Irinotecan hydrochloride CTD 00002224,DSigDB,broad_cytotoxic/topoisomerase,broad_cytotoxic/topoisomerase,0.65,oncology_or_broad_cytotoxic_caution,0.15,True,v2 自动聚合注释；仅代表 program-guided exploratory clue，不代表治疗推荐。,0.0885570636749759,0.5,1.0,0.8305625317469456,0.4650121216422485,因毒性/广谱细胞毒性/滥用风险/工具化合物属性，仅保留在补充表，不进入 pre-BBB 主表。,False,,mechanistic_reference_only_excluded_from_main,pending_manual_swissadme,v2 pre-BBB 阶段不使用启发式 BBB；等待 SwissADME 手工复核。,围绕 NFE2L2 lesion-associated transcriptional/stress-adaptation program 的探索性候选线索，不解释为直接抑制或激活 NFE2L2。,True,False,False,True,NFE2L2,工具化合物/高风险或需人工复核类别。 CNS/epilepsy 转化语境不足或需人工核查。,False,0.4583789165446286,0.0177114127349951,0.09,0.16,0.052,0.039,0.0996675038096334,0.0,0.1,0.2,0.18,0.48,0.0,single_signature;tool_or_broad_epigenetic;low_cns_epilepsy_relevance,retained_full_list,supplementary,保留在 supplementary/retained full list；未达到 v2.1 primary 或 supportive 门槛。,retained_full_list,supplementary,0.0,,,,,,,,,,not_reviewed_bbb_pending,,,,,not_reviewed_bbb_pending,0.0,retained_full_list_after_bbb,未进行 v2.1 SwissADME/BBB 复核；保留在 retained/supplementary。,119
luteolin,luteolin,NFE2L2,0.337380547727373,0.337380547727373,NFE2L2:1,NFE2L2_core_program,1,1,NFE2L2_core_program,0.2048360533137494,1.0349139576205549e-05,83.18956111060596,38,luteolin HL60 DOWN,DSigDB,未自动识别；需人工核实,unknown,0.3,identifier_or_tool_compound_manual_review,0.25,True,v2 自动聚合注释；仅代表 program-guided exploratory clue，不代表治疗推荐。,0.0994955549730433,0.5,1.0,0.837380547727373,0.4338391103101028,因毒性/广谱细胞毒性/滥用风险/工具化合物属性，仅保留在补充表，不进入 pre-BBB 主表。,False,,mechanistic_reference_only_excluded_from_main,pending_manual_swissadme,v2 pre-BBB 阶段不使用启发式 BBB；等待 SwissADME 手工复核。,围绕 NFE2L2 lesion-associated transcriptional/stress-adaptation program 的探索性候选线索，不解释为直接抑制或激活 NFE2L2。,True,False,False,True,NFE2L2,工具化合物/高风险或需人工复核类别。 CNS/epilepsy 转化语境不足或需人工核查。,False,0.4593847767218935,0.0198991109946086,0.09,0.16,0.024,0.065,0.1004856657272847,0.0,0.1,0.2,0.18,0.48,0.0,single_signature;tool_or_broad_epigenetic;low_cns_epilepsy_relevance,retained_full_list,supplementary,保留在 supplementary/retained full list；未达到 v2.1 primary 或 supportive 门槛。,retained_full_list,supplementary,0.0,,,,,,,,,,not_reviewed_bbb_pending,,,,,not_reviewed_bbb_pending,0.0,retained_full_list_after_bbb,未进行 v2.1 SwissADME/BBB 复核；保留在 retained/supplementary。,120
chlorzoxazone,chlorzoxazone,NFE2L2,0.3254413268547914,0.3254413268547914,NFE2L2:1,NFE2L2_core_program,1,1,NFE2L2_core_program,0.2048360533137494,1.0349139576205549e-05,44.36709128771109,39,chlorzoxazone HL60 DOWN,DSigDB,未自动识别；需人工核实,unknown,0.3,identifier_or_tool_compound_manual_review,0.25,True,v2 自动聚合注释；仅代表 program-guided exploratory clue，不代表治疗推荐。,0.0803408530780426,0.5,1.0,0.8254413268547913,0.427137562071796,因毒性/广谱细胞毒性/滥用风险/工具化合物属性，仅保留在补充表，不进入 pre-BBB 主表。,False,,mechanistic_reference_only_excluded_from_main,pending_manual_swissadme,v2 pre-BBB 阶段不使用启发式 BBB；等待 SwissADME 手工复核。,围绕 NFE2L2 lesion-associated transcriptional/stress-adaptation program 的探索性候选线索，不解释为直接抑制或激活 NFE2L2。,True,False,False,True,NFE2L2,工具化合物/高风险或需人工复核类别。 CNS/epilepsy 转化语境不足或需人工核查。,False,0.4541211298381835,0.0160681706156085,0.09,0.16,0.024,0.065,0.0990529592225749,0.0,0.1,0.2,0.18,0.48,0.0,single_signature;tool_or_broad_epigenetic;low_cns_epilepsy_relevance,retained_full_list,supplementary,保留在 supplementary/retained full list；未达到 v2.1 primary 或 supportive 门槛。,retained_full_list,supplementary,0.0,,,,,,,,,,not_reviewed_bbb_pending,,,,,not_reviewed_bbb_pending,0.0,retained_full_list_after_bbb,未进行 v2.1 SwissADME/BBB 复核；保留在 retained/supplementary。,121
parthenolide,parthenolide,NFE2L2,0.3388601603688027,0.3388601603688027,NFE2L2:1,NFE2L2_core_program,1,1,NFE2L2_core_program,0.2006990468051321,2.4603434987471232e-05,96.56127316819756,45,parthenolide HL60 DOWN,DSigDB,未自动识别；需人工核实,unknown,0.3,identifier_or_tool_compound_manual_review,0.25,True,v2 自动聚合注释；仅代表 program-guided exploratory clue，不代表治疗推荐。,0.1005311765625255,0.5,1.0,0.8388601603688026,0.4342681657982619,因毒性/广谱细胞毒性/滥用风险/工具化合物属性，仅保留在补充表，不进入 pre-BBB 主表。,False,,mechanistic_reference_only_excluded_from_main,pending_manual_swissadme,v2 pre-BBB 阶段不使用启发式 BBB；等待 SwissADME 手工复核。,围绕 NFE2L2 lesion-associated transcriptional/stress-adaptation program 的探索性候选线索，不解释为直接抑制或激活 NFE2L2。,True,False,False,True,NFE2L2,工具化合物/高风险或需人工复核类别。 CNS/epilepsy 转化语境不足或需人工核查。,False,0.4597694545567614,0.0201062353125051,0.09,0.16,0.024,0.065,0.1006632192442563,0.0,0.1,0.2,0.18,0.48,0.0,single_signature;tool_or_broad_epigenetic;low_cns_epilepsy_relevance,retained_full_list,supplementary,保留在 supplementary/retained full list；未达到 v2.1 primary 或 supportive 门槛。,retained_full_list,supplementary,0.0,,,,,,,,,,not_reviewed_bbb_pending,,,,,not_reviewed_bbb_pending,0.0,retained_full_list_after_bbb,未进行 v2.1 SwissADME/BBB 复核；保留在 retained/supplementary。,122
danazol,danazol,NFE2L2,0.3216457992212895,0.3216457992212895,NFE2L2:1,NFE2L2_core_program,1,1,NFE2L2_core_program,0.200641364964742,2.4902305037986376e-05,40.70511794515639,46,danazol HL60 DOWN,DSigDB,未自动识别；需人工核实,unknown,0.3,identifier_or_tool_compound_manual_review,0.25,True,v2 自动聚合注释；仅代表 program-guided exploratory clue，不代表治疗推荐。,0.0728946393413473,0.5,1.0,0.8216457992212896,0.4246000557401073,因毒性/广谱细胞毒性/滥用风险/工具化合物属性，仅保留在补充表，不进入 pre-BBB 主表。,False,,mechanistic_reference_only_excluded_from_main,pending_manual_swissadme,v2 pre-BBB 阶段不使用启发式 BBB；等待 SwissADME 手工复核。,围绕 NFE2L2 lesion-associated transcriptional/stress-adaptation program 的探索性候选线索，不解释为直接抑制或激活 NFE2L2。,True,False,False,True,NFE2L2,工具化合物/高风险或需人工复核类别。 CNS/epilepsy 转化语境不足或需人工核查。,False,0.4521764237748242,0.0145789278682694,0.09,0.16,0.024,0.065,0.0985974959065547,0.0,0.1,0.2,0.18,0.48,0.0,single_signature;tool_or_broad_epigenetic;low_cns_epilepsy_relevance,retained_full_list,supplementary,保留在 supplementary/retained full list；未达到 v2.1 primary 或 supportive 门槛。,retained_full_list,supplementary,0.0,,,,,,,,,,not_reviewed_bbb_pending,,,,,not_reviewed_bbb_pending,0.0,retained_full_list_after_bbb,未进行 v2.1 SwissADME/BBB 复核；保留在 retained/supplementary。,123
primaquine,primaquine,NFE2L2,0.323424264391373,0.323424264391373,NFE2L2:1,NFE2L2_core_program,1,1,NFE2L2_core_program,0.1979844979838393,4.342830813124115e-05,51.98582574084631,53,primaquine PC3 DOWN,DSigDB,未自动识别；需人工核实,unknown,0.3,identifier_or_tool_compound_manual_review,0.25,True,v2 自动聚合注释；仅代表 program-guided exploratory clue，不代表治疗推荐。,0.0748885057022253,0.5,1.0,0.8234242643913731,0.4253404928619774,因毒性/广谱细胞毒性/滥用风险/工具化合物属性，仅保留在补充表，不进入 pre-BBB 主表。,False,,mechanistic_reference_only_excluded_from_main,pending_manual_swissadme,v2 pre-BBB 阶段不使用启发式 BBB；等待 SwissADME 手工复核。,围绕 NFE2L2 lesion-associated transcriptional/stress-adaptation program 的探索性候选线索，不解释为直接抑制或激活 NFE2L2。,True,False,False,True,NFE2L2,工具化合物/高风险或需人工复核类别。 CNS/epilepsy 转化语境不足或需人工核查。,False,0.4527886128674098,0.014977701140445,0.09,0.16,0.024,0.065,0.0988109117269647,0.0,0.1,0.2,0.18,0.48,0.0,single_signature;tool_or_broad_epigenetic;low_cns_epilepsy_relevance,retained_full_list,supplementary,保留在 supplementary/retained full list；未达到 v2.1 primary 或 supportive 门槛。,retained_full_list,supplementary,0.0,,,,,,,,,,not_reviewed_bbb_pending,,,,,not_reviewed_bbb_pending,0.0,retained_full_list_after_bbb,未进行 v2.1 SwissADME/BBB 复核；保留在 retained/supplementary。,124
atrazine,atrazine,THRB,0.2856133078541347,0.2856133078541347,THRB:1,THRB_core_program,1,1,THRB_core_program,0.1577554643413132,0.1972231028562379,12.280716199541082,26,atrazine CTD 00005450,DSigDB,environmental_toxicant,environmental_toxicant,0.65,high_caution_toxic_or_research_chemical,0.05,True,v2 自动聚合注释；仅代表 program-guided exploratory clue，不代表治疗推荐。,0.0012135804558565,0.5,1.0,0.7856133078541347,0.4212131387650877,因毒性/广谱细胞毒性/滥用风险/工具化合物属性，仅保留在补充表，不进入 pre-BBB 主表。,False,THRB gene set 较小；FDR 较弱但具轴线/机制支持，保留为 manual_review_weak_fdr。,manual_review_weak_fdr,pending_manual_swissadme,v2 pre-BBB 阶段不使用启发式 BBB；等待 SwissADME 手工复核。,围绕 THRB internal_control-associated synaptic/calcium/homeostatic-supportive program 的探索性候选线索，不解释为直接激动 THRB 即治疗。,True,False,True,True,THRB,工具化合物/高风险或需人工复核类别。 THRB weak-FDR 或弱 FDR 手工复核候选。 CNS/epilepsy 转化语境不足或需人工核查。,False,0.4095163130336675,0.0002427160911713,0.09,0.16,0.052,0.013,0.0942735969424961,0.12,0.1,0.2,0.18,0.6000000000000001,0.0,weak_fdr;single_signature;tool_or_broad_epigenetic;low_cns_epilepsy_relevance,retained_full_list,supplementary,保留在 supplementary/retained full list；未达到 v2.1 primary 或 supportive 门槛。,retained_full_list,supplementary,0.0,,,,,,,,,,not_reviewed_bbb_pending,,,,,not_reviewed_bbb_pending,0.0,retained_full_list_after_bbb,未进行 v2.1 SwissADME/BBB 复核；保留在 retained/supplementary。,125
Silica,Silica,THRB,0.2858463200987016,0.2858463200987016,THRB:1,THRB_regulon_targets,1,1,THRB_regulon_targets,0.1568527850876122,0.2382426644538736,14.90626354052444,25,Silica CTD 00006678,DSigDB,environmental_toxicant,environmental_toxicant,0.65,high_caution_toxic_or_research_chemical,0.05,True,v2 自动聚合注释；仅代表 program-guided exploratory clue，不代表治疗推荐。,0.0012954244502519,0.5,1.0,0.7858463200987016,0.4212563329429717,因毒性/广谱细胞毒性/滥用风险/工具化合物属性，仅保留在补充表，不进入 pre-BBB 主表。,False,THRB gene set 较小；FDR 较弱但具轴线/机制支持，保留为 manual_review_weak_fdr。,manual_review_weak_fdr,pending_manual_swissadme,v2 pre-BBB 阶段不使用启发式 BBB；等待 SwissADME 手工复核。,围绕 THRB internal_control-associated synaptic/calcium/homeostatic-supportive program 的探索性候选线索，不解释为直接激动 THRB 即治疗。,True,False,True,True,THRB,工具化合物/高风险或需人工复核类别。 THRB weak-FDR 或弱 FDR 手工复核候选。 CNS/epilepsy 转化语境不足或需人工核查。,False,0.4095606433018945,0.0002590848900503,0.09,0.16,0.052,0.013,0.0943015584118441,0.12,0.1,0.2,0.18,0.6000000000000001,0.0,weak_fdr;single_signature;tool_or_broad_epigenetic;low_cns_epilepsy_relevance,retained_full_list,supplementary,保留在 supplementary/retained full list；未达到 v2.1 primary 或 supportive 门槛。,retained_full_list,supplementary,0.0,,,,,,,,,,not_reviewed_bbb_pending,,,,,not_reviewed_bbb_pending,0.0,retained_full_list_after_bbb,未进行 v2.1 SwissADME/BBB 复核；保留在 retained/supplementary。,126
EXEMESTANE,EXEMESTANE,THRB,0.318257336597783,0.318257336597783,THRB:1,THRB_regulon_targets,1,1,THRB_regulon_targets,0.1568527850876122,0.2382426644538736,120.29636590931148,20,EXEMESTANE CTD 00002383,DSigDB,未自动识别；需人工核实,unknown,0.3,identifier_or_tool_compound_manual_review,0.25,True,v2 自动聚合注释；仅代表 program-guided exploratory clue，不代表治疗推荐。,0.0532940737573916,0.5,1.0,0.818257336597783,0.4184488090550401,因毒性/广谱细胞毒性/滥用风险/工具化合物属性，仅保留在补充表，不进入 pre-BBB 主表。,False,THRB gene set 较小；FDR 较弱但具轴线/机制支持，保留为 manual_review_weak_fdr。,manual_review_weak_fdr,pending_manual_swissadme,v2 pre-BBB 阶段不使用启发式 BBB；等待 SwissADME 手工复核。,围绕 THRB internal_control-associated synaptic/calcium/homeostatic-supportive program 的探索性候选线索，不解释为直接激动 THRB 即治疗。,True,False,True,True,THRB,工具化合物/高风险或需人工复核类别。 THRB weak-FDR 或弱 FDR 手工复核候选。 CNS/epilepsy 转化语境不足或需人工核查。,False,0.4478496951432123,0.0106588147514783,0.09,0.16,0.024,0.065,0.0981908803917339,0.12,0.1,0.2,0.18,0.6000000000000001,0.0,weak_fdr;single_signature;tool_or_broad_epigenetic;low_cns_epilepsy_relevance,retained_full_list,supplementary,保留在 supplementary/retained full list；未达到 v2.1 primary 或 supportive 门槛。,retained_full_list,supplementary,0.0,,,,,,,,,,not_reviewed_bbb_pending,,,,,not_reviewed_bbb_pending,0.0,retained_full_list_after_bbb,未进行 v2.1 SwissADME/BBB 复核；保留在 retained/supplementary。,127
S-(+)-Rolipram,S-(+)-Rolipram,THRB,0.7086705865838903,0.7086705865838903,THRB:2,THRB_core_program;THRB_regulon_targets,2,2,THRB_core_program,0.1589990391098136,0.1520216827430066,735.0172993440868,3,S-(+)-Rolipram TTD 00010743,DSigDB,phosphodiesterase/cAMP,phosphodiesterase/cAMP,1.0,mechanistically_interpretable_modulator,0.75,True,v2 自动聚合注释；仅代表 program-guided exploratory clue，不代表治疗推荐。,0.3594780252162938,1.0,1.0,1.0,0.7728434075648881,,True,THRB gene set 较小；FDR 较弱但具轴线/机制支持，保留为 manual_review_weak_fdr。,manual_review_weak_fdr,pending_manual_swissadme,v2 pre-BBB 阶段不使用启发式 BBB；等待 SwissADME 手工复核。,围绕 THRB internal_control-associated synaptic/calcium/homeostatic-supportive program 的探索性候选线索，不解释为直接激动 THRB 即治疗。,False,False,True,False,THRB,THRB weak-FDR 或弱 FDR 手工复核候选。,True,0.8068956050432587,0.0718956050432587,0.18,0.16,0.08,0.195,0.12,0.12,0.0,0.0,0.0,0.12,0.6868956050432588,weak_fdr,supportive_manual_review_clues,manual_review_weak_fdr,THRB weak-FDR 候选；保留为 supportive/manual-review，不与 NFE2L2 强证据候选混为同一层级。,supportive_manual_review_clues,manual_review_weak_fdr,0.6868956050432588,COC1=C(C=C(C=C1)[C@@H]2CC(=O)NC2)OC3CCCC3,Yes,High,Yes,0.55,0,0,0,2.7,possible CNS-directed clues,0.75,BBB=Yes，但存在 Pgp/Brenk/PAINS 等限制，保守归为 possible CNS-directed。 Pgp substrate=Yes。 Bioavailability Score=0.55。,swissadme_csv_v21_manual_input,2026-04-22,reviewed_in_v21_swissadme,0.6944681324380677,supportive_after_bbb_clues,SwissADME 支持 BBB permeant 但存在 Pgp/Brenk/PAINS 等限制；保留为 possible/supportive。,128
papaverine,papaverine,THRB,0.6678293697275418,0.6678293697275418,THRB:2,THRB_core_program;THRB_regulon_targets,2,2,THRB_core_program,0.1589990391098136,0.1520216827430066,602.2149225510485,7,papaverine TTD 00010035,DSigDB,phosphodiesterase/cAMP,phosphodiesterase/cAMP,1.0,mechanistically_interpretable_modulator,0.75,True,v2 自动聚合注释；仅代表 program-guided exploratory clue，不代表治疗推荐。,0.2939543748657935,1.0,1.0,1.0,0.753186312459738,,True,THRB gene set 较小；FDR 较弱但具轴线/机制支持，保留为 manual_review_weak_fdr。,manual_review_weak_fdr,pending_manual_swissadme,v2 pre-BBB 阶段不使用启发式 BBB；等待 SwissADME 手工复核。,围绕 THRB internal_control-associated synaptic/calcium/homeostatic-supportive program 的探索性候选线索，不解释为直接激动 THRB 即治疗。,False,False,True,False,THRB,THRB weak-FDR 或弱 FDR 手工复核候选。,True,0.7937908749731587,0.0587908749731587,0.18,0.16,0.08,0.195,0.12,0.12,0.0,0.0,0.0,0.12,0.6737908749731587,weak_fdr,supportive_manual_review_clues,manual_review_weak_fdr,THRB weak-FDR 候选；保留为 supportive/manual-review，不与 NFE2L2 强证据候选混为同一层级。,supportive_manual_review_clues,manual_review_weak_fdr,0.6737908749731587,COC1=C(C=C(C=C1)CC2=NC=CC3=CC(=C(C=C32)OC)OC)OC,Yes,High,Yes,0.55,0,0,0,2.62,possible CNS-directed clues,0.75,BBB=Yes，但存在 Pgp/Brenk/PAINS 等限制，保守归为 possible CNS-directed。 Pgp substrate=Yes。 Bioavailability Score=0.55。,swissadme_csv_v21_manual_input,2026-04-22,reviewed_in_v21_swissadme,0.6829359699763796,supportive_after_bbb_clues,SwissADME 支持 BBB permeant 但存在 Pgp/Brenk/PAINS 等限制；保留为 possible/supportive。,129
trichostatin A,trichostatin A,NFE2L2,0.7627814757346018,0.2753398893377261,NFE2L2:2;THRB:2;BHLHE40:1,BHLHE40_supplement_program;NFE2L2_core_program;NFE2L2_regulon_targets;THRB_core_program;THRB_regulon_targets,5,4,NFE2L2_regulon_targets,0.4758874030182371,2.3652249570962733e-30,255.24775114433743,4,trichostatin A CTD 00000660,DSigDB,metabolic/homeostatic; epigenetic/hdac,metabolic/homeostatic,1.0,mechanistically_interpretable_modulator,0.75,True,v2 自动聚合注释；仅代表 program-guided exploratory clue，不代表治疗推荐。,0.5487946952214672,1.0,1.0,0.7753398893377261,0.8116655997134582,,True,,high_priority_prebbb,pending_manual_swissadme,v2 pre-BBB 阶段不使用启发式 BBB；等待 SwissADME 手工复核。,围绕 NFE2L2 lesion-associated transcriptional/stress-adaptation program 的探索性候选线索，不解释为直接抑制或激活 NFE2L2。,False,True,False,False,NFE2L2,HDAC/表观遗传调节倾向，作为机制线索保守后移。,True,0.8177997257648206,0.1097589390442934,0.18,0.16,0.08,0.195,0.0930407867205271,0.0,0.0,0.2,0.0,0.2,0.6177997257648207,tool_or_broad_epigenetic,supportive_manual_review_clues,supportive_prebbb,NFE2L2 候选具一定支持，但因工具/机制/语境标签或排序未进入 primary。,supportive_manual_review_clues,supportive_prebbb,0.6177997257648207,C[C@H](/C=C(\C)/C=C/C(=O)NO)C(=O)C1=CC=C(C=C1)N(C)C,Yes,High,No,0.55,0,4,0,3.44,possible CNS-directed clues,0.75,BBB=Yes，但存在 Pgp/Brenk/PAINS 等限制，保守归为 possible CNS-directed。 Brenk alerts=4。 Bioavailability Score=0.55。,swissadme_csv_v21_manual_input,2026-04-22,reviewed_in_v21_swissadme,0.6336637586730421,supportive_after_bbb_clues,SwissADME 支持 BBB permeant 但存在 Pgp/Brenk/PAINS 等限制；保留为 possible/supportive。,130
